3,0.0,0.0,0.04945054945054945,-0.27472527472527475,0.1813186813186813,-0.510989010989011,0.29120879120879123,-0.7087912087912088,0.2967032967032967,-0.8681318681318682,0.4945054945054945,-0.46153846153846156,0.6538461538461539,-0.7087912087912088,0.7417582417582418,-0.8791208791208791,0.7967032967032966,-1.0,0.5879120879120879,-0.3076923076923077,0.8021978021978022,-0.38461538461538464,0.7692307692307693,-0.35714285714285715,0.6758241758241759,-0.31868131868131866,0.5934065934065934,-0.13736263736263737,0.8021978021978022,-0.14835164835164835,0.7637362637362637,-0.14835164835164835,0.6703296703296703,-0.14285714285714285,0.5659340659340659,0.027472527472527472,0.7417582417582418,0.04945054945054945,0.7307692307692307,0.04945054945054945,0.6813186813186813,0.04945054945054945,0.0,0.0,-0.056818181818181816,-0.3068181818181818,-0.17613636363636365,-0.5340909090909091,-0.2897727272727273,-0.7329545454545454,-0.32386363636363635,-0.9034090909090909,-0.48863636363636365,-0.45454545454545453,-0.6818181818181818,-0.7159090909090909,-0.7840909090909091,-0.8863636363636364,-0.8409090909090909,-1.0,-0.5965909090909091,-0.29545454545454547,-0.9147727272727273,-0.4772727272727273,-0.9034090909090909,-0.5170454545454546,-0.8295454545454546,-0.5113636363636364,-0.625,-0.125,-0.9431818181818182,-0.22727272727272727,-0.9602272727272727,-0.2784090909090909,-0.9261363636363636,-0.29545454545454547,-0.6079545454545454,0.03409090909090909,-0.8693181818181818,0.005681818181818182,-0.8806818181818182,-0.05113636363636364,-0.8579545454545454,-0.07954545454545454
3,0.0,0.0,0.043010752688172046,-0.27956989247311825,0.16666666666666666,-0.510752688172043,0.27956989247311825,-0.7043010752688172,0.2849462365591398,-0.8602150537634409,0.478494623655914,-0.45698924731182794,0.6344086021505376,-0.7096774193548387,0.7204301075268817,-0.8763440860215054,0.7741935483870968,-1.0,0.5698924731182796,-0.3118279569892473,0.7795698924731183,-0.3924731182795699,0.7419354838709677,-0.3655913978494624,0.6612903225806451,-0.3172043010752688,0.5806451612903226,-0.13978494623655913,0.7849462365591398,-0.15591397849462366,0.7473118279569892,-0.15591397849462366,0.6666666666666666,-0.15053763440860216,0.5591397849462365,0.021505376344086023,0.7258064516129032,0.03763440860215054,0.7150537634408602,0.03763440860215054,0.6720430107526881,0.043010752688172046,0.0,0.0,-0.05084745762711865,-0.3050847457627119,-0.1807909604519774,-0.5310734463276836,-0.288135593220339,-0.7288135593220338,-0.3220338983050847,-0.8983050847457628,-0.4858757062146893,-0.4519774011299435,-0.6836158192090396,-0.7175141242937854,-0.7853107344632768,-0.8813559322033898,-0.847457627118644,-1.0,-0.5932203389830508,-0.2937853107344633,-0.9096045197740112,-0.4632768361581921,-0.903954802259887,-0.5141242937853108,-0.8361581920903954,-0.5084745762711864,-0.632768361581921,-0.12429378531073447,-0.9491525423728814,-0.21468926553672316,-0.9887005649717514,-0.2768361581920904,-0.9830508474576272,-0.2937853107344633,-0.6045197740112994,0.03389830508474576,-0.8700564971751412,0.005649717514124294,-0.8926553672316384,-0.04519774011299435,-0.8870056497175142,-0.06779661016949153
3,0.0,0.0,0.05434782608695652,-0.27717391304347827,0.1793478260869565,-0.5108695652173914,0.28804347826086957,-0.7065217391304348,0.29347826086956524,-0.8586956521739131,0.483695652173913,-0.46195652173913043,0.6413043478260869,-0.7065217391304348,0.7336956521739131,-0.875,0.7880434782608695,-1.0,0.5706521739130435,-0.31521739130434784,0.7880434782608695,-0.375,0.7771739130434783,-0.34782608695652173,0.7010869565217391,-0.32065217391304346,0.5760869565217391,-0.14130434782608695,0.7934782608695652,-0.13043478260869565,0.7717391304347826,-0.1358695652173913,0.6956521739130435,-0.1358695652173913,0.5543478260869565,0.02717391304347826,0.7391304347826086,0.05434782608695652,0.7282608695652174,0.04891304347826087,0.6684782608695652,0.03804347826086957,0.0,0.0,-0.05084745762711865,-0.3107344632768362,-0.1751412429378531,-0.5310734463276836,-0.288135593220339,-0.7231638418079096,-0.3220338983050847,-0.8926553672316384,-0.480225988700565,-0.4576271186440678,-0.672316384180791,-0.711864406779661,-0.7740112994350282,-0.8757062146892656,-0.8361581920903954,-1.0,-0.5875706214689266,-0.2994350282485876,-0.8983050847457628,-0.4745762711864407,-0.8757062146892656,-0.5084745762711864,-0.7966101694915254,-0.480225988700565,-0.615819209039548,-0.12994350282485875,-0.9265536723163842,-0.22598870056497175,-0.9378531073446328,-0.2711864406779661,-0.8926553672316384,-0.2768361581920904,-0.5932203389830508,0.03389830508474576,-0.8531073446327684,0.005649717514124294,-0.864406779661017,-0.04519774011299435,-0.8361581920903954,-0.06779661016949153
3,0.0,0.0,0.04864864864864865,-0.2810810810810811,0.1783783783783784,-0.5135135135135135,0.2972972972972973,-0.7027027027027027,0.3081081081081081,-0.8648648648648649,0.4864864864864865,-0.4648648648648649,0.654054054054054,-0.7135135135135136,0.7405405405405405,-0.8756756756756757,0.7891891891891892,-1.0,0.5783783783783784,-0.31891891891891894,0.7945945945945946,-0.3837837837837838,0.7567567567567568,-0.34594594594594597,0.6648648648648648,-0.3027027027027027,0.5891891891891892,-0.14594594594594595,0.7891891891891892,-0.14594594594594595,0.745945945945946,-0.14594594594594595,0.654054054054054,-0.14054054054054055,0.5675675675675675,0.016216216216216217,0.7405405405405405,0.043243243243243246,0.7135135135135136,0.04864864864864865,0.6648648648648648,0.043243243243243246,0.0,0.0,-0.0446927374301676,-0.3016759776536313,-0.16201117318435754,-0.5251396648044693,-0.2737430167597765,-0.7150837988826816,-0.30726256983240224,-0.888268156424581,-0.48044692737430167,-0.4581005586592179,-0.664804469273743,-0.7150837988826816,-0.770949720670391,-0.8770949720670391,-0.8324022346368715,-1.0,-0.5865921787709497,-0.3016759776536313,-0.8994413407821229,-0.4692737430167598,-0.8770949720670391,-0.49162011173184356,-0.7932960893854749,-0.4692737430167598,-0.6201117318435754,-0.1340782122905028,-0.9329608938547486,-0.22346368715083798,-0.9329608938547486,-0.2681564245810056,-0.88268156424581,-0.2737430167597765,-0.6033519553072626,0.027932960893854747,-0.8603351955307262,0.0,-0.8603351955307262,-0.05027932960893855,-0.8212290502793296,-0.07262569832402235
3,0.0,0.0,0.04639175257731959,-0.28350515463917525,0.18041237113402062,-0.5103092783505154,0.29381443298969073,-0.6907216494845361,0.29381443298969073,-0.8350515463917526,0.4639175257731959,-0.4639175257731959,0.6082474226804123,-0.7164948453608248,0.6958762886597938,-0.8762886597938144,0.7474226804123711,-1.0,0.5567010309278351,-0.31443298969072164,0.7731958762886598,-0.3865979381443299,0.8041237113402062,-0.3917525773195876,0.7731958762886598,-0.38144329896907214,0.5618556701030928,-0.15463917525773196,0.7835051546391752,-0.14948453608247422,0.7989690721649485,-0.15979381443298968,0.7577319587628866,-0.17010309278350516,0.5412371134020618,0.005154639175257732,0.711340206185567,0.030927835051546393,0.711340206185567,0.02577319587628866,0.6804123711340206,0.015463917525773196,0.0,0.0,-0.05154639175257732,-0.28865979381443296,-0.17010309278350516,-0.4896907216494845,-0.26804123711340205,-0.6752577319587629,-0.30412371134020616,-0.8298969072164949,-0.4793814432989691,-0.4329896907216495,-0.654639175257732,-0.6752577319587629,-0.7525773195876289,-0.8195876288659794,-0.8144329896907216,-0.9278350515463918,-0.5721649484536082,-0.28350515463917525,-0.845360824742268,-0.4175257731958763,-0.9175257731958762,-0.4690721649484536,-0.9175257731958762,-0.4742268041237113,-0.5927835051546392,-0.11855670103092783,-0.8711340206185567,-0.17525773195876287,-0.9690721649484536,-0.2268041237113402,-1.0,-0.25257731958762886,-0.5618556701030928,0.041237113402061855,-0.7938144329896907,0.02577319587628866,-0.865979381443299,-0.010309278350515464,-0.8917525773195877,-0.030927835051546393
3,0.0,0.0,0.05405405405405406,-0.2747747747747748,0.21621621621621623,-0.509009009009009,0.31981981981981983,-0.6846846846846847,0.3153153153153153,-0.8288288288288288,0.509009009009009,-0.49099099099099097,0.6576576576576577,-0.7252252252252253,0.7567567567567568,-0.8828828828828829,0.8153153153153153,-1.0,0.5945945945945946,-0.34684684684684686,0.8108108108108109,-0.38738738738738737,0.8423423423423423,-0.35135135135135137,0.8333333333333334,-0.31981981981981983,0.6036036036036037,-0.18468468468468469,0.8153153153153153,-0.17567567567567569,0.8558558558558559,-0.16216216216216217,0.8513513513513513,-0.16666666666666666,0.581081081081081,-0.03153153153153153,0.7432432432432432,-0.0045045045045045045,0.7522522522522522,0.0,0.7252252252252253,-0.009009009009009009,0.0,0.0,-0.06435643564356436,-0.31683168316831684,-0.19801980198019803,-0.5396039603960396,-0.30198019801980197,-0.7524752475247525,-0.3118811881188119,-0.9158415841584159,-0.5346534653465347,-0.45544554455445546,-0.7277227722772277,-0.7178217821782178,-0.8118811881188119,-0.8811881188118812,-0.8564356435643564,-1.0,-0.6287128712871287,-0.297029702970297,-0.9108910891089109,-0.46534653465346537,-0.9158415841584159,-0.5099009900990099,-0.8762376237623762,-0.5099009900990099,-0.6386138613861386,-0.12871287128712872,-0.9306930693069307,-0.21782178217821782,-0.9752475247524752,-0.2722772277227723,-0.9752475247524752,-0.29207920792079206,-0.6039603960396039,0.024752475247524754,-0.8514851485148515,0.019801980198019802,-0.900990099009901,-0.019801980198019802,-0.9158415841584159,-0.039603960396039604
3,0.0,0.0,0.06726457399103139,-0.273542600896861,0.23318385650224216,-0.5336322869955157,0.32286995515695066,-0.7309417040358744,0.29596412556053814,-0.8834080717488789,0.5381165919282511,-0.5022421524663677,0.6905829596412556,-0.726457399103139,0.7847533632286996,-0.8789237668161435,0.8475336322869955,-1.0,0.6188340807174888,-0.34977578475336324,0.8654708520179372,-0.39461883408071746,0.9596412556053812,-0.38565022421524664,1.0,-0.36771300448430494,0.6278026905829597,-0.17937219730941703,0.8565022421524664,-0.16143497757847533,0.9327354260089686,-0.15695067264573992,0.9641255605381166,-0.16143497757847533,0.600896860986547,-0.013452914798206279,0.7757847533632287,0.013452914798206279,0.7847533632286996,0.02242152466367713,0.7668161434977578,0.013452914798206279,0.0,0.0,-0.057692307692307696,-0.3173076923076923,-0.1971153846153846,-0.5480769230769231,-0.2932692307692308,-0.75,-0.30288461538461536,-0.9086538461538461,-0.5336538461538461,-0.46634615384615385,-0.7163461538461539,-0.7211538461538461,-0.8028846153846154,-0.8798076923076923,-0.8557692307692307,-1.0,-0.6298076923076923,-0.30288461538461536,-0.9134615384615384,-0.4567307692307692,-0.9278846153846154,-0.5144230769230769,-0.8846153846153846,-0.5240384615384616,-0.6442307692307693,-0.12980769230769232,-0.9375,-0.21634615384615385,-0.9711538461538461,-0.27403846153846156,-0.9615384615384616,-0.2980769230769231,-0.6105769230769231,0.028846153846153848,-0.8557692307692307,0.014423076923076924,-0.8846153846153846,-0.028846153846153848,-0.8701923076923077,-0.04807692307692308
3,0.0,0.0,0.06481481481481481,-0.2638888888888889,0.2222222222222222,-0.5185185185185185,0.3101851851851852,-0.7083333333333334,0.3194444444444444,-0.8657407407407407,0.5462962962962963,-0.48148148148148145,0.7037037037037037,-0.7083333333333334,0.8055555555555556,-0.8703703703703703,0.8703703703703703,-1.0,0.6342592592592593,-0.3333333333333333,0.8657407407407407,-0.3888888888888889,0.9398148148148148,-0.375,0.9814814814814815,-0.35648148148148145,0.6481481481481481,-0.16666666666666666,0.8657407407407407,-0.14351851851851852,0.9305555555555556,-0.125,0.9768518518518519,-0.12037037037037036,0.625,0.004629629629629629,0.7824074074074074,0.05092592592592592,0.7870370370370371,0.06018518518518518,0.7824074074074074,0.05555555555555555,0.0,0.0,-0.05116279069767442,-0.28837209302325584,-0.1813953488372093,-0.5069767441860465,-0.2651162790697674,-0.6883720930232559,-0.2651162790697674,-0.8418604651162791,-0.4930232558139535,-0.4372093023255814,-0.6697674418604651,-0.6790697674418604,-0.7674418604651163,-0.8418604651162791,-0.8186046511627907,-0.9534883720930233,-0.586046511627907,-0.2930232558139535,-0.8651162790697674,-0.4558139534883721,-0.9162790697674419,-0.48372093023255813,-0.8976744186046511,-0.4697674418604651,-0.6093023255813953,-0.12558139534883722,-0.8837209302325582,-0.2,-0.9674418604651163,-0.22790697674418606,-1.0,-0.22790697674418606,-0.586046511627907,0.037209302325581395,-0.8186046511627907,0.018604651162790697,-0.8837209302325582,-0.009302325581395349,-0.9162790697674419,-0.018604651162790697
3,0.0,0.0,0.05668016194331984,-0.27125506072874495,0.20242914979757085,-0.5060728744939271,0.29959514170040485,-0.680161943319838,0.3360323886639676,-0.8218623481781376,0.5101214574898786,-0.4534412955465587,0.6639676113360324,-0.680161943319838,0.757085020242915,-0.8380566801619433,0.8218623481781376,-0.9554655870445344,0.5870445344129555,-0.3076923076923077,0.805668016194332,-0.3522267206477733,0.902834008097166,-0.3562753036437247,0.9473684210526315,-0.3481781376518219,0.5910931174089069,-0.15384615384615385,0.8137651821862348,-0.13765182186234817,0.9311740890688259,-0.1214574898785425,1.0,-0.11336032388663968,0.5587044534412956,-0.008097165991902834,0.728744939271255,0.020242914979757085,0.757085020242915,0.03643724696356275,0.757085020242915,0.04048582995951417,0.0,0.0,-0.043668122270742356,-0.3056768558951965,-0.19213973799126638,-0.5283842794759825,-0.2794759825327511,-0.7248908296943232,-0.2576419213973799,-0.8733624454148472,-0.5065502183406113,-0.462882096069869,-0.6855895196506551,-0.7248908296943232,-0.7641921397379913,-0.8820960698689956,-0.8034934497816594,-1.0,-0.6026200873362445,-0.31004366812227074,-0.8951965065502183,-0.48034934497816595,-0.8995633187772926,-0.5283842794759825,-0.8384279475982532,-0.5240174672489083,-0.6244541484716157,-0.14410480349344978,-0.9170305676855895,-0.23580786026200873,-0.9650655021834061,-0.2838427947598253,-0.9650655021834061,-0.30131004366812225,-0.5938864628820961,0.008733624454148471,-0.8384279475982532,-0.013100436681222707,-0.8908296943231441,-0.048034934497816595,-0.9126637554585153,-0.0611353711790393
3,0.0,0.0,0.05829596412556054,-0.2645739910313901,0.21076233183856502,-0.48878923766816146,0.32286995515695066,-0.6547085201793722,0.36771300448430494,-0.7937219730941704,0.515695067264574,-0.4349775784753363,0.6681614349775785,-0.6591928251121076,0.7668161434977578,-0.8161434977578476,0.8340807174887892,-0.9327354260089686,0.5919282511210763,-0.2914798206278027,0.8161434977578476,-0.3273542600896861,0.9013452914798207,-0.3094170403587444,0.9417040358744395,-0.2914798206278027,0.5919282511210763,-0.13452914798206278,0.8116591928251121,-0.10762331838565023,0.9237668161434978,-0.08968609865470852,1.0,-0.08071748878923767,0.5605381165919282,0.013452914798206279,0.7219730941704036,0.04932735426008968,0.7488789237668162,0.05829596412556054,0.7533632286995515,0.04932735426008968,0.0,0.0,-0.05339805825242718,-0.2961165048543689,-0.1796116504854369,-0.5048543689320388,-0.2766990291262136,-0.6990291262135923,-0.28640776699029125,-0.8640776699029126,-0.5,-0.4368932038834951,-0.6699029126213593,-0.7135922330097088,-0.7427184466019418,-0.883495145631068,-0.7815533980582524,-1.0,-0.6019417475728155,-0.28640776699029125,-0.8932038834951457,-0.4563106796116505,-0.8640776699029126,-0.48058252427184467,-0.7912621359223301,-0.46601941747572817,-0.6262135922330098,-0.12135922330097088,-0.9077669902912622,-0.21359223300970873,-0.8883495145631068,-0.2621359223300971,-0.8252427184466019,-0.27184466019417475,-0.5970873786407767,0.02912621359223301,-0.8446601941747572,0.009708737864077669,-0.8640776699029126,-0.03398058252427184,-0.8446601941747572,-0.05825242718446602
3,0.0,0.0,0.056768558951965066,-0.2838427947598253,0.22707423580786026,-0.519650655021834,0.3537117903930131,-0.7074235807860262,0.3799126637554585,-0.8646288209606987,0.5502183406113537,-0.4672489082969432,0.7205240174672489,-0.7074235807860262,0.8253275109170306,-0.8777292576419214,0.8951965065502183,-1.0,0.6331877729257642,-0.31004366812227074,0.868995633187773,-0.3318777292576419,0.8995633187772926,-0.28820960698689957,0.8820960698689956,-0.24890829694323144,0.62882096069869,-0.14410480349344978,0.8558951965065502,-0.11353711790393013,0.8995633187772926,-0.08733624454148471,0.8820960698689956,-0.07423580786026202,0.5982532751091703,0.013100436681222707,0.777292576419214,0.056768558951965066,0.8034934497816594,0.06986899563318777,0.7947598253275109,0.07860262008733625,0.0,0.0,-0.057777777777777775,-0.28888888888888886,-0.2,-0.49777777777777776,-0.29333333333333333,-0.7022222222222222,-0.29777777777777775,-0.8755555555555555,-0.49333333333333335,-0.4266666666666667,-0.6577777777777778,-0.7066666666666667,-0.7466666666666667,-0.8755555555555555,-0.7955555555555556,-1.0,-0.5866666666666667,-0.28,-0.8933333333333333,-0.4444444444444444,-0.8755555555555555,-0.4622222222222222,-0.7911111111111111,-0.4444444444444444,-0.6088888888888889,-0.12,-0.9155555555555556,-0.2,-0.9022222222222223,-0.24,-0.8311111111111111,-0.25333333333333335,-0.5777777777777777,0.04,-0.8266666666666667,0.035555555555555556,-0.8355555555555556,-0.013333333333333334,-0.7866666666666666,-0.04888888888888889
3,0.0,0.0,0.04797047970479705,-0.2693726937269373,0.2066420664206642,-0.5092250922509225,0.3173431734317343,-0.6826568265682657,0.33210332103321033,-0.8302583025830258,0.5092250922509225,-0.4833948339483395,0.6605166051660517,-0.7084870848708487,0.7453874538745388,-0.8597785977859779,0.8081180811808119,-0.9704797047970479,0.5904059040590406,-0.33948339483394835,0.8228782287822878,-0.3726937269372694,0.8966789667896679,-0.34317343173431736,0.9188191881918819,-0.3173431734317343,0.5940959409594095,-0.18450184501845018,0.8265682656826568,-0.15867158671586715,0.9372693726937269,-0.14391143911439114,1.0,-0.14760147601476015,0.5608856088560885,-0.04059040590405904,0.7269372693726938,0.0,0.7785977859778598,0.02214022140221402,0.8007380073800738,0.02214022140221402,0.0,0.0,-0.06072874493927125,-0.29554655870445345,-0.20647773279352227,-0.5060728744939271,-0.29554655870445345,-0.708502024291498,-0.2793522267206478,-0.8825910931174089,-0.4817813765182186,-0.43724696356275305,-0.6558704453441295,-0.708502024291498,-0.7530364372469636,-0.8785425101214575,-0.805668016194332,-1.0,-0.5789473684210527,-0.291497975708502,-0.8906882591093117,-0.44129554655870445,-0.854251012145749,-0.4574898785425101,-0.7530364372469636,-0.43724696356275305,-0.6032388663967612,-0.13360323886639677,-0.8987854251012146,-0.19838056680161945,-0.854251012145749,-0.23481781376518218,-0.7530364372469636,-0.24696356275303644,-0.5748987854251012,0.016194331983805668,-0.8097165991902834,0.024291497975708502,-0.805668016194332,-0.008097165991902834,-0.7530364372469636,-0.03643724696356275
3,0.0,0.0,0.0502092050209205,-0.27615062761506276,0.20502092050209206,-0.5104602510460251,0.32217573221757323,-0.6820083682008368,0.3472803347280335,-0.8242677824267782,0.49372384937238495,-0.4811715481171548,0.6485355648535565,-0.7238493723849372,0.7405857740585774,-0.8828451882845189,0.7949790794979079,-1.0,0.5857740585774058,-0.3263598326359833,0.8200836820083682,-0.4476987447698745,0.8410041841004184,-0.4393305439330544,0.8242677824267782,-0.4100418410041841,0.602510460251046,-0.16736401673640167,0.8368200836820083,-0.200836820083682,0.8702928870292888,-0.19246861924686193,0.8744769874476988,-0.18410041841004185,0.5815899581589958,-0.016736401673640166,0.7698744769874477,0.0,0.7698744769874477,0.0041841004184100415,0.7322175732217573,0.0,0.0,0.0,-0.04782608695652174,-0.2826086956521739,-0.1956521739130435,-0.5,-0.2956521739130435,-0.6826086956521739,-0.29130434782608694,-0.8391304347826087,-0.4782608695652174,-0.4652173913043478,-0.6391304347826087,-0.7130434782608696,-0.7260869565217392,-0.8782608695652174,-0.7739130434782608,-1.0,-0.5695652173913044,-0.3217391304347826,-0.8521739130434782,-0.48695652173913045,-0.782608695652174,-0.4826086956521739,-0.6652173913043479,-0.4391304347826087,-0.6,-0.16956521739130434,-0.8608695652173913,-0.24347826086956523,-0.808695652173913,-0.25217391304347825,-0.717391304347826,-0.23478260869565218,-0.5826086956521739,-0.02608695652173913,-0.8,-0.034782608695652174,-0.7956521739130434,-0.05652173913043478,-0.7434782608695653,-0.05652173913043478
3,0.0,0.0,0.06956521739130435,-0.2782608695652174,0.2217391304347826,-0.4956521739130435,0.3391304347826087,-0.6565217391304348,0.3782608695652174,-0.8,0.4956521739130435,-0.4391304347826087,0.6652173913043479,-0.6782608695652174,0.7652173913043478,-0.8260869565217391,0.8391304347826087,-0.9478260869565217,0.5695652173913044,-0.2956521739130435,0.8217391304347826,-0.3739130434782609,0.9304347826086956,-0.3826086956521739,0.9869565217391304,-0.3826086956521739,0.5739130434782609,-0.1391304347826087,0.8173913043478261,-0.12173913043478261,0.9304347826086956,-0.11304347826086956,1.0,-0.12173913043478261,0.5347826086956522,0.008695652173913044,0.7260869565217392,0.05217391304347826,0.7695652173913043,0.05652173913043478,0.7869565217391304,0.04782608695652174,0.0,0.0,-0.05581395348837209,-0.29767441860465116,-0.19534883720930232,-0.5162790697674419,-0.2930232558139535,-0.7116279069767442,-0.29767441860465116,-0.8790697674418605,-0.48372093023255813,-0.48372093023255813,-0.6511627906976745,-0.7348837209302326,-0.7441860465116279,-0.8883720930232558,-0.7906976744186046,-1.0,-0.5767441860465117,-0.34418604651162793,-0.8837209302325582,-0.5162790697674419,-0.9023255813953488,-0.5395348837209303,-0.8418604651162791,-0.5116279069767442,-0.6046511627906976,-0.1813953488372093,-0.8930232558139535,-0.2651162790697674,-0.8790697674418605,-0.29767441860465116,-0.8,-0.2930232558139535,-0.5767441860465117,-0.023255813953488372,-0.8186046511627907,-0.027906976744186046,-0.8232558139534883,-0.06046511627906977,-0.772093023255814,-0.08372093023255814
3,0.0,0.0,0.03619909502262444,-0.2669683257918552,0.17194570135746606,-0.502262443438914,0.27601809954751133,-0.6832579185520362,0.3167420814479638,-0.832579185520362,0.4796380090497738,-0.4796380090497738,0.6244343891402715,-0.7285067873303167,0.6877828054298643,-0.8823529411764706,0.7239819004524887,-1.0,0.579185520361991,-0.3393665158371041,0.751131221719457,-0.46153846153846156,0.7058823529411765,-0.4660633484162896,0.6380090497737556,-0.45248868778280543,0.5927601809954751,-0.17647058823529413,0.7647058823529411,-0.22624434389140272,0.7330316742081447,-0.24434389140271492,0.6742081447963801,-0.24434389140271492,0.5701357466063348,-0.03167420814479638,0.6923076923076923,-0.03619909502262444,0.6425339366515838,-0.058823529411764705,0.579185520361991,-0.06334841628959276,0.0,0.0,-0.03431372549019608,-0.30392156862745096,-0.14215686274509803,-0.5196078431372549,-0.23529411764705882,-0.7254901960784313,-0.2696078431372549,-0.8774509803921569,-0.45588235294117646,-0.4852941176470588,-0.6372549019607843,-0.7450980392156863,-0.7156862745098039,-0.8921568627450981,-0.7647058823529411,-1.0,-0.5490196078431373,-0.3382352941176471,-0.8382352941176471,-0.5147058823529411,-0.7892156862745098,-0.5196078431372549,-0.6862745098039216,-0.4803921568627451,-0.5833333333333334,-0.17647058823529413,-0.8431372549019608,-0.2647058823529412,-0.7990196078431373,-0.27450980392156865,-0.7156862745098039,-0.2647058823529412,-0.5686274509803921,-0.029411764705882353,-0.7990196078431373,-0.04411764705882353,-0.7941176470588235,-0.06372549019607843,-0.75,-0.058823529411764705
3,0.0,0.0,0.0673076923076923,-0.27403846153846156,0.22115384615384615,-0.5144230769230769,0.33653846153846156,-0.6826923076923077,0.3798076923076923,-0.8269230769230769,0.5,-0.4519230769230769,0.6634615384615384,-0.6923076923076923,0.7596153846153846,-0.8509615384615384,0.8173076923076923,-0.9759615384615384,0.5817307692307693,-0.3076923076923077,0.8317307692307693,-0.3894230769230769,0.9230769230769231,-0.40865384615384615,0.9615384615384616,-0.41346153846153844,0.5817307692307693,-0.14903846153846154,0.8317307692307693,-0.1346153846153846,0.9375,-0.13942307692307693,1.0,-0.15384615384615385,0.5384615384615384,0.009615384615384616,0.6971153846153846,0.08173076923076923,0.75,0.08173076923076923,0.7740384615384616,0.0673076923076923,0.0,0.0,-0.041025641025641026,-0.29743589743589743,-0.1641025641025641,-0.517948717948718,-0.26666666666666666,-0.7230769230769231,-0.29743589743589743,-0.8871794871794871,-0.4717948717948718,-0.48717948717948717,-0.6564102564102564,-0.7435897435897436,-0.7487179487179487,-0.8974358974358975,-0.8,-1.0,-0.5743589743589743,-0.3333333333333333,-0.8769230769230769,-0.49230769230769234,-0.8923076923076924,-0.5282051282051282,-0.8358974358974359,-0.517948717948718,-0.6051282051282051,-0.15897435897435896,-0.9179487179487179,-0.22564102564102564,-0.9487179487179487,-0.2717948717948718,-0.9128205128205128,-0.29743589743589743,-0.5897435897435898,0.010256410256410256,-0.841025641025641,0.010256410256410256,-0.8564102564102564,-0.03076923076923077,-0.8256410256410256,-0.07179487179487179
3,0.0,0.0,0.08040201005025126,-0.271356783919598,0.23618090452261306,-0.4623115577889447,0.40703517587939697,-0.5628140703517588,0.5577889447236181,-0.6180904522613065,0.5376884422110553,-0.4221105527638191,0.6984924623115578,-0.6532663316582915,0.8040201005025126,-0.8090452261306532,0.8693467336683417,-0.9195979899497487,0.6180904522613065,-0.271356783919598,0.864321608040201,-0.3165829145728643,0.9195979899497487,-0.2864321608040201,0.9246231155778895,-0.25125628140703515,0.6180904522613065,-0.11055276381909548,0.8693467336683417,-0.08040201005025126,0.9597989949748744,-0.05527638190954774,1.0,-0.05025125628140704,0.5728643216080402,0.05025125628140704,0.7738693467336684,0.10050251256281408,0.8040201005025126,0.11055276381909548,0.7989949748743719,0.09547738693467336,0.0,0.0,-0.05263157894736842,-0.30994152046783624,-0.1871345029239766,-0.5263157894736842,-0.3742690058479532,-0.6432748538011696,-0.543859649122807,-0.6491228070175439,-0.5380116959064327,-0.47368421052631576,-0.7368421052631579,-0.7134502923976608,-0.8304093567251462,-0.8713450292397661,-0.8830409356725146,-0.9766081871345029,-0.631578947368421,-0.3157894736842105,-0.9707602339181286,-0.47953216374269003,-1.0,-0.5087719298245614,-0.9473684210526315,-0.4853801169590643,-0.6491228070175439,-0.1286549707602339,-0.9883040935672515,-0.19883040935672514,-0.9707602339181286,-0.2222222222222222,-0.8888888888888888,-0.2222222222222222,-0.6198830409356725,0.06432748538011696,-0.9181286549707602,0.06432748538011696,-0.9122807017543859,0.023391812865497075,-0.8362573099415205,-0.005847953216374269
3,0.0,0.0,0.08379888268156424,-0.3128491620111732,0.2681564245810056,-0.5083798882681564,0.46368715083798884,-0.6089385474860335,0.6256983240223464,-0.6759776536312849,0.5810055865921788,-0.4692737430167598,0.770949720670391,-0.7039106145251397,0.88268156424581,-0.8715083798882681,0.9441340782122905,-1.0,0.664804469273743,-0.30726256983240224,0.9441340782122905,-0.3463687150837989,0.9497206703910615,-0.29608938547486036,0.8994413407821229,-0.25139664804469275,0.6703910614525139,-0.12849162011173185,0.9441340782122905,-0.09497206703910614,0.9608938547486033,-0.061452513966480445,0.9273743016759777,-0.05027932960893855,0.6312849162011173,0.05027932960893855,0.8603351955307262,0.11173184357541899,0.8770949720670391,0.12290502793296089,0.8491620111731844,0.11731843575418995,0.0,0.0,-0.05813953488372093,-0.313953488372093,-0.19767441860465115,-0.5232558139534884,-0.3953488372093023,-0.6104651162790697,-0.5523255813953488,-0.6337209302325582,-0.5406976744186046,-0.4883720930232558,-0.75,-0.7325581395348837,-0.8488372093023255,-0.8895348837209303,-0.9069767441860465,-1.0,-0.6337209302325582,-0.3313953488372093,-0.9883720930232558,-0.5,-0.9709302325581395,-0.4941860465116279,-0.8662790697674418,-0.45348837209302323,-0.6569767441860465,-0.1569767441860465,-0.9941860465116279,-0.22674418604651161,-0.9593023255813954,-0.23255813953488372,-0.8662790697674418,-0.22674418604651161,-0.622093023255814,0.029069767441860465,-0.9186046511627907,0.040697674418604654,-0.9186046511627907,0.011627906976744186,-0.8662790697674418,-0.01744186046511628
3,0.0,0.0,0.05405405405405406,-0.2864864864864865,0.22162162162162163,-0.5027027027027027,0.3945945945945946,-0.6378378378378379,0.4540540540540541,-0.7837837837837838,0.5405405405405406,-0.4594594594594595,0.7135135135135136,-0.6918918918918919,0.8324324324324325,-0.8648648648648649,0.9027027027027027,-0.9945945945945946,0.6378378378378379,-0.3027027027027027,0.9081081081081082,-0.3567567567567568,0.9837837837837838,-0.32972972972972975,1.0,-0.2864864864864865,0.6378378378378379,-0.12972972972972974,0.9081081081081082,-0.0918918918918919,0.9513513513513514,-0.05945945945945946,0.9513513513513514,-0.03783783783783784,0.6,0.043243243243243246,0.8054054054054054,0.11351351351351352,0.8324324324324325,0.12972972972972974,0.8216216216216217,0.12972972972972974,0.0,0.0,-0.03723404255319149,-0.2872340425531915,-0.1702127659574468,-0.48936170212765956,-0.30851063829787234,-0.648936170212766,-0.3617021276595745,-0.8031914893617021,-0.46808510638297873,-0.4574468085106383,-0.648936170212766,-0.7127659574468085,-0.7393617021276596,-0.8723404255319149,-0.7872340425531915,-1.0,-0.5638297872340425,-0.324468085106383,-0.8723404255319149,-0.4787234042553192,-0.8617021276595744,-0.4574468085106383,-0.7819148936170213,-0.4095744680851064,-0.5957446808510638,-0.1595744680851064,-0.8829787234042553,-0.21808510638297873,-0.8297872340425532,-0.2074468085106383,-0.7287234042553191,-0.18617021276595744,-0.574468085106383,0.02127659574468085,-0.8297872340425532,0.015957446808510637,-0.8138297872340425,0.005319148936170213,-0.7340425531914894,0.0
3,0.0,0.0,0.05670103092783505,-0.27835051546391754,0.20103092783505155,-0.5,0.32989690721649484,-0.6597938144329897,0.4072164948453608,-0.7938144329896907,0.520618556701031,-0.4381443298969072,0.6907216494845361,-0.6804123711340206,0.8041237113402062,-0.8350515463917526,0.8814432989690721,-0.9432989690721649,0.6030927835051546,-0.27835051546391754,0.845360824742268,-0.3402061855670103,0.9123711340206185,-0.32989690721649484,0.9432989690721649,-0.30412371134020616,0.5979381443298969,-0.10309278350515463,0.8402061855670103,-0.09278350515463918,0.9278350515463918,-0.07731958762886598,1.0,-0.07731958762886598,0.5567010309278351,0.05154639175257732,0.7371134020618557,0.09278350515463918,0.7835051546391752,0.10309278350515463,0.8144329896907216,0.10824742268041238,0.0,0.0,-0.053763440860215055,-0.3064516129032258,-0.1881720430107527,-0.5161290322580645,-0.3279569892473118,-0.6935483870967742,-0.41397849462365593,-0.8440860215053764,-0.5,-0.4731182795698925,-0.6774193548387096,-0.7311827956989247,-0.7634408602150538,-0.8924731182795699,-0.8172043010752689,-1.0,-0.5967741935483871,-0.3225806451612903,-0.9086021505376344,-0.489247311827957,-0.8978494623655914,-0.489247311827957,-0.8064516129032258,-0.45161290322580644,-0.6236559139784946,-0.15053763440860216,-0.9193548387096774,-0.22580645161290322,-0.8709677419354839,-0.23655913978494625,-0.7741935483870968,-0.24193548387096775,-0.5967741935483871,0.016129032258064516,-0.8440860215053764,0.016129032258064516,-0.8440860215053764,-0.010752688172043012,-0.7795698924731183,-0.043010752688172046
3,0.0,0.0,0.07567567567567568,-0.2864864864864865,0.23783783783783785,-0.5027027027027027,0.3945945945945946,-0.654054054054054,0.5243243243243243,-0.7783783783783784,0.5567567567567567,-0.4594594594594595,0.7405405405405405,-0.7027027027027027,0.8540540540540541,-0.8756756756756757,0.918918918918919,-1.0,0.6324324324324324,-0.3027027027027027,0.9135135135135135,-0.35135135135135137,0.9621621621621622,-0.3027027027027027,0.9459459459459459,-0.24864864864864866,0.6378378378378379,-0.12432432432432433,0.9027027027027027,-0.0918918918918919,0.8972972972972973,-0.05945945945945946,0.8432432432432433,-0.03783783783783784,0.5945945945945946,0.05945945945945946,0.8216216216216217,0.12432432432432433,0.8486486486486486,0.13513513513513514,0.8216216216216217,0.14054054054054055,0.0,0.0,-0.06282722513089005,-0.2774869109947644,-0.193717277486911,-0.4816753926701571,-0.33507853403141363,-0.6282722513089005,-0.44502617801047123,-0.7539267015706806,-0.4973821989528796,-0.44502617801047123,-0.6701570680628273,-0.680628272251309,-0.7643979057591623,-0.8429319371727748,-0.8167539267015707,-0.9528795811518325,-0.5863874345549738,-0.2931937172774869,-0.9109947643979057,-0.4293193717277487,-0.9947643979057592,-0.4712041884816754,-1.0,-0.46596858638743455,-0.6020942408376964,-0.12041884816753927,-0.9057591623036649,-0.17801047120418848,-0.9476439790575916,-0.2198952879581152,-0.9214659685863874,-0.2356020942408377,-0.5706806282722513,0.05759162303664921,-0.837696335078534,0.05235602094240838,-0.8586387434554974,0.015706806282722512,-0.8167539267015707,-0.010471204188481676
3,0.0,0.0,0.07291666666666667,-0.2916666666666667,0.234375,-0.5052083333333334,0.40625,-0.640625,0.546875,-0.75,0.5416666666666666,-0.4583333333333333,0.7291666666666666,-0.6979166666666666,0.84375,-0.8645833333333334,0.9166666666666666,-1.0,0.625,-0.296875,0.890625,-0.3541666666666667,0.9479166666666666,-0.3125,0.9583333333333334,-0.265625,0.625,-0.11979166666666667,0.890625,-0.109375,0.9479166666666666,-0.078125,0.9635416666666666,-0.06770833333333333,0.5885416666666666,0.046875,0.8020833333333334,0.08854166666666667,0.8385416666666666,0.109375,0.84375,0.11458333333333333,0.0,0.0,-0.07462686567164178,-0.27860696517412936,-0.20398009950248755,-0.46766169154228854,-0.3482587064676617,-0.6119402985074627,-0.4975124378109453,-0.6965174129353234,-0.4925373134328358,-0.43781094527363185,-0.6666666666666666,-0.6716417910447762,-0.7512437810945274,-0.8208955223880597,-0.7960199004975125,-0.9203980099502488,-0.572139303482587,-0.29850746268656714,-0.8756218905472637,-0.4228855721393035,-0.9850746268656716,-0.4626865671641791,-1.0,-0.4527363184079602,-0.5870646766169154,-0.12935323383084577,-0.8855721393034826,-0.18407960199004975,-0.9701492537313433,-0.21890547263681592,-0.9900497512437811,-0.23383084577114427,-0.5522388059701493,0.03980099502487562,-0.8109452736318408,0.04477611940298507,-0.8706467661691543,0.01990049751243781,-0.8805970149253731,-0.009950248756218905
3,0.0,0.0,0.05670103092783505,-0.30412371134020616,0.211340206185567,-0.5257731958762887,0.4020618556701031,-0.6494845360824743,0.5515463917525774,-0.7474226804123711,0.5618556701030928,-0.4793814432989691,0.7371134020618557,-0.7164948453608248,0.8402061855670103,-0.8814432989690721,0.9123711340206185,-1.0,0.6391752577319587,-0.30927835051546393,0.8865979381443299,-0.36597938144329895,0.8969072164948454,-0.32989690721649484,0.8608247422680413,-0.28865979381443296,0.634020618556701,-0.12886597938144329,0.8865979381443299,-0.12371134020618557,0.9432989690721649,-0.1134020618556701,0.9123711340206185,-0.10309278350515463,0.5979381443298969,0.041237113402061855,0.8041237113402062,0.05670103092783505,0.8144329896907216,0.061855670103092786,0.7938144329896907,0.05670103092783505,0.0,0.0,-0.06451612903225806,-0.3064516129032258,-0.1935483870967742,-0.5161290322580645,-0.34946236559139787,-0.6559139784946236,-0.5053763440860215,-0.7150537634408602,-0.510752688172043,-0.46774193548387094,-0.6935483870967742,-0.7258064516129032,-0.7741935483870968,-0.8870967741935484,-0.8279569892473119,-1.0,-0.6021505376344086,-0.3118279569892473,-0.9301075268817204,-0.46774193548387094,-0.9516129032258065,-0.5053763440860215,-0.9032258064516129,-0.4946236559139785,-0.6290322580645161,-0.13440860215053763,-0.946236559139785,-0.1989247311827957,-0.956989247311828,-0.24731182795698925,-0.8978494623655914,-0.26881720430107525,-0.5967741935483871,0.03763440860215054,-0.8709677419354839,0.03225806451612903,-0.8817204301075269,-0.010752688172043012,-0.8333333333333334,-0.053763440860215055
3,0.0,0.0,0.05789473684210526,-0.30526315789473685,0.20526315789473684,-0.5263157894736842,0.39473684210526316,-0.6578947368421053,0.5578947368421052,-0.7368421052631579,0.5263157894736842,-0.4631578947368421,0.7210526315789474,-0.7105263157894737,0.8315789473684211,-0.868421052631579,0.9157894736842105,-0.9789473684210527,0.6210526315789474,-0.3,0.8894736842105263,-0.38421052631578945,0.968421052631579,-0.38421052631578945,1.0,-0.37894736842105264,0.6263157894736842,-0.12105263157894737,0.8894736842105263,-0.12631578947368421,0.9789473684210527,-0.12631578947368421,0.9947368421052631,-0.13157894736842105,0.5894736842105263,0.04736842105263158,0.7947368421052632,0.07894736842105263,0.8315789473684211,0.07368421052631578,0.8315789473684211,0.06315789473684211,0.0,0.0,-0.06417112299465241,-0.31016042780748665,-0.1925133689839572,-0.5026737967914439,-0.34759358288770054,-0.6524064171122995,-0.5240641711229946,-0.7058823529411765,-0.49732620320855614,-0.45454545454545453,-0.679144385026738,-0.7058823529411765,-0.7593582887700535,-0.8663101604278075,-0.8128342245989305,-0.9732620320855615,-0.5935828877005348,-0.3155080213903743,-0.9090909090909091,-0.45454545454545453,-0.9893048128342246,-0.49732620320855614,-1.0,-0.4919786096256685,-0.6149732620320856,-0.13903743315508021,-0.9197860962566845,-0.20320855614973263,-0.9946524064171123,-0.24598930481283424,-0.983957219251337,-0.26737967914438504,-0.5882352941176471,0.0427807486631016,-0.8609625668449198,0.03208556149732621,-0.9037433155080213,-0.0053475935828877,-0.8877005347593583,-0.0427807486631016
3,0.0,0.0,0.05853658536585366,-0.2731707317073171,0.2,-0.48292682926829267,0.36097560975609755,-0.5951219512195122,0.5170731707317073,-0.6536585365853659,0.5121951219512195,-0.44878048780487806,0.6878048780487804,-0.6829268292682927,0.7951219512195122,-0.8390243902439024,0.8634146341463415,-0.9512195121951219,0.5951219512195122,-0.28780487804878047,0.8536585365853658,-0.36097560975609755,0.9365853658536586,-0.35121951219512193,0.9658536585365853,-0.32682926829268294,0.6,-0.12195121951219512,0.8634146341463415,-0.11219512195121951,0.9512195121951219,-0.09268292682926829,1.0,-0.08780487804878048,0.5609756097560976,0.04390243902439024,0.7707317073170732,0.09268292682926829,0.8,0.0975609756097561,0.7853658536585366,0.09268292682926829,0.0,0.0,-0.054945054945054944,-0.3131868131868132,-0.18681318681318682,-0.521978021978022,-0.3626373626373626,-0.6593406593406593,-0.5384615384615384,-0.7087912087912088,-0.5384615384615384,-0.46153846153846156,-0.7417582417582418,-0.7032967032967034,-0.8351648351648352,-0.8571428571428571,-0.8736263736263736,-0.967032967032967,-0.6208791208791209,-0.3076923076923077,-0.945054945054945,-0.45054945054945056,-1.0,-0.4835164835164835,-0.967032967032967,-0.4725274725274725,-0.6318681318681318,-0.12087912087912088,-0.9505494505494505,-0.19230769230769232,-1.0,-0.23076923076923078,-0.978021978021978,-0.23076923076923078,-0.5879120879120879,0.06043956043956044,-0.8571428571428571,0.06043956043956044,-0.9010989010989011,0.03296703296703297,-0.8956043956043956,0.016483516483516484
3,0.0,0.0,0.06912442396313365,-0.2534562211981567,0.2073732718894009,-0.45161290322580644,0.3640552995391705,-0.5668202764976958,0.511520737327189,-0.5852534562211982,0.5069124423963134,-0.4147465437788018,0.6774193548387096,-0.631336405529954,0.783410138248848,-0.7788018433179723,0.847926267281106,-0.8847926267281107,0.5852534562211982,-0.2626728110599078,0.8294930875576036,-0.3271889400921659,0.9400921658986175,-0.3225806451612903,1.0,-0.31336405529953915,0.5806451612903226,-0.10599078341013825,0.8202764976958525,-0.07834101382488479,0.9308755760368663,-0.059907834101382486,1.0,-0.059907834101382486,0.5345622119815668,0.05069124423963134,0.7235023041474654,0.10599078341013825,0.7649769585253456,0.11981566820276497,0.7741935483870968,0.11059907834101383,0.0,0.0,-0.07065217391304347,-0.30434782608695654,-0.21195652173913043,-0.5163043478260869,-0.375,-0.6413043478260869,-0.532608695652174,-0.6304347826086957,-0.5489130434782609,-0.46195652173913043,-0.7608695652173914,-0.6902173913043478,-0.842391304347826,-0.842391304347826,-0.8695652173913043,-0.9510869565217391,-0.6195652173913043,-0.30434782608695654,-0.9619565217391305,-0.42934782608695654,-1.0,-0.45652173913043476,-0.9565217391304348,-0.44021739130434784,-0.625,-0.11956521739130435,-0.9456521739130435,-0.1793478260869565,-0.9402173913043478,-0.20652173913043478,-0.875,-0.21739130434782608,-0.5815217391304348,0.06521739130434782,-0.8586956521739131,0.059782608695652176,-0.8804347826086957,0.03804347826086957,-0.8206521739130435,0.005434782608695652
3,0.0,0.0,0.06077348066298342,-0.2983425414364641,0.2154696132596685,-0.5082872928176796,0.39779005524861877,-0.6408839779005525,0.580110497237569,-0.6685082872928176,0.5469613259668509,-0.4585635359116022,0.7569060773480663,-0.7016574585635359,0.8729281767955801,-0.8784530386740331,0.9447513812154696,-1.0,0.6408839779005525,-0.287292817679558,0.9337016574585635,-0.3259668508287293,0.9613259668508287,-0.30939226519337015,0.9337016574585635,-0.281767955801105,0.6464088397790055,-0.09944751381215469,0.9226519337016574,-0.06629834254143646,0.8950276243093923,-0.07734806629834254,0.8232044198895028,-0.08839779005524862,0.6077348066298343,0.07734806629834254,0.8453038674033149,0.13812154696132597,0.8342541436464088,0.1270718232044199,0.7679558011049724,0.10497237569060773,0.0,0.0,-0.06593406593406594,-0.3021978021978022,-0.2032967032967033,-0.510989010989011,-0.36813186813186816,-0.6373626373626373,-0.5274725274725275,-0.6263736263736264,-0.5439560439560439,-0.45604395604395603,-0.7087912087912088,-0.7142857142857143,-0.7802197802197802,-0.8846153846153846,-0.8131868131868132,-1.0,-0.6318681318681318,-0.3021978021978022,-0.9615384615384616,-0.42857142857142855,-0.9835164835164835,-0.46703296703296704,-0.9175824175824175,-0.47802197802197804,-0.6373626373626373,-0.12637362637362637,-0.9505494505494505,-0.1813186813186813,-0.9615384615384616,-0.22527472527472528,-0.9120879120879121,-0.25274725274725274,-0.5934065934065934,0.04395604395604396,-0.8736263736263736,0.04945054945054945,-0.9010989010989011,0.005494505494505495,-0.8571428571428571,-0.04395604395604396
3,0.0,0.0,0.062146892655367235,-0.3050847457627119,0.21468926553672316,-0.5254237288135594,0.4124293785310734,-0.6497175141242938,0.5932203389830508,-0.672316384180791,0.559322033898305,-0.4519774011299435,0.7796610169491526,-0.6892655367231638,0.8926553672316384,-0.864406779661017,0.9548022598870056,-1.0,0.6497175141242938,-0.2824858757062147,0.943502824858757,-0.327683615819209,0.9322033898305084,-0.3050847457627119,0.864406779661017,-0.2768361581920904,0.6610169491525424,-0.096045197740113,0.9378531073446328,-0.07344632768361582,0.8926553672316384,-0.0847457627118644,0.8022598870056498,-0.0903954802259887,0.6214689265536724,0.07909604519774012,0.8587570621468926,0.14124293785310735,0.8305084745762712,0.11864406779661017,0.7457627118644068,0.096045197740113,0.0,0.0,-0.07368421052631578,-0.2894736842105263,-0.2,-0.4842105263157895,-0.3526315789473684,-0.6105263157894737,-0.49473684210526314,-0.5789473684210527,-0.5105263157894737,-0.43157894736842106,-0.6789473684210526,-0.6789473684210526,-0.7526315789473684,-0.8421052631578947,-0.7947368421052632,-0.9578947368421052,-0.6,-0.2789473684210526,-0.9210526315789473,-0.4,-0.9789473684210527,-0.4473684210526316,-0.9473684210526315,-0.45263157894736844,-0.6052631578947368,-0.11052631578947368,-0.9157894736842105,-0.14736842105263157,-0.9947368421052631,-0.19473684210526315,-1.0,-0.23684210526315788,-0.5631578947368421,0.05263157894736842,-0.8368421052631579,0.06315789473684211,-0.8894736842105263,0.02631578947368421,-0.8736842105263158,-0.02631578947368421
3,0.0,0.0,0.0782122905027933,-0.3016759776536313,0.24022346368715083,-0.5139664804469274,0.4301675977653631,-0.6312849162011173,0.6089385474860335,-0.6424581005586593,0.5921787709497207,-0.4581005586592179,0.7988826815642458,-0.6983240223463687,0.9050279329608939,-0.8715083798882681,0.9664804469273743,-0.994413407821229,0.6759776536312849,-0.2737430167597765,0.9385474860335196,-0.3128491620111732,0.9664804469273743,-0.2905027932960894,0.9273743016759777,-0.2681564245810056,0.6703910614525139,-0.0893854748603352,0.9497206703910615,-0.05027932960893855,1.0,-0.0446927374301676,0.9888268156424581,-0.05027932960893855,0.6256983240223464,0.0893854748603352,0.8435754189944135,0.1452513966480447,0.8547486033519553,0.13966480446927373,0.8212290502793296,0.12290502793296089,0.0,0.0,-0.06629834254143646,-0.30386740331491713,-0.19337016574585636,-0.5082872928176796,-0.35359116022099446,-0.6243093922651933,-0.5027624309392266,-0.5966850828729282,-0.5193370165745856,-0.4530386740331492,-0.6850828729281768,-0.7071823204419889,-0.7569060773480663,-0.8729281767955801,-0.7955801104972375,-1.0,-0.6132596685082873,-0.292817679558011,-0.9502762430939227,-0.43646408839779005,-0.9281767955801105,-0.4861878453038674,-0.8453038674033149,-0.4861878453038674,-0.6298342541436464,-0.12154696132596685,-0.9392265193370166,-0.1878453038674033,-0.9171270718232044,-0.23756906077348067,-0.8453038674033149,-0.26519337016574585,-0.585635359116022,0.04419889502762431,-0.8729281767955801,0.049723756906077346,-0.8895027624309392,-0.011049723756906077,-0.8453038674033149,-0.055248618784530384
3,0.0,0.0,0.07734806629834254,-0.2983425414364641,0.23204419889502761,-0.5027624309392266,0.425414364640884,-0.6077348066298343,0.5911602209944752,-0.6298342541436464,0.5580110497237569,-0.43646408839779005,0.7569060773480663,-0.6906077348066298,0.8674033149171271,-0.8729281767955801,0.9392265193370166,-1.0,0.6408839779005525,-0.27071823204419887,0.9226519337016574,-0.3259668508287293,0.9613259668508287,-0.287292817679558,0.9281767955801105,-0.2430939226519337,0.6464088397790055,-0.09392265193370165,0.9060773480662984,-0.06077348066298342,0.9281767955801105,-0.04419889502762431,0.8784530386740331,-0.049723756906077346,0.6077348066298343,0.07734806629834254,0.8232044198895028,0.13812154696132597,0.8397790055248618,0.13812154696132597,0.8066298342541437,0.12154696132596685,0.0,0.0,-0.05,-0.29444444444444445,-0.16666666666666666,-0.5,-0.3333333333333333,-0.6166666666666667,-0.48333333333333334,-0.5833333333333334,-0.5,-0.4444444444444444,-0.6666666666666666,-0.7,-0.7388888888888889,-0.8777777777777778,-0.7722222222222223,-1.0,-0.5888888888888889,-0.29444444444444445,-0.9111111111111111,-0.4388888888888889,-0.9722222222222222,-0.48333333333333334,-0.9555555555555556,-0.48333333333333334,-0.6055555555555555,-0.12222222222222222,-0.9,-0.17777777777777778,-0.8888888888888888,-0.2222222222222222,-0.7944444444444444,-0.2388888888888889,-0.5666666666666667,0.05555555555555555,-0.8388888888888889,0.05,-0.8444444444444444,0.016666666666666666,-0.7722222222222223,-0.011111111111111112
3,0.0,0.0,0.08465608465608465,-0.2804232804232804,0.24867724867724866,-0.4973544973544973,0.43915343915343913,-0.6084656084656085,0.5978835978835979,-0.6084656084656085,0.582010582010582,-0.4603174603174603,0.7724867724867724,-0.6984126984126984,0.8835978835978836,-0.8677248677248677,0.9523809523809523,-1.0,0.656084656084656,-0.291005291005291,0.9259259259259259,-0.3333333333333333,0.9841269841269841,-0.2962962962962963,0.9841269841269841,-0.25925925925925924,0.656084656084656,-0.1111111111111111,0.9153439153439153,-0.06878306878306878,0.9682539682539683,-0.0582010582010582,0.9682539682539683,-0.06349206349206349,0.6084656084656085,0.06878306878306878,0.8253968253968254,0.13227513227513227,0.8465608465608465,0.13227513227513227,0.8306878306878307,0.10582010582010581,0.0,0.0,-0.0481283422459893,-0.2994652406417112,-0.1711229946524064,-0.5080213903743316,-0.3315508021390374,-0.6256684491978609,-0.47593582887700536,-0.5935828877005348,-0.48663101604278075,-0.44385026737967914,-0.6684491978609626,-0.7112299465240641,-0.7433155080213903,-0.8770053475935828,-0.7754010695187166,-1.0,-0.5775401069518716,-0.2887700534759358,-0.9037433155080213,-0.4385026737967914,-0.9251336898395722,-0.46524064171123,-0.8663101604278075,-0.45989304812834225,-0.5989304812834224,-0.11764705882352941,-0.9197860962566845,-0.17647058823529413,-0.9251336898395722,-0.21390374331550802,-0.8716577540106952,-0.24064171122994651,-0.5668449197860963,0.058823529411764705,-0.839572192513369,0.06951871657754011,-0.8502673796791443,0.03208556149732621,-0.7967914438502673,0.0
3,0.0,0.0,0.08878504672897196,-0.2850467289719626,0.2570093457943925,-0.4953271028037383,0.4485981308411215,-0.5981308411214953,0.6074766355140186,-0.6121495327102804,0.5794392523364486,-0.42990654205607476,0.7616822429906542,-0.6588785046728972,0.8738317757009346,-0.822429906542056,0.9532710280373832,-0.9345794392523364,0.6495327102803738,-0.2616822429906542,0.9158878504672897,-0.29906542056074764,0.9906542056074766,-0.2757009345794392,1.0,-0.24766355140186916,0.6355140186915887,-0.08878504672897196,0.897196261682243,-0.04672897196261682,0.9532710280373832,-0.037383177570093455,0.9579439252336449,-0.037383177570093455,0.5841121495327103,0.07476635514018691,0.8084112149532711,0.14485981308411214,0.8364485981308412,0.14485981308411214,0.8177570093457944,0.1308411214953271,0.0,0.0,-0.052132701421800945,-0.2890995260663507,-0.17535545023696683,-0.4834123222748815,-0.3127962085308057,-0.5971563981042654,-0.45023696682464454,-0.5829383886255924,-0.46919431279620855,-0.45023696682464454,-0.6255924170616114,-0.7014218009478673,-0.7014218009478673,-0.8767772511848341,-0.7393364928909952,-1.0,-0.5545023696682464,-0.3080568720379147,-0.8815165876777251,-0.4549763033175355,-0.909952606635071,-0.47393364928909953,-0.8720379146919431,-0.45023696682464454,-0.5734597156398105,-0.14218009478672985,-0.8767772511848341,-0.1943127962085308,-0.8530805687203792,-0.21800947867298578,-0.7677725118483413,-0.22274881516587677,-0.5450236966824644,0.02843601895734597,-0.8199052132701422,0.037914691943127965,-0.8199052132701422,0.004739336492890996,-0.7582938388625592,-0.02843601895734597
3,0.0,0.0,0.08374384236453201,-0.28078817733990147,0.24630541871921183,-0.4827586206896552,0.41379310344827586,-0.5812807881773399,0.5566502463054187,-0.5812807881773399,0.5566502463054187,-0.45320197044334976,0.7389162561576355,-0.6945812807881774,0.8522167487684729,-0.8719211822660099,0.9113300492610837,-1.0,0.6305418719211823,-0.3054187192118227,0.9014778325123153,-0.32019704433497537,0.8669950738916257,-0.2561576354679803,0.7733990147783252,-0.20689655172413793,0.6305418719211823,-0.1330049261083744,0.8866995073891626,-0.08866995073891626,0.8325123152709359,-0.054187192118226604,0.7339901477832512,-0.04926108374384237,0.5960591133004927,0.03940886699507389,0.8226600985221675,0.10837438423645321,0.7832512315270936,0.10837438423645321,0.6995073891625616,0.09359605911330049,0.0,0.0,-0.07537688442211055,-0.2814070351758794,-0.20603015075376885,-0.4723618090452261,-0.35175879396984927,-0.5879396984924623,-0.4824120603015075,-0.5577889447236181,-0.5025125628140703,-0.44221105527638194,-0.6834170854271356,-0.6884422110552764,-0.7638190954773869,-0.8592964824120602,-0.8040201005025126,-0.9798994974874372,-0.5879396984924623,-0.3015075376884422,-0.9346733668341709,-0.4120603015075377,-0.9547738693467337,-0.41708542713567837,-0.9095477386934674,-0.3969849246231156,-0.6030150753768844,-0.1306532663316583,-0.9346733668341709,-0.1658291457286432,-0.9949748743718593,-0.18592964824120603,-1.0,-0.20100502512562815,-0.5628140703517588,0.035175879396984924,-0.8341708542713567,0.04522613065326633,-0.8592964824120602,0.02512562814070352,-0.8442211055276382,-0.005025125628140704
3,0.0,0.0,0.07035175879396985,-0.27638190954773867,0.22613065326633167,-0.4824120603015075,0.3969849246231156,-0.5829145728643216,0.5376884422110553,-0.5778894472361809,0.5276381909547738,-0.44221105527638194,0.7135678391959799,-0.6834170854271356,0.8190954773869347,-0.864321608040201,0.8793969849246231,-1.0,0.6080402010050251,-0.3015075376884422,0.8793969849246231,-0.31155778894472363,0.8391959798994975,-0.24120603015075376,0.7437185929648241,-0.19597989949748743,0.6130653266331658,-0.1306532663316583,0.864321608040201,-0.09045226130653267,0.8090452261306532,-0.05527638190954774,0.7135678391959799,-0.04020100502512563,0.5879396984924623,0.04020100502512563,0.8140703517587939,0.12562814070351758,0.7738693467336684,0.1306532663316583,0.6984924623115578,0.12060301507537688,0.0,0.0,-0.07035175879396985,-0.2663316582914573,-0.19095477386934673,-0.4472361809045226,-0.32160804020100503,-0.5527638190954773,-0.4472361809045226,-0.5326633165829145,-0.4824120603015075,-0.41708542713567837,-0.6532663316582915,-0.6633165829145728,-0.7386934673366834,-0.8291457286432161,-0.7889447236180904,-0.949748743718593,-0.5577889447236181,-0.27638190954773867,-0.8793969849246231,-0.37185929648241206,-0.9698492462311558,-0.3869346733668342,-0.964824120603015,-0.37185929648241206,-0.5678391959798995,-0.11055276381909548,-0.8844221105527639,-0.135678391959799,-0.9798994974874372,-0.16080402010050251,-1.0,-0.1708542713567839,-0.5326633165829145,0.05025125628140704,-0.7939698492462312,0.06532663316582915,-0.8542713567839196,0.04522613065326633,-0.864321608040201,0.020100502512562814
3,0.0,0.0,0.07729468599033816,-0.28019323671497587,0.24154589371980675,-0.4782608695652174,0.41545893719806765,-0.5845410628019324,0.5652173913043478,-0.5748792270531401,0.5410628019323671,-0.43478260869565216,0.7294685990338164,-0.6811594202898551,0.8454106280193237,-0.8647342995169082,0.9033816425120773,-1.0,0.6183574879227053,-0.28502415458937197,0.9130434782608695,-0.30434782608695654,0.9516908212560387,-0.25120772946859904,0.9227053140096618,-0.19806763285024154,0.6183574879227053,-0.11594202898550725,0.8840579710144928,-0.06280193236714976,0.8743961352657005,-0.043478260869565216,0.8260869565217391,-0.03864734299516908,0.5893719806763285,0.057971014492753624,0.8115942028985508,0.13043478260869565,0.8067632850241546,0.13526570048309178,0.7632850241545893,0.12560386473429952,0.0,0.0,-0.07462686567164178,-0.27860696517412936,-0.19900497512437812,-0.46766169154228854,-0.3383084577114428,-0.5771144278606966,-0.472636815920398,-0.5522388059701493,-0.4975124378109453,-0.43283582089552236,-0.6716417910447762,-0.6965174129353234,-0.7562189054726368,-0.8706467661691543,-0.7910447761194029,-1.0,-0.5771144278606966,-0.2935323383084577,-0.9154228855721394,-0.39800995024875624,-0.9651741293532339,-0.40298507462686567,-0.9303482587064676,-0.3681592039800995,-0.5870646766169154,-0.12437810945273632,-0.9203980099502488,-0.15422885572139303,-0.9800995024875622,-0.1691542288557214,-0.9651741293532339,-0.1791044776119403,-0.5572139303482587,0.04477611940298507,-0.8258706467661692,0.06965174129353234,-0.8507462686567164,0.04975124378109453,-0.8308457711442786,0.014925373134328358
3,0.0,0.0,0.08181818181818182,-0.2863636363636364,0.24545454545454545,-0.4954545454545455,0.41818181818181815,-0.6,0.5727272727272728,-0.6136363636363636,0.5545454545454546,-0.4409090909090909,0.75,-0.6863636363636364,0.8636363636363636,-0.8681818181818182,0.9227272727272727,-1.0,0.6272727272727273,-0.2727272727272727,0.9409090909090909,-0.2909090909090909,0.9954545454545455,-0.23636363636363636,0.9772727272727273,-0.19545454545454546,0.6272727272727273,-0.1,0.9045454545454545,-0.04090909090909091,0.9090909090909091,-0.013636363636363636,0.8636363636363636,-0.00909090909090909,0.5818181818181818,0.07272727272727272,0.8227272727272728,0.15454545454545454,0.8136363636363636,0.15454545454545454,0.759090909090909,0.13636363636363635,0.0,0.0,-0.06306306306306306,-0.28378378378378377,-0.1891891891891892,-0.481981981981982,-0.34234234234234234,-0.5990990990990991,-0.4774774774774775,-0.5495495495495496,-0.4864864864864865,-0.4369369369369369,-0.6621621621621622,-0.6981981981981982,-0.7342342342342343,-0.8738738738738738,-0.7657657657657657,-1.0,-0.5720720720720721,-0.2882882882882883,-0.9054054054054054,-0.4189189189189189,-0.8918918918918919,-0.4189189189189189,-0.8018018018018018,-0.3963963963963964,-0.5900900900900901,-0.12612612612612611,-0.9099099099099099,-0.18018018018018017,-0.8693693693693694,-0.1981981981981982,-0.7792792792792793,-0.20270270270270271,-0.5630630630630631,0.036036036036036036,-0.8243243243243243,0.04504504504504504,-0.8063063063063063,0.013513513513513514,-0.7432432432432432,-0.013513513513513514
3,0.0,0.0,0.05668016194331984,-0.2834008097165992,0.20242914979757085,-0.48582995951417,0.3724696356275304,-0.5991902834008097,0.5303643724696356,-0.6072874493927125,0.5060728744939271,-0.42105263157894735,0.6963562753036437,-0.6558704453441295,0.805668016194332,-0.8259109311740891,0.8744939271255061,-0.9473684210526315,0.5870445344129555,-0.2631578947368421,0.8623481781376519,-0.3157894736842105,0.9554655870445344,-0.30364372469635625,0.9878542510121457,-0.2834008097165992,0.5870445344129555,-0.10121457489878542,0.8623481781376519,-0.08097165991902834,0.951417004048583,-0.06882591093117409,1.0,-0.06882591093117409,0.5465587044534413,0.048582995951417005,0.7651821862348178,0.10121457489878542,0.7935222672064778,0.10121457489878542,0.7813765182186235,0.09716599190283401,0.0,0.0,-0.05042016806722689,-0.29411764705882354,-0.1638655462184874,-0.5042016806722689,-0.31092436974789917,-0.6302521008403361,-0.44537815126050423,-0.5756302521008403,-0.46218487394957986,-0.44537815126050423,-0.634453781512605,-0.7100840336134454,-0.7142857142857143,-0.8781512605042017,-0.7647058823529411,-1.0,-0.5546218487394958,-0.3067226890756303,-0.8823529411764706,-0.4495798319327731,-0.8949579831932774,-0.46218487394957986,-0.8319327731092437,-0.4327731092436975,-0.5840336134453782,-0.14285714285714285,-0.8991596638655462,-0.2184873949579832,-0.9453781512605042,-0.24789915966386555,-0.9285714285714286,-0.25210084033613445,-0.5588235294117647,0.008403361344537815,-0.819327731092437,0.008403361344537815,-0.8529411764705882,-0.02100840336134454,-0.8403361344537815,-0.05042016806722689
3,0.0,0.0,0.0502092050209205,-0.28870292887029286,0.18410041841004185,-0.502092050209205,0.3682008368200837,-0.6192468619246861,0.5271966527196653,-0.6359832635983264,0.5146443514644351,-0.4476987447698745,0.698744769874477,-0.698744769874477,0.7866108786610879,-0.8744769874476988,0.8451882845188284,-1.0,0.606694560669456,-0.28451882845188287,0.8410041841004184,-0.35564853556485354,0.8661087866108786,-0.34309623430962344,0.8410041841004184,-0.3179916317991632,0.6108786610878661,-0.11715481171548117,0.8368200836820083,-0.13389121338912133,0.8702928870292888,-0.13807531380753138,0.8702928870292888,-0.13389121338912133,0.5774058577405857,0.03347280334728033,0.7531380753138075,0.0502092050209205,0.7322175732217573,0.04184100418410042,0.6778242677824268,0.03765690376569038,0.0,0.0,-0.05416666666666667,-0.2916666666666667,-0.16666666666666666,-0.5,-0.30833333333333335,-0.6208333333333333,-0.44166666666666665,-0.5666666666666667,-0.4583333333333333,-0.44166666666666665,-0.6208333333333333,-0.7083333333333334,-0.6875,-0.875,-0.7333333333333333,-1.0,-0.5458333333333333,-0.30416666666666664,-0.8666666666666667,-0.45,-0.8416666666666667,-0.45,-0.7541666666666667,-0.4166666666666667,-0.5666666666666667,-0.15,-0.8666666666666667,-0.21666666666666667,-0.8208333333333333,-0.2375,-0.725,-0.2375,-0.55,-0.004166666666666667,-0.8083333333333333,-0.0125,-0.7875,-0.04583333333333333,-0.7166666666666667,-0.07083333333333333
3,0.0,0.0,0.05627705627705628,-0.2987012987012987,0.19047619047619047,-0.5151515151515151,0.3722943722943723,-0.6320346320346321,0.5281385281385281,-0.6233766233766234,0.5238095238095238,-0.4458874458874459,0.7056277056277056,-0.6926406926406926,0.8008658008658008,-0.8744588744588745,0.8658008658008658,-1.0,0.6103896103896104,-0.2813852813852814,0.8614718614718615,-0.33766233766233766,0.9090909090909091,-0.3203463203463203,0.8874458874458875,-0.2943722943722944,0.6147186147186147,-0.11255411255411256,0.8571428571428571,-0.09523809523809523,0.9177489177489178,-0.09523809523809523,0.9264069264069265,-0.09523809523809523,0.5800865800865801,0.03896103896103896,0.7575757575757576,0.08225108225108226,0.7402597402597403,0.07792207792207792,0.696969696969697,0.06493506493506493,0.0,0.0,-0.055793991416309016,-0.2918454935622318,-0.16738197424892703,-0.4978540772532189,-0.3133047210300429,-0.6180257510729614,-0.44206008583690987,-0.5622317596566524,-0.4678111587982833,-0.44206008583690987,-0.6266094420600858,-0.7081545064377682,-0.6952789699570815,-0.8755364806866953,-0.7381974248927039,-1.0,-0.5579399141630901,-0.30472103004291845,-0.8669527896995708,-0.44635193133047213,-0.8626609442060086,-0.45064377682403434,-0.7896995708154506,-0.4206008583690987,-0.5793991416309013,-0.15021459227467812,-0.8927038626609443,-0.22317596566523606,-0.9227467811158798,-0.2446351931330472,-0.8884120171673819,-0.2575107296137339,-0.5579399141630901,0.0,-0.8111587982832618,-0.004291845493562232,-0.8283261802575107,-0.04291845493562232,-0.7982832618025751,-0.07296137339055794
3,0.0,0.0,0.048034934497816595,-0.2925764192139738,0.17903930131004367,-0.5065502183406113,0.3537117903930131,-0.6200873362445415,0.5109170305676856,-0.6244541484716157,0.4978165938864629,-0.4410480349344978,0.6812227074235808,-0.6943231441048034,0.7860262008733624,-0.8733624454148472,0.8471615720524017,-1.0,0.5895196506550219,-0.2838427947598253,0.8558951965065502,-0.34934497816593885,0.9213973799126638,-0.34497816593886466,0.9344978165938864,-0.32751091703056767,0.5982532751091703,-0.11790393013100436,0.8558951965065502,-0.10043668122270742,0.9519650655021834,-0.10043668122270742,0.9956331877729258,-0.10480349344978165,0.5676855895196506,0.034934497816593885,0.7554585152838428,0.07423580786026202,0.7685589519650655,0.06550218340611354,0.7510917030567685,0.048034934497816595,0.0,0.0,-0.05217391304347826,-0.29130434782608694,-0.16956521739130434,-0.49130434782608695,-0.3217391304347826,-0.6130434782608696,-0.45217391304347826,-0.5608695652173913,-0.4608695652173913,-0.45217391304347826,-0.6260869565217392,-0.7130434782608696,-0.7,-0.8739130434782608,-0.7478260869565218,-1.0,-0.5434782608695652,-0.3217391304347826,-0.8652173913043478,-0.45217391304347826,-0.9,-0.4260869565217391,-0.8608695652173913,-0.3782608695652174,-0.5695652173913044,-0.16521739130434782,-0.8739130434782608,-0.21304347826086956,-0.908695652173913,-0.20869565217391303,-0.8826086956521739,-0.20434782608695654,-0.5434782608695652,-0.008695652173913044,-0.7913043478260869,-0.008695652173913044,-0.8043478260869565,-0.02608695652173913,-0.782608695652174,-0.05217391304347826
3,0.0,0.0,0.05194805194805195,-0.2943722943722944,0.18614718614718614,-0.5021645021645021,0.36796536796536794,-0.6190476190476191,0.5194805194805194,-0.6190476190476191,0.4935064935064935,-0.44155844155844154,0.6796536796536796,-0.6926406926406926,0.7835497835497836,-0.8701298701298701,0.8441558441558441,-1.0,0.5887445887445888,-0.2857142857142857,0.8571428571428571,-0.3593073593073593,0.9177489177489178,-0.35064935064935066,0.922077922077922,-0.329004329004329,0.6017316017316018,-0.12554112554112554,0.8614718614718615,-0.1038961038961039,0.9567099567099567,-0.1038961038961039,1.0,-0.1038961038961039,0.5670995670995671,0.025974025974025976,0.7532467532467533,0.06493506493506493,0.7532467532467533,0.06060606060606061,0.7229437229437229,0.05627705627705628,0.0,0.0,-0.05194805194805195,-0.2943722943722944,-0.1645021645021645,-0.4935064935064935,-0.3116883116883117,-0.6147186147186147,-0.44155844155844154,-0.5627705627705628,-0.4588744588744589,-0.4458874458874459,-0.6190476190476191,-0.70995670995671,-0.696969696969697,-0.8787878787878788,-0.7402597402597403,-1.0,-0.5454545454545454,-0.3116883116883117,-0.8614718614718615,-0.45454545454545453,-0.8484848484848485,-0.4458874458874459,-0.7532467532467533,-0.4025974025974026,-0.5670995670995671,-0.15584415584415584,-0.8658008658008658,-0.22077922077922077,-0.8268398268398268,-0.22943722943722944,-0.7359307359307359,-0.22510822510822512,-0.5454545454545454,-0.004329004329004329,-0.7965367965367965,-0.008658008658008658,-0.8008658008658008,-0.030303030303030304,-0.7359307359307359,-0.05194805194805195
4,0.0,0.0,0.17490494296577946,0.12547528517110265,0.3041825095057034,0.18631178707224336,0.39923954372623577,0.23574144486692014,0.5019011406844106,0.26996197718631176,0.5057034220532319,-0.019011406844106463,0.6844106463878327,-0.011406844106463879,0.8136882129277566,-0.026615969581749048,0.9277566539923955,-0.057034220532319393,0.4828897338403042,-0.07604562737642585,0.7034220532319392,-0.03802281368821293,0.8669201520912547,-0.03802281368821293,1.0,-0.053231939163498096,0.42585551330798477,-0.10646387832699619,0.5285171102661597,0.10646387832699619,0.39923954372623577,0.1596958174904943,0.311787072243346,0.14068441064638784,0.34980988593155893,-0.08365019011406843,0.41825095057034223,0.10646387832699619,0.3269961977186312,0.13307984790874525,0.2585551330798479,0.09505703422053231,0.0,0.0,-0.18859649122807018,-0.09210526315789473,-0.31140350877192985,-0.21929824561403508,-0.38596491228070173,-0.3026315789473684,-0.3508771929824561,-0.36403508771929827,-0.20614035087719298,-0.5087719298245614,-0.2236842105263158,-0.7149122807017544,-0.21929824561403508,-0.8728070175438597,-0.19736842105263158,-1.0,-0.10087719298245613,-0.5043859649122807,-0.15789473684210525,-0.7280701754385965,-0.17105263157894737,-0.8596491228070176,-0.15789473684210525,-0.9473684210526315,-0.03070175438596491,-0.44298245614035087,-0.2631578947368421,-0.5307017543859649,-0.29385964912280704,-0.3815789473684211,-0.25877192982456143,-0.29385964912280704,0.0043859649122807015,-0.3333333333333333,-0.2236842105263158,-0.34210526315789475,-0.25,-0.23684210526315788,-0.2324561403508772,-0.17982456140350878
4,0.0,0.0,0.17669172932330826,0.12406015037593984,0.31203007518796994,0.18421052631578946,0.41353383458646614,0.22932330827067668,0.5112781954887218,0.2706766917293233,0.5112781954887218,-0.018796992481203006,0.6842105263157895,-0.0037593984962406013,0.8082706766917294,-0.015037593984962405,0.9135338345864662,-0.041353383458646614,0.48872180451127817,-0.07894736842105263,0.7030075187969925,-0.045112781954887216,0.868421052631579,-0.045112781954887216,1.0,-0.05639097744360902,0.4323308270676692,-0.10526315789473684,0.5300751879699248,0.10526315789473684,0.40977443609022557,0.15413533834586465,0.3233082706766917,0.13909774436090225,0.35714285714285715,-0.08646616541353383,0.424812030075188,0.10526315789473684,0.33458646616541354,0.13157894736842105,0.2706766917293233,0.09398496240601503,0.0,0.0,-0.18340611353711792,-0.09170305676855896,-0.31004366812227074,-0.2183406113537118,-0.388646288209607,-0.31004366812227074,-0.3537117903930131,-0.35807860262008734,-0.2096069868995633,-0.5152838427947598,-0.2183406113537118,-0.7117903930131004,-0.2183406113537118,-0.8733624454148472,-0.20087336244541484,-1.0,-0.10480349344978165,-0.5065502183406113,-0.1615720524017467,-0.7248908296943232,-0.17903930131004367,-0.8471615720524017,-0.16593886462882096,-0.9301310043668122,-0.03056768558951965,-0.4410480349344978,-0.2576419213973799,-0.5240174672489083,-0.2925764192139738,-0.37554585152838427,-0.26200873362445415,-0.2925764192139738,0.004366812227074236,-0.3318777292576419,-0.22270742358078602,-0.33624454148471616,-0.25327510917030566,-0.2314410480349345,-0.2314410480349345,-0.17467248908296942
4,0.0,0.0,0.17307692307692307,0.12692307692307692,0.3076923076923077,0.18461538461538463,0.4,0.23076923076923078,0.5076923076923077,0.2653846153846154,0.5076923076923077,-0.023076923076923078,0.6884615384615385,-0.015384615384615385,0.8192307692307692,-0.026923076923076925,0.926923076923077,-0.057692307692307696,0.4846153846153846,-0.07692307692307693,0.7076923076923077,-0.046153846153846156,0.8692307692307693,-0.04230769230769231,1.0,-0.05384615384615385,0.4269230769230769,-0.10384615384615385,0.5346153846153846,0.10384615384615385,0.40384615384615385,0.1576923076923077,0.3153846153846154,0.1423076923076923,0.35,-0.08076923076923077,0.4230769230769231,0.1076923076923077,0.33076923076923076,0.13846153846153847,0.26153846153846155,0.09615384615384616,0.0,0.0,-0.1826086956521739,-0.09565217391304348,-0.3130434782608696,-0.2217391304347826,-0.3869565217391304,-0.3130434782608696,-0.34782608695652173,-0.3652173913043478,-0.20869565217391303,-0.5173913043478261,-0.2217391304347826,-0.717391304347826,-0.21739130434782608,-0.8739130434782608,-0.2,-1.0,-0.10434782608695652,-0.508695652173913,-0.1608695652173913,-0.7217391304347827,-0.1782608695652174,-0.8478260869565217,-0.16521739130434782,-0.9260869565217391,-0.030434782608695653,-0.4434782608695652,-0.2565217391304348,-0.5304347826086957,-0.29130434782608694,-0.3782608695652174,-0.2608695652173913,-0.29130434782608694,0.008695652173913044,-0.3347826086956522,-0.21739130434782608,-0.3391304347826087,-0.25217391304347825,-0.23478260869565218,-0.23043478260869565,-0.1782608695652174
4,0.0,0.0,0.19029850746268656,0.12313432835820895,0.3208955223880597,0.1791044776119403,0.417910447761194,0.22761194029850745,0.5186567164179104,0.26492537313432835,0.5074626865671642,-0.018656716417910446,0.6716417910447762,0.011194029850746268,0.7910447761194029,0.011194029850746268,0.8917910447761194,-0.007462686567164179,0.47761194029850745,-0.06343283582089553,0.7014925373134329,-0.03731343283582089,0.8694029850746269,-0.03731343283582089,1.0,-0.05223880597014925,0.4141791044776119,-0.08208955223880597,0.5261194029850746,0.10820895522388059,0.39925373134328357,0.16044776119402984,0.31343283582089554,0.14925373134328357,0.34701492537313433,-0.05970149253731343,0.417910447761194,0.11194029850746269,0.3283582089552239,0.1417910447761194,0.26492537313432835,0.10820895522388059,0.0,0.0,-0.19915254237288135,-0.09322033898305085,-0.3305084745762712,-0.211864406779661,-0.4067796610169492,-0.2923728813559322,-0.3728813559322034,-0.3601694915254237,-0.22033898305084745,-0.4957627118644068,-0.2330508474576271,-0.7161016949152542,-0.2288135593220339,-0.8728813559322034,-0.211864406779661,-1.0,-0.1271186440677966,-0.4872881355932203,-0.17372881355932204,-0.7161016949152542,-0.17796610169491525,-0.8305084745762712,-0.16101694915254236,-0.8983050847457628,-0.059322033898305086,-0.423728813559322,-0.2754237288135593,-0.5084745762711864,-0.3177966101694915,-0.3644067796610169,-0.2966101694915254,-0.2711864406779661,-0.025423728813559324,-0.3220338983050847,-0.2330508474576271,-0.326271186440678,-0.2754237288135593,-0.2288135593220339,-0.2627118644067797,-0.1694915254237288
4,0.0,0.0,0.16376306620209058,0.11149825783972125,0.31010452961672474,0.16376306620209058,0.4076655052264808,0.1951219512195122,0.49825783972125437,0.20209059233449478,0.519163763066202,-0.0313588850174216,0.710801393728223,-0.013937282229965157,0.8536585365853658,-0.024390243902439025,0.9651567944250871,-0.04529616724738676,0.4808362369337979,-0.09059233449477352,0.7073170731707317,-0.059233449477351915,0.867595818815331,-0.05574912891986063,1.0,-0.059233449477351915,0.4076655052264808,-0.11498257839721254,0.49825783972125437,0.10801393728222997,0.3902439024390244,0.15331010452961671,0.313588850174216,0.13937282229965156,0.3170731707317073,-0.09059233449477352,0.3832752613240418,0.09407665505226481,0.30313588850174217,0.1289198606271777,0.2508710801393728,0.0975609756097561,0.0,0.0,-0.22540983606557377,-0.09016393442622951,-0.35655737704918034,-0.21721311475409835,-0.4385245901639344,-0.29918032786885246,-0.4098360655737705,-0.3524590163934426,-0.24180327868852458,-0.4959016393442623,-0.2581967213114754,-0.7172131147540983,-0.26229508196721313,-0.8770491803278688,-0.2581967213114754,-1.0,-0.15163934426229508,-0.4918032786885246,-0.19672131147540983,-0.7213114754098361,-0.20491803278688525,-0.8442622950819673,-0.1885245901639344,-0.9221311475409836,-0.09016393442622951,-0.42213114754098363,-0.32786885245901637,-0.5040983606557377,-0.35655737704918034,-0.36065573770491804,-0.32786885245901637,-0.2786885245901639,-0.06557377049180328,-0.3073770491803279,-0.29098360655737704,-0.319672131147541,-0.3237704918032787,-0.22540983606557377,-0.3073770491803279,-0.1680327868852459
4,0.0,0.0,0.17869415807560138,0.10652920962199312,0.32646048109965636,0.16151202749140894,0.422680412371134,0.1958762886597938,0.5051546391752577,0.1958762886597938,0.5326460481099656,-0.03436426116838488,0.7216494845360825,-0.020618556701030927,0.8556701030927835,-0.03436426116838488,0.9690721649484536,-0.054982817869415807,0.49140893470790376,-0.09621993127147767,0.711340206185567,-0.061855670103092786,0.872852233676976,-0.054982817869415807,1.0,-0.058419243986254296,0.41237113402061853,-0.12371134020618557,0.5051546391752577,0.08934707903780069,0.4020618556701031,0.13745704467353953,0.3333333333333333,0.12371134020618557,0.31958762886597936,-0.09621993127147767,0.3917525773195876,0.08934707903780069,0.31958762886597936,0.12371134020618557,0.27491408934707906,0.08934707903780069,0.0,0.0,-0.21484375,-0.09375,-0.34375,-0.21875,-0.43359375,-0.296875,-0.40625,-0.3359375,-0.234375,-0.49609375,-0.2421875,-0.7109375,-0.25390625,-0.875,-0.2421875,-1.0,-0.140625,-0.484375,-0.1953125,-0.71484375,-0.21484375,-0.83203125,-0.203125,-0.90625,-0.0859375,-0.4140625,-0.32421875,-0.49609375,-0.35546875,-0.359375,-0.3203125,-0.28515625,-0.0625,-0.30859375,-0.2890625,-0.32421875,-0.31640625,-0.2265625,-0.2890625,-0.171875
4,0.0,0.0,0.16428571428571428,0.10357142857142858,0.31785714285714284,0.15,0.4107142857142857,0.18214285714285713,0.4928571428571429,0.18571428571428572,0.525,-0.02142857142857143,0.7071428571428572,0.03571428571428571,0.8321428571428572,0.04642857142857143,0.9357142857142857,0.04285714285714286,0.4857142857142857,-0.09285714285714286,0.7107142857142857,-0.060714285714285714,0.8678571428571429,-0.04642857142857143,1.0,-0.05,0.4035714285714286,-0.13214285714285715,0.5142857142857142,0.06428571428571428,0.40714285714285714,0.125,0.3357142857142857,0.11071428571428571,0.30714285714285716,-0.11428571428571428,0.39285714285714285,0.07142857142857142,0.31785714285714284,0.11428571428571428,0.26785714285714285,0.075,0.0,0.0,-0.2314410480349345,-0.09606986899563319,-0.36681222707423583,-0.2314410480349345,-0.45414847161572053,-0.3318777292576419,-0.4148471615720524,-0.3930131004366812,-0.27074235807860264,-0.5414847161572053,-0.3624454148471616,-0.7161572052401747,-0.4104803493449782,-0.834061135371179,-0.4366812227074236,-0.925764192139738,-0.15283842794759825,-0.537117903930131,-0.18777292576419213,-0.777292576419214,-0.21397379912663755,-0.9170305676855895,-0.2183406113537118,-1.0,-0.08296943231441048,-0.4672489082969432,-0.3318777292576419,-0.5633187772925764,-0.35807860262008734,-0.4148471615720524,-0.31877729257641924,-0.33624454148471616,-0.048034934497816595,-0.34934497816593885,-0.2925764192139738,-0.36681222707423583,-0.3231441048034934,-0.26200873362445415,-0.29694323144104806,-0.20087336244541484
4,0.0,0.0,0.17518248175182483,0.10218978102189781,0.3248175182481752,0.14963503649635038,0.4197080291970803,0.17153284671532848,0.49635036496350365,0.17883211678832117,0.5328467153284672,-0.032846715328467155,0.718978102189781,-0.014598540145985401,0.8576642335766423,-0.029197080291970802,0.9671532846715328,-0.05474452554744526,0.48905109489051096,-0.09854014598540146,0.7153284671532847,-0.06569343065693431,0.8759124087591241,-0.058394160583941604,1.0,-0.058394160583941604,0.40875912408759124,-0.13138686131386862,0.5291970802919708,0.072992700729927,0.4124087591240876,0.13138686131386862,0.33211678832116787,0.11313868613138686,0.32116788321167883,-0.11313868613138686,0.40145985401459855,0.072992700729927,0.3248175182481752,0.11678832116788321,0.2773722627737226,0.08029197080291971,0.0,0.0,-0.22406639004149378,-0.0954356846473029,-0.3360995850622407,-0.23236514522821577,-0.4066390041493776,-0.3236514522821577,-0.44398340248962653,-0.3983402489626556,-0.24066390041493776,-0.5103734439834025,-0.2697095435684647,-0.7178423236514523,-0.27385892116182575,-0.8755186721991701,-0.26141078838174275,-1.0,-0.14107883817427386,-0.4979253112033195,-0.1991701244813278,-0.7344398340248963,-0.2157676348547718,-0.8589211618257261,-0.1991701244813278,-0.9377593360995851,-0.07883817427385892,-0.4315352697095436,-0.3112033195020747,-0.5228215767634855,-0.35269709543568467,-0.3817427385892116,-0.3236514522821577,-0.3029045643153527,-0.058091286307053944,-0.3278008298755187,-0.27800829875518673,-0.34854771784232363,-0.3070539419087137,-0.24896265560165975,-0.2821576763485477,-0.1908713692946058
4,0.0,0.0,0.16606498194945848,0.09386281588447654,0.3285198555956679,0.1371841155234657,0.4296028880866426,0.1624548736462094,0.5126353790613718,0.18411552346570398,0.5270758122743683,-0.05054151624548736,0.703971119133574,-0.01444043321299639,0.8339350180505415,-0.018050541516245487,0.9386281588447654,-0.039711191335740074,0.48736462093862815,-0.11191335740072202,0.7148014440433214,-0.07220216606498195,0.8736462093862816,-0.05776173285198556,1.0,-0.061371841155234655,0.4151624548736462,-0.1444043321299639,0.5342960288808665,0.05776173285198556,0.4223826714801444,0.11552346570397112,0.34657039711191334,0.09386281588447654,0.3249097472924188,-0.11913357400722022,0.4187725631768953,0.05776173285198556,0.33935018050541516,0.10108303249097472,0.2851985559566787,0.061371841155234655,0.0,0.0,-0.2190082644628099,-0.09090909090909091,-0.3305785123966942,-0.2231404958677686,-0.4090909090909091,-0.30578512396694213,-0.4462809917355372,-0.38016528925619836,-0.22727272727272727,-0.49173553719008267,-0.23553719008264462,-0.7107438016528925,-0.24380165289256198,-0.8677685950413223,-0.23140495867768596,-1.0,-0.1322314049586777,-0.4834710743801653,-0.19008264462809918,-0.7148760330578512,-0.19834710743801653,-0.8347107438016529,-0.18181818181818182,-0.9090909090909091,-0.0743801652892562,-0.4214876033057851,-0.30578512396694213,-0.5041322314049587,-0.33884297520661155,-0.3677685950413223,-0.3140495867768595,-0.28512396694214875,-0.05785123966942149,-0.32231404958677684,-0.2727272727272727,-0.32231404958677684,-0.30578512396694213,-0.22727272727272727,-0.2809917355371901,-0.17355371900826447
4,0.0,0.0,0.16544117647058823,0.09558823529411764,0.3272058823529412,0.14338235294117646,0.4338235294117647,0.17279411764705882,0.5220588235294118,0.1948529411764706,0.5220588235294118,-0.04044117647058824,0.6985294117647058,0.007352941176470588,0.8272058823529411,0.007352941176470588,0.9338235294117647,-0.014705882352941176,0.4889705882352941,-0.10661764705882353,0.7132352941176471,-0.058823529411764705,0.8713235294117647,-0.04779411764705882,1.0,-0.051470588235294115,0.41544117647058826,-0.13602941176470587,0.5330882352941176,0.0661764705882353,0.41911764705882354,0.1213235294117647,0.3492647058823529,0.09926470588235294,0.33088235294117646,-0.11397058823529412,0.41911764705882354,0.0661764705882353,0.3382352941176471,0.10294117647058823,0.2867647058823529,0.0661764705882353,0.0,0.0,-0.23043478260869565,-0.09130434782608696,-0.34782608695652173,-0.22608695652173913,-0.4260869565217391,-0.3,-0.46956521739130436,-0.3826086956521739,-0.23478260869565218,-0.5043478260869565,-0.27391304347826084,-0.7130434782608696,-0.3,-0.8695652173913043,-0.3,-1.0,-0.14347826086956522,-0.5,-0.20869565217391303,-0.7304347826086957,-0.21739130434782608,-0.8521739130434782,-0.2,-0.9304347826086956,-0.08260869565217391,-0.4391304347826087,-0.3173913043478261,-0.5173913043478261,-0.3521739130434783,-0.3826086956521739,-0.33043478260869563,-0.2956521739130435,-0.06956521739130435,-0.3347826086956522,-0.29130434782608694,-0.33043478260869563,-0.3217391304347826,-0.23043478260869565,-0.30434782608695654,-0.17391304347826086
4,0.0,0.0,0.1839080459770115,0.1111111111111111,0.3333333333333333,0.1532567049808429,0.4329501915708812,0.18007662835249041,0.5287356321839081,0.19540229885057472,0.524904214559387,-0.038314176245210725,0.7088122605363985,0.0,0.8390804597701149,-0.0038314176245210726,0.946360153256705,-0.022988505747126436,0.4942528735632184,-0.09961685823754789,0.7203065134099617,-0.05363984674329502,0.8735632183908046,-0.05363984674329502,1.0,-0.06513409961685823,0.42528735632183906,-0.13026819923371646,0.5440613026819924,0.0842911877394636,0.42911877394636017,0.13026819923371646,0.3486590038314176,0.11877394636015326,0.34099616858237547,-0.10727969348659004,0.4329501915708812,0.06896551724137931,0.3524904214559387,0.10727969348659004,0.2950191570881226,0.08045977011494253,0.0,0.0,-0.21052631578947367,-0.08771929824561403,-0.3157894736842105,-0.21929824561403508,-0.3684210526315789,-0.2982456140350877,-0.35964912280701755,-0.37719298245614036,-0.19736842105263158,-0.5,-0.20175438596491227,-0.7149122807017544,-0.21052631578947367,-0.8728070175438597,-0.19736842105263158,-1.0,-0.10964912280701754,-0.5,-0.16228070175438597,-0.7236842105263158,-0.14912280701754385,-0.8377192982456141,-0.11403508771929824,-0.9078947368421053,-0.04824561403508772,-0.44298245614035087,-0.2675438596491228,-0.5307017543859649,-0.31140350877192985,-0.39473684210526316,-0.3026315789473684,-0.29385964912280704,-0.03070175438596491,-0.34649122807017546,-0.24561403508771928,-0.3333333333333333,-0.2894736842105263,-0.23684210526315788,-0.29385964912280704,-0.17105263157894737
4,0.0,0.0,0.17624521072796934,0.10727969348659004,0.3333333333333333,0.14942528735632185,0.4367816091954023,0.17624521072796934,0.5287356321839081,0.18007662835249041,0.5210727969348659,-0.0421455938697318,0.7088122605363985,0.0038314176245210726,0.8314176245210728,0.007662835249042145,0.9348659003831418,-0.01532567049808429,0.4904214559386973,-0.10727969348659004,0.7203065134099617,-0.06896551724137931,0.8735632183908046,-0.06513409961685823,1.0,-0.07279693486590039,0.421455938697318,-0.1417624521072797,0.5363984674329502,0.06513409961685823,0.42528735632183906,0.11877394636015326,0.3486590038314176,0.10727969348659004,0.34099616858237547,-0.11877394636015326,0.42911877394636017,0.05747126436781609,0.3524904214559387,0.09578544061302682,0.2950191570881226,0.07279693486590039,0.0,0.0,-0.2052401746724891,-0.08733624454148471,-0.31004366812227074,-0.22270742358078602,-0.35807860262008734,-0.29694323144104806,-0.3406113537117904,-0.3624454148471616,-0.20087336244541484,-0.4978165938864629,-0.2052401746724891,-0.7117903930131004,-0.2096069868995633,-0.868995633187773,-0.19213973799126638,-1.0,-0.10480349344978165,-0.49344978165938863,-0.1703056768558952,-0.7161572052401747,-0.1615720524017467,-0.8209606986899564,-0.1222707423580786,-0.8864628820960698,-0.039301310043668124,-0.4366812227074236,-0.25327510917030566,-0.5283842794759825,-0.29694323144104806,-0.38427947598253276,-0.2838427947598253,-0.2838427947598253,-0.017467248908296942,-0.34497816593886466,-0.2314410480349345,-0.32751091703056767,-0.2838427947598253,-0.2314410480349345,-0.28820960698689957,-0.16593886462882096
4,0.0,0.0,0.1776061776061776,0.11583011583011583,0.33204633204633205,0.16216216216216217,0.43243243243243246,0.1891891891891892,0.525096525096525,0.16988416988416988,0.5212355212355212,-0.04247104247104247,0.7027027027027027,-0.003861003861003861,0.8262548262548263,-0.007722007722007722,0.9305019305019305,-0.02702702702702703,0.49034749034749037,-0.11196911196911197,0.7142857142857143,-0.07335907335907337,0.8687258687258688,-0.0694980694980695,1.0,-0.08494208494208494,0.4247104247104247,-0.138996138996139,0.5328185328185329,0.0694980694980695,0.42084942084942084,0.11969111969111969,0.3436293436293436,0.10810810810810811,0.33976833976833976,-0.11969111969111969,0.42857142857142855,0.05791505791505792,0.35135135135135137,0.09266409266409266,0.29343629343629346,0.0694980694980695,0.0,0.0,-0.2026431718061674,-0.0881057268722467,-0.31277533039647576,-0.22026431718061673,-0.3656387665198238,-0.29515418502202645,-0.3436123348017621,-0.36123348017621143,-0.21145374449339208,-0.5022026431718062,-0.21145374449339208,-0.7136563876651982,-0.21585903083700442,-0.8722466960352423,-0.19823788546255505,-1.0,-0.11013215859030837,-0.4977973568281938,-0.17180616740088106,-0.7224669603524229,-0.16740088105726872,-0.8281938325991189,-0.13656387665198239,-0.8898678414096917,-0.04405286343612335,-0.43612334801762115,-0.2555066079295154,-0.5330396475770925,-0.3039647577092511,-0.3920704845814978,-0.28634361233480177,-0.29515418502202645,-0.01762114537444934,-0.3392070484581498,-0.23348017621145375,-0.3303964757709251,-0.28193832599118945,-0.23348017621145375,-0.28193832599118945,-0.16740088105726872
4,0.0,0.0,0.17045454545454544,0.10606060606060606,0.32196969696969696,0.14772727272727273,0.42424242424242425,0.17803030303030304,0.5189393939393939,0.17803030303030304,0.5151515151515151,-0.045454545454545456,0.6893939393939394,0.003787878787878788,0.8068181818181818,0.011363636363636364,0.9015151515151515,-0.003787878787878788,0.48484848484848486,-0.11363636363636363,0.7083333333333334,-0.07575757575757576,0.8674242424242424,-0.07575757575757576,1.0,-0.08712121212121213,0.42045454545454547,-0.14015151515151514,0.5340909090909091,0.06439393939393939,0.42045454545454547,0.11742424242424243,0.3484848484848485,0.10606060606060606,0.3371212121212121,-0.11742424242424243,0.42424242424242425,0.06060606060606061,0.3484848484848485,0.09848484848484848,0.2916666666666667,0.07575757575757576,0.0,0.0,-0.2,-0.08695652173913043,-0.3130434782608696,-0.21739130434782608,-0.3695652173913043,-0.2956521739130435,-0.3391304347826087,-0.3521739130434783,-0.20869565217391303,-0.5043478260869565,-0.21739130434782608,-0.7130434782608696,-0.2217391304347826,-0.8695652173913043,-0.21304347826086956,-1.0,-0.10869565217391304,-0.5,-0.17391304347826086,-0.7217391304347827,-0.16956521739130434,-0.8260869565217391,-0.1391304347826087,-0.8869565217391304,-0.043478260869565216,-0.4391304347826087,-0.2608695652173913,-0.5260869565217391,-0.2956521739130435,-0.3826086956521739,-0.2782608695652174,-0.28695652173913044,-0.013043478260869565,-0.3347826086956522,-0.23043478260869565,-0.33043478260869563,-0.2782608695652174,-0.23043478260869565,-0.2782608695652174,-0.16521739130434782
4,0.0,0.0,0.17358490566037735,0.10566037735849057,0.3283018867924528,0.14339622641509434,0.43018867924528303,0.16981132075471697,0.5245283018867924,0.17735849056603772,0.5169811320754717,-0.04905660377358491,0.6943396226415094,-0.007547169811320755,0.8188679245283019,-0.011320754716981131,0.9132075471698113,-0.03018867924528302,0.4867924528301887,-0.11320754716981132,0.7094339622641509,-0.07924528301886792,0.8679245283018868,-0.07924528301886792,1.0,-0.09433962264150944,0.4188679245283019,-0.14339622641509434,0.539622641509434,0.06037735849056604,0.43018867924528303,0.11320754716981132,0.35471698113207545,0.09811320754716982,0.33962264150943394,-0.1169811320754717,0.42641509433962266,0.05660377358490566,0.35471698113207545,0.09433962264150944,0.2981132075471698,0.07169811320754717,0.0,0.0,-0.19913419913419914,-0.09090909090909091,-0.31601731601731603,-0.22077922077922077,-0.3722943722943723,-0.2987012987012987,-0.341991341991342,-0.35064935064935066,-0.21212121212121213,-0.5021645021645021,-0.22077922077922077,-0.7142857142857143,-0.22510822510822512,-0.8701298701298701,-0.21212121212121213,-1.0,-0.11255411255411256,-0.49783549783549785,-0.1774891774891775,-0.7186147186147186,-0.17316017316017315,-0.8311688311688312,-0.1471861471861472,-0.9004329004329005,-0.047619047619047616,-0.43722943722943725,-0.26406926406926406,-0.5324675324675324,-0.30303030303030304,-0.3939393939393939,-0.29004329004329005,-0.2943722943722944,-0.021645021645021644,-0.33766233766233766,-0.23809523809523808,-0.329004329004329,-0.2813852813852814,-0.23809523809523808,-0.2857142857142857,-0.17316017316017315
4,0.0,0.0,0.17557251908396945,0.10687022900763359,0.3244274809160305,0.15267175572519084,0.42366412213740456,0.183206106870229,0.5267175572519084,0.1717557251908397,0.5152671755725191,-0.04580152671755725,0.6908396946564885,-0.003816793893129771,0.8129770992366412,-0.003816793893129771,0.9083969465648855,-0.019083969465648856,0.48854961832061067,-0.11068702290076336,0.7099236641221374,-0.08015267175572519,0.8664122137404581,-0.07633587786259542,1.0,-0.09541984732824428,0.4198473282442748,-0.14122137404580154,0.5343511450381679,0.061068702290076333,0.4198473282442748,0.1183206106870229,0.3473282442748092,0.10687022900763359,0.33587786259541985,-0.1183206106870229,0.42748091603053434,0.05725190839694656,0.3511450381679389,0.09541984732824428,0.2900763358778626,0.06870229007633588,0.0,0.0,-0.20175438596491227,-0.08333333333333333,-0.3157894736842105,-0.2149122807017544,-0.37280701754385964,-0.2982456140350877,-0.34210526315789475,-0.35964912280701755,-0.21052631578947367,-0.5043859649122807,-0.2149122807017544,-0.7149122807017544,-0.21929824561403508,-0.8728070175438597,-0.20614035087719298,-1.0,-0.10964912280701754,-0.5,-0.17105263157894737,-0.7192982456140351,-0.16228070175438597,-0.8245614035087719,-0.12719298245614036,-0.8903508771929824,-0.039473684210526314,-0.4342105263157895,-0.25,-0.5307017543859649,-0.2894736842105263,-0.38596491228070173,-0.27631578947368424,-0.2850877192982456,-0.008771929824561403,-0.33771929824561403,-0.22807017543859648,-0.32894736842105265,-0.2807017543859649,-0.2324561403508772,-0.2850877192982456,-0.16666666666666666
4,0.0,0.0,0.17624521072796934,0.1111111111111111,0.32950191570881227,0.16091954022988506,0.42911877394636017,0.19157088122605365,0.5210727969348659,0.17624521072796934,0.5172413793103449,-0.04597701149425287,0.685823754789272,0.011494252873563218,0.789272030651341,0.02681992337164751,0.8659003831417624,0.022988505747126436,0.48659003831417624,-0.10727969348659004,0.7088122605363985,-0.07662835249042145,0.8697318007662835,-0.07662835249042145,1.0,-0.09961685823754789,0.41762452107279696,-0.13793103448275862,0.5287356321839081,0.06130268199233716,0.41762452107279696,0.11877394636015326,0.3448275862068966,0.10727969348659004,0.32950191570881227,-0.11494252873563218,0.421455938697318,0.06130268199233716,0.3448275862068966,0.09961685823754789,0.2835249042145594,0.07279693486590039,0.0,0.0,-0.1965065502183406,-0.08733624454148471,-0.3056768558951965,-0.2183406113537118,-0.3624454148471616,-0.30131004366812225,-0.3406113537117904,-0.36681222707423583,-0.2052401746724891,-0.5021834061135371,-0.2096069868995633,-0.7117903930131004,-0.21397379912663755,-0.868995633187773,-0.1965065502183406,-1.0,-0.10043668122270742,-0.4978165938864629,-0.15283842794759825,-0.7248908296943232,-0.14410480349344978,-0.8384279475982532,-0.11353711790393013,-0.9126637554585153,-0.034934497816593885,-0.4410480349344978,-0.2445414847161572,-0.5283842794759825,-0.2838427947598253,-0.388646288209607,-0.27074235807860264,-0.28820960698689957,-0.004366812227074236,-0.3406113537117904,-0.2183406113537118,-0.3318777292576419,-0.27510917030567683,-0.23580786026200873,-0.2838427947598253,-0.1703056768558952
4,0.0,0.0,0.17803030303030304,0.11363636363636363,0.32954545454545453,0.1590909090909091,0.4356060606060606,0.1893939393939394,0.5303030303030303,0.17803030303030304,0.5189393939393939,-0.04924242424242424,0.6931818181818182,-0.003787878787878788,0.8106060606060606,0.0,0.9053030303030303,-0.022727272727272728,0.48863636363636365,-0.10984848484848485,0.7083333333333334,-0.07575757575757576,0.8674242424242424,-0.07575757575757576,1.0,-0.0946969696969697,0.42045454545454547,-0.13636363636363635,0.5378787878787878,0.06439393939393939,0.42424242424242425,0.12121212121212122,0.3484848484848485,0.10984848484848485,0.3371212121212121,-0.10984848484848485,0.4318181818181818,0.06439393939393939,0.3522727272727273,0.10227272727272728,0.2916666666666667,0.07575757575757576,0.0,0.0,-0.1956521739130435,-0.08695652173913043,-0.30869565217391304,-0.21739130434782608,-0.3652173913043478,-0.3,-0.3391304347826087,-0.3652173913043478,-0.20434782608695654,-0.5043478260869565,-0.20869565217391303,-0.717391304347826,-0.21304347826086956,-0.8739130434782608,-0.2,-1.0,-0.10434782608695652,-0.5,-0.1608695652173913,-0.7217391304347827,-0.14782608695652175,-0.8304347826086956,-0.11304347826086956,-0.9,-0.034782608695652174,-0.4391304347826087,-0.24347826086956523,-0.5260869565217391,-0.28695652173913044,-0.3826086956521739,-0.26956521739130435,-0.28695652173913044,-0.004347826086956522,-0.3391304347826087,-0.21739130434782608,-0.33043478260869563,-0.27391304347826084,-0.2391304347826087,-0.2826086956521739,-0.16956521739130434
4,0.0,0.0,0.17803030303030304,0.10984848484848485,0.32575757575757575,0.1590909090909091,0.4318181818181818,0.1893939393939394,0.5265151515151515,0.17045454545454544,0.5151515151515151,-0.04924242424242424,0.6856060606060606,0.003787878787878788,0.7992424242424242,0.015151515151515152,0.8939393939393939,-0.003787878787878788,0.48484848484848486,-0.10984848484848485,0.7121212121212122,-0.07575757575757576,0.8712121212121212,-0.07575757575757576,1.0,-0.09848484848484848,0.4166666666666667,-0.14015151515151514,0.5265151515151515,0.06060606060606061,0.4166666666666667,0.12121212121212122,0.3409090909090909,0.10606060606060606,0.3333333333333333,-0.10984848484848485,0.42045454545454547,0.06439393939393939,0.3409090909090909,0.10227272727272728,0.2840909090909091,0.07575757575757576,0.0,0.0,-0.19480519480519481,-0.08658008658008658,-0.30735930735930733,-0.21645021645021645,-0.36796536796536794,-0.30303030303030304,-0.35064935064935066,-0.36796536796536794,-0.19913419913419914,-0.5021645021645021,-0.2077922077922078,-0.7186147186147186,-0.21212121212121213,-0.8744588744588745,-0.19913419913419914,-1.0,-0.09956709956709957,-0.5021645021645021,-0.16017316017316016,-0.7229437229437229,-0.1471861471861472,-0.8354978354978355,-0.11255411255411256,-0.9090909090909091,-0.03463203463203463,-0.44155844155844154,-0.24675324675324675,-0.5324675324675324,-0.2857142857142857,-0.3852813852813853,-0.2683982683982684,-0.2857142857142857,-0.008658008658008658,-0.3463203463203463,-0.22077922077922077,-0.3333333333333333,-0.27705627705627706,-0.23809523809523808,-0.2857142857142857,-0.16883116883116883
4,0.0,0.0,0.18115942028985507,0.10869565217391304,0.32608695652173914,0.14855072463768115,0.42391304347826086,0.17028985507246377,0.5108695652173914,0.16304347826086957,0.5181159420289855,-0.06521739130434782,0.7065217391304348,-0.04710144927536232,0.8478260869565217,-0.06521739130434782,0.9601449275362319,-0.09782608695652174,0.4782608695652174,-0.12681159420289856,0.7137681159420289,-0.08695652173913043,0.8731884057971014,-0.07971014492753623,1.0,-0.08695652173913043,0.40217391304347827,-0.14130434782608695,0.5289855072463768,0.057971014492753624,0.42028985507246375,0.11956521739130435,0.34057971014492755,0.10869565217391304,0.31521739130434784,-0.10869565217391304,0.4057971014492754,0.06521739130434782,0.32971014492753625,0.10507246376811594,0.2717391304347826,0.06884057971014493,0.0,0.0,-0.20081967213114754,-0.0860655737704918,-0.3073770491803279,-0.20901639344262296,-0.3770491803278688,-0.28688524590163933,-0.39344262295081966,-0.36065573770491804,-0.21721311475409835,-0.4959016393442623,-0.24180327868852458,-0.7131147540983607,-0.2540983606557377,-0.8729508196721312,-0.24180327868852458,-1.0,-0.11885245901639344,-0.4918032786885246,-0.1762295081967213,-0.7336065573770492,-0.1762295081967213,-0.8483606557377049,-0.14754098360655737,-0.9180327868852459,-0.04918032786885246,-0.4344262295081967,-0.27049180327868855,-0.5122950819672131,-0.3155737704918033,-0.36885245901639346,-0.30327868852459017,-0.27459016393442626,-0.020491803278688523,-0.3360655737704918,-0.23770491803278687,-0.319672131147541,-0.29098360655737704,-0.22540983606557377,-0.29508196721311475,-0.1598360655737705
4,0.0,0.0,0.18412698412698414,0.09523809523809523,0.3333333333333333,0.13333333333333333,0.42857142857142855,0.15555555555555556,0.5079365079365079,0.1523809523809524,0.5206349206349207,-0.06666666666666667,0.707936507936508,-0.044444444444444446,0.8444444444444444,-0.05396825396825397,0.9555555555555556,-0.08253968253968254,0.4793650793650794,-0.12380952380952381,0.707936507936508,-0.08253968253968254,0.873015873015873,-0.07936507936507936,1.0,-0.08888888888888889,0.4,-0.14285714285714285,0.5206349206349207,0.05714285714285714,0.4126984126984127,0.11746031746031746,0.33650793650793653,0.10476190476190476,0.3142857142857143,-0.11428571428571428,0.4,0.06349206349206349,0.326984126984127,0.10793650793650794,0.273015873015873,0.0761904761904762,0.0,0.0,-0.20802919708029197,-0.0948905109489051,-0.3175182481751825,-0.22262773722627738,-0.39416058394160586,-0.3175182481751825,-0.42700729927007297,-0.40145985401459855,-0.2116788321167883,-0.49635036496350365,-0.22262773722627738,-0.7116788321167883,-0.22627737226277372,-0.8722627737226277,-0.2116788321167883,-1.0,-0.11313868613138686,-0.4854014598540146,-0.17153284671532848,-0.7153284671532847,-0.17153284671532848,-0.8248175182481752,-0.14233576642335766,-0.8868613138686131,-0.051094890510948905,-0.42700729927007297,-0.2737226277372263,-0.5072992700729927,-0.31386861313868614,-0.3686131386861314,-0.2956204379562044,-0.2737226277372263,-0.029197080291970802,-0.3248175182481752,-0.24087591240875914,-0.3102189781021898,-0.28102189781021897,-0.21897810218978103,-0.2737226277372263,-0.16423357664233576
4,0.0,0.0,0.18618618618618618,0.09009009009009009,0.34234234234234234,0.12312312312312312,0.44744744744744747,0.14414414414414414,0.5405405405405406,0.15615615615615616,0.5195195195195195,-0.08708708708708708,0.7087087087087087,-0.06906906906906907,0.8438438438438438,-0.08408408408408409,0.9519519519519519,-0.12012012012012012,0.48348348348348347,-0.13813813813813813,0.7117117117117117,-0.08408408408408409,0.8708708708708709,-0.09009009009009009,1.0,-0.12012012012012012,0.4144144144144144,-0.15315315315315314,0.5495495495495496,0.05405405405405406,0.43543543543543545,0.11411411411411411,0.35435435435435436,0.10510510510510511,0.3303303303303303,-0.11711711711711711,0.4294294294294294,0.06006006006006006,0.35435435435435436,0.10510510510510511,0.2912912912912913,0.08408408408408409,0.0,0.0,-0.2,-0.08571428571428572,-0.30714285714285716,-0.20714285714285716,-0.37142857142857144,-0.29285714285714287,-0.4035714285714286,-0.37857142857142856,-0.20357142857142857,-0.4928571428571429,-0.20714285714285716,-0.7142857142857143,-0.21071428571428572,-0.875,-0.19285714285714287,-1.0,-0.10357142857142858,-0.48214285714285715,-0.15,-0.7178571428571429,-0.1392857142857143,-0.825,-0.11071428571428571,-0.8892857142857142,-0.039285714285714285,-0.42142857142857143,-0.25357142857142856,-0.49642857142857144,-0.29642857142857143,-0.3535714285714286,-0.275,-0.26071428571428573,-0.010714285714285714,-0.32142857142857145,-0.22142857142857142,-0.30357142857142855,-0.275,-0.21071428571428572,-0.275,-0.15
4,0.0,0.0,0.1930379746835443,0.08860759493670886,0.3575949367088608,0.12025316455696203,0.46835443037974683,0.14556962025316456,0.5569620253164557,0.18670886075949367,0.5284810126582279,-0.08860759493670886,0.7088607594936709,-0.06645569620253164,0.8417721518987342,-0.07911392405063292,0.9493670886075949,-0.11392405063291139,0.4936708860759494,-0.13924050632911392,0.7215189873417721,-0.08544303797468354,0.8734177215189873,-0.08544303797468354,1.0,-0.10443037974683544,0.4240506329113924,-0.1518987341772152,0.5569620253164557,0.056962025316455694,0.439873417721519,0.11392405063291139,0.36075949367088606,0.10443037974683544,0.34177215189873417,-0.12341772151898735,0.439873417721519,0.04746835443037975,0.36075949367088606,0.0949367088607595,0.2974683544303797,0.07278481012658228,0.0,0.0,-0.20300751879699247,-0.08646616541353383,-0.31203007518796994,-0.21052631578947367,-0.35714285714285715,-0.29699248120300753,-0.37969924812030076,-0.38721804511278196,-0.18045112781954886,-0.5,-0.20676691729323307,-0.7142857142857143,-0.22180451127819548,-0.868421052631579,-0.22180451127819548,-1.0,-0.09022556390977443,-0.49624060150375937,-0.15789473684210525,-0.7180451127819549,-0.16541353383458646,-0.8345864661654135,-0.15413533834586465,-0.9285714285714286,-0.02631578947368421,-0.44360902255639095,-0.2556390977443609,-0.49624060150375937,-0.2894736842105263,-0.3533834586466165,-0.2556390977443609,-0.2631578947368421,0.0,-0.3458646616541353,-0.21804511278195488,-0.32706766917293234,-0.2593984962406015,-0.22180451127819548,-0.24812030075187969,-0.16165413533834586
4,0.0,0.0,0.1903114186851211,0.11072664359861592,0.34256055363321797,0.1522491349480969,0.4463667820069204,0.17647058823529413,0.5501730103806228,0.17647058823529413,0.5224913494809689,-0.06920415224913495,0.698961937716263,-0.03806228373702422,0.8235294117647058,-0.04152249134948097,0.9204152249134948,-0.06920415224913495,0.4982698961937716,-0.12802768166089964,0.726643598615917,-0.07958477508650519,0.8788927335640139,-0.07612456747404844,1.0,-0.09342560553633218,0.43944636678200694,-0.1522491349480969,0.5467128027681661,0.05536332179930796,0.4359861591695502,0.10726643598615918,0.356401384083045,0.09688581314878893,0.3633217993079585,-0.12802768166089964,0.4359861591695502,0.05536332179930796,0.356401384083045,0.09342560553633218,0.29411764705882354,0.0726643598615917,0.0,0.0,-0.1857707509881423,-0.09090909090909091,-0.2924901185770751,-0.22529644268774704,-0.35177865612648224,-0.31225296442687744,-0.3438735177865613,-0.383399209486166,-0.16205533596837945,-0.5177865612648221,-0.1857707509881423,-0.7193675889328063,-0.1976284584980237,-0.8735177865612648,-0.1857707509881423,-1.0,-0.05533596837944664,-0.5059288537549407,-0.11067193675889328,-0.7272727272727273,-0.1422924901185771,-0.8537549407114624,-0.14624505928853754,-0.9407114624505929,0.015810276679841896,-0.4505928853754941,-0.20948616600790515,-0.5098814229249012,-0.2450592885375494,-0.36363636363636365,-0.20948616600790515,-0.28063241106719367,0.05138339920948617,-0.35968379446640314,-0.17786561264822134,-0.35177865612648224,-0.2134387351778656,-0.23715415019762845,-0.18972332015810275,-0.16996047430830039
4,0.0,0.0,0.18571428571428572,0.11428571428571428,0.33214285714285713,0.15714285714285714,0.43214285714285716,0.175,0.5392857142857143,0.17142857142857143,0.5178571428571429,-0.07857142857142857,0.7035714285714286,-0.08214285714285714,0.8321428571428572,-0.08928571428571429,0.9392857142857143,-0.11428571428571428,0.4928571428571429,-0.1357142857142857,0.7214285714285714,-0.1,0.875,-0.08928571428571429,1.0,-0.10357142857142858,0.43214285714285716,-0.16071428571428573,0.5535714285714286,0.04642857142857143,0.4357142857142857,0.10714285714285714,0.35,0.09642857142857143,0.35714285714285715,-0.1357142857142857,0.4392857142857143,0.05,0.35714285714285715,0.09285714285714286,0.29285714285714287,0.06428571428571428,0.0,0.0,-0.1732283464566929,-0.09055118110236221,-0.27165354330708663,-0.2283464566929134,-0.32677165354330706,-0.3188976377952756,-0.32677165354330706,-0.3937007874015748,-0.15354330708661418,-0.5118110236220472,-0.16535433070866143,-0.7244094488188977,-0.16929133858267717,-0.8779527559055118,-0.15354330708661418,-1.0,-0.04330708661417323,-0.5,-0.10236220472440945,-0.7322834645669292,-0.11811023622047244,-0.84251968503937,-0.1141732283464567,-0.9133858267716536,0.027559055118110236,-0.44881889763779526,-0.1889763779527559,-0.5078740157480315,-0.21653543307086615,-0.3661417322834646,-0.18503937007874016,-0.2795275590551181,0.06299212598425197,-0.36220472440944884,-0.15354330708661418,-0.35039370078740156,-0.19291338582677164,-0.23622047244094488,-0.16929133858267717,-0.16929133858267717
4,0.0,0.0,0.18411552346570398,0.11552346570397112,0.3285198555956679,0.1624548736462094,0.4332129963898917,0.18411552346570398,0.5415162454873647,0.1624548736462094,0.516245487364621,-0.08303249097472924,0.7003610108303249,-0.08303249097472924,0.8303249097472925,-0.09386281588447654,0.9386281588447654,-0.1263537906137184,0.49097472924187724,-0.1371841155234657,0.7220216606498195,-0.09747292418772563,0.8772563176895307,-0.08664259927797834,1.0,-0.10108303249097472,0.4332129963898917,-0.1624548736462094,0.555956678700361,0.036101083032490974,0.4368231046931408,0.10469314079422383,0.35018050541516244,0.09386281588447654,0.3574007220216607,-0.13357400722021662,0.4404332129963899,0.05415162454873646,0.35379061371841153,0.09386281588447654,0.2851985559566787,0.06498194945848375,0.0,0.0,-0.168,-0.092,-0.264,-0.228,-0.304,-0.32,-0.252,-0.4,-0.136,-0.512,-0.148,-0.724,-0.148,-0.876,-0.124,-1.0,-0.028,-0.496,-0.072,-0.732,-0.08,-0.852,-0.068,-0.936,0.052,-0.44,-0.152,-0.504,-0.192,-0.36,-0.16,-0.276,0.092,-0.348,-0.124,-0.348,-0.164,-0.236,-0.144,-0.172
4,0.0,0.0,0.18996415770609318,0.12186379928315412,0.3333333333333333,0.16129032258064516,0.44086021505376344,0.17921146953405018,0.5412186379928315,0.14695340501792115,0.5125448028673835,-0.08243727598566308,0.6953405017921147,-0.08243727598566308,0.8243727598566308,-0.0931899641577061,0.931899641577061,-0.12544802867383512,0.4910394265232975,-0.13620071684587814,0.7275985663082437,-0.0967741935483871,0.8817204301075269,-0.08243727598566308,1.0,-0.0967741935483871,0.43727598566308246,-0.15412186379928317,0.5519713261648745,0.043010752688172046,0.4336917562724014,0.10752688172043011,0.34767025089605735,0.1039426523297491,0.3655913978494624,-0.12903225806451613,0.44086021505376344,0.05734767025089606,0.3548387096774194,0.0967741935483871,0.2903225806451613,0.06810035842293907,0.0,0.0,-0.16666666666666666,-0.08536585365853659,-0.2682926829268293,-0.21951219512195122,-0.3008130081300813,-0.3089430894308943,-0.24796747967479674,-0.4024390243902439,-0.13008130081300814,-0.508130081300813,-0.13821138211382114,-0.7276422764227642,-0.14227642276422764,-0.8780487804878049,-0.12195121951219512,-1.0,-0.024390243902439025,-0.4959349593495935,-0.06097560975609756,-0.7357723577235772,-0.06910569105691057,-0.8536585365853658,-0.056910569105691054,-0.9308943089430894,0.056910569105691054,-0.44308943089430897,-0.14227642276422764,-0.508130081300813,-0.18292682926829268,-0.36585365853658536,-0.15853658536585366,-0.2682926829268293,0.0975609756097561,-0.34959349593495936,-0.11382113821138211,-0.34959349593495936,-0.15853658536585366,-0.23983739837398374,-0.14227642276422764,-0.17073170731707318
4,0.0,0.0,0.19148936170212766,0.11702127659574468,0.33687943262411346,0.16312056737588654,0.4397163120567376,0.18439716312056736,0.5460992907801419,0.16312056737588654,0.5035460992907801,-0.08156028368794327,0.6879432624113475,-0.08156028368794327,0.8120567375886525,-0.09219858156028368,0.9148936170212766,-0.13120567375886524,0.48936170212765956,-0.13120567375886524,0.7304964539007093,-0.0851063829787234,0.8829787234042553,-0.07446808510638298,1.0,-0.09574468085106383,0.4397163120567376,-0.14893617021276595,0.5602836879432624,0.06028368794326241,0.4397163120567376,0.12056737588652482,0.35106382978723405,0.11347517730496454,0.3723404255319149,-0.11702127659574468,0.44680851063829785,0.07092198581560284,0.3617021276595745,0.10638297872340426,0.2978723404255319,0.07801418439716312,0.0,0.0,-0.15261044176706828,-0.08433734939759036,-0.2570281124497992,-0.2248995983935743,-0.285140562248996,-0.3172690763052209,-0.2248995983935743,-0.40562248995983935,-0.12048192771084337,-0.5140562248995983,-0.12449799196787148,-0.7269076305220884,-0.1285140562248996,-0.8795180722891566,-0.10843373493975904,-1.0,-0.008032128514056224,-0.4939759036144578,-0.03614457831325301,-0.7309236947791165,-0.04417670682730924,-0.8473895582329317,-0.028112449799196786,-0.927710843373494,0.07630522088353414,-0.43775100401606426,-0.11646586345381527,-0.5100401606425703,-0.1686746987951807,-0.3654618473895582,-0.15261044176706828,-0.27309236947791166,0.12048192771084337,-0.3493975903614458,-0.08835341365461848,-0.3493975903614458,-0.14056224899598393,-0.24096385542168675,-0.13253012048192772,-0.17670682730923695
4,0.0,0.0,0.1935483870967742,0.12186379928315412,0.34767025089605735,0.16487455197132617,0.4551971326164875,0.1827956989247312,0.5483870967741935,0.15412186379928317,0.5197132616487455,-0.07885304659498207,0.6989247311827957,-0.07885304659498207,0.8243727598566308,-0.0931899641577061,0.9283154121863799,-0.12903225806451613,0.4946236559139785,-0.13261648745519714,0.7240143369175627,-0.1039426523297491,0.8781362007168458,-0.08960573476702509,1.0,-0.0967741935483871,0.4336917562724014,-0.15412186379928317,0.5519713261648745,0.04659498207885305,0.4336917562724014,0.11469534050179211,0.34408602150537637,0.1111111111111111,0.35842293906810035,-0.12186379928315412,0.4336917562724014,0.06451612903225806,0.34767025089605735,0.1003584229390681,0.2831541218637993,0.07168458781362007,0.0,0.0,-0.1566265060240964,-0.08835341365461848,-0.2570281124497992,-0.22088353413654618,-0.2891566265060241,-0.3253012048192771,-0.23293172690763053,-0.41365461847389556,-0.10843373493975904,-0.5140562248995983,-0.12048192771084337,-0.7309236947791165,-0.12449799196787148,-0.8795180722891566,-0.10843373493975904,-1.0,0.0,-0.5020080321285141,-0.04417670682730924,-0.7349397590361446,-0.05220883534136546,-0.8554216867469879,-0.040160642570281124,-0.9437751004016064,0.07630522088353414,-0.4457831325301205,-0.12449799196787148,-0.5100401606425703,-0.17670682730923695,-0.36947791164658633,-0.1606425702811245,-0.27309236947791166,0.11646586345381527,-0.357429718875502,-0.0963855421686747,-0.3534136546184739,-0.14457831325301204,-0.24497991967871485,-0.1285140562248996,-0.17269076305220885
4,0.0,0.0,0.18996415770609318,0.11469534050179211,0.3333333333333333,0.16129032258064516,0.43727598566308246,0.17921146953405018,0.5340501792114696,0.16845878136200718,0.5197132616487455,-0.07885304659498207,0.7060931899641577,-0.06810035842293907,0.8351254480286738,-0.07885304659498207,0.942652329749104,-0.11469534050179211,0.4910394265232975,-0.13261648745519714,0.7240143369175627,-0.1003584229390681,0.8781362007168458,-0.08960573476702509,1.0,-0.1039426523297491,0.4265232974910394,-0.15412186379928317,0.5448028673835126,0.043010752688172046,0.43727598566308246,0.1039426523297491,0.3548387096774194,0.0931899641577061,0.34767025089605735,-0.12903225806451613,0.43010752688172044,0.05734767025089606,0.35125448028673834,0.0967741935483871,0.2867383512544803,0.06451612903225806,0.0,0.0,-0.168,-0.088,-0.256,-0.224,-0.292,-0.32,-0.264,-0.412,-0.116,-0.516,-0.136,-0.728,-0.136,-0.876,-0.12,-1.0,-0.012,-0.504,-0.06,-0.732,-0.068,-0.852,-0.06,-0.944,0.06,-0.452,-0.152,-0.52,-0.192,-0.376,-0.172,-0.28,0.096,-0.364,-0.12,-0.36,-0.164,-0.248,-0.152,-0.18
4,0.0,0.0,0.18661971830985916,0.1056338028169014,0.3380281690140845,0.1443661971830986,0.44366197183098594,0.16901408450704225,0.5422535211267606,0.16901408450704225,0.5176056338028169,-0.06690140845070422,0.6901408450704225,-0.03169014084507042,0.8169014084507042,-0.03169014084507042,0.9154929577464789,-0.05985915492957746,0.4859154929577465,-0.1267605633802817,0.7183098591549296,-0.08450704225352113,0.8767605633802817,-0.0880281690140845,1.0,-0.1056338028169014,0.4225352112676056,-0.15492957746478872,0.5422535211267606,0.04929577464788732,0.4295774647887324,0.1056338028169014,0.3485915492957746,0.09859154929577464,0.3380281690140845,-0.13380281690140844,0.43309859154929575,0.045774647887323945,0.352112676056338,0.0880281690140845,0.2887323943661972,0.06690140845070422,0.0,0.0,-0.17063492063492064,-0.0873015873015873,-0.2619047619047619,-0.2222222222222222,-0.29365079365079366,-0.32142857142857145,-0.26587301587301587,-0.42063492063492064,-0.12301587301587301,-0.5158730158730159,-0.14285714285714285,-0.7261904761904762,-0.15079365079365079,-0.876984126984127,-0.1349206349206349,-1.0,-0.01984126984126984,-0.503968253968254,-0.06349206349206349,-0.7341269841269841,-0.07936507936507936,-0.8531746031746031,-0.07539682539682539,-0.9325396825396826,0.05555555555555555,-0.44841269841269843,-0.15476190476190477,-0.5198412698412699,-0.1984126984126984,-0.373015873015873,-0.17063492063492064,-0.2777777777777778,0.08333333333333333,-0.3611111111111111,-0.13095238095238096,-0.35714285714285715,-0.1746031746031746,-0.25,-0.15873015873015872,-0.17857142857142858
4,0.0,0.0,0.1888111888111888,0.1048951048951049,0.3356643356643357,0.14335664335664336,0.44755244755244755,0.17132867132867133,0.5454545454545454,0.16783216783216784,0.5174825174825175,-0.07692307692307693,0.6958041958041958,-0.06993006993006994,0.8286713286713286,-0.08741258741258741,0.9370629370629371,-0.12237762237762238,0.48951048951048953,-0.13286713286713286,0.7132867132867133,-0.08741258741258741,0.8706293706293706,-0.08741258741258741,1.0,-0.10839160839160839,0.42657342657342656,-0.15384615384615385,0.541958041958042,0.04895104895104895,0.43006993006993005,0.10139860139860139,0.3531468531468531,0.09090909090909091,0.34615384615384615,-0.12937062937062938,0.43006993006993005,0.04895104895104895,0.3531468531468531,0.09090909090909091,0.2902097902097902,0.06993006993006994,0.0,0.0,-0.1646586345381526,-0.08433734939759036,-0.2570281124497992,-0.21686746987951808,-0.2891566265060241,-0.3132530120481928,-0.2570281124497992,-0.41767068273092367,-0.12048192771084337,-0.5100401606425703,-0.14056224899598393,-0.7269076305220884,-0.14457831325301204,-0.8755020080321285,-0.1285140562248996,-1.0,-0.020080321285140562,-0.5020080321285141,-0.06827309236947791,-0.7309236947791165,-0.08032128514056225,-0.8473895582329317,-0.07630522088353414,-0.9437751004016064,0.05622489959839357,-0.4497991967871486,-0.14859437751004015,-0.5140562248995983,-0.18875502008032127,-0.37349397590361444,-0.1646586345381526,-0.28112449799196787,0.08835341365461848,-0.3614457831325301,-0.12449799196787148,-0.357429718875502,-0.1686746987951807,-0.24899598393574296,-0.1566265060240964,-0.17670682730923695
4,0.0,0.0,0.19636363636363635,0.11636363636363636,0.3418181818181818,0.16,0.4509090909090909,0.18181818181818182,0.5563636363636364,0.15636363636363637,0.5163636363636364,-0.08363636363636363,0.6981818181818182,-0.08727272727272728,0.8290909090909091,-0.10545454545454545,0.9381818181818182,-0.14181818181818182,0.4909090909090909,-0.13818181818181818,0.7127272727272728,-0.10909090909090909,0.8727272727272727,-0.10909090909090909,1.0,-0.12727272727272726,0.4290909090909091,-0.15636363636363637,0.56,0.04363636363636364,0.44,0.10909090909090909,0.3490909090909091,0.10909090909090909,0.3563636363636364,-0.13090909090909092,0.44727272727272727,0.05454545454545454,0.36,0.09454545454545454,0.2872727272727273,0.07272727272727272,0.0,0.0,-0.15789473684210525,-0.08906882591093117,-0.2550607287449393,-0.22672064777327935,-0.2793522267206478,-0.32388663967611336,-0.22672064777327935,-0.41295546558704455,-0.10931174089068826,-0.5141700404858299,-0.11740890688259109,-0.728744939271255,-0.11336032388663968,-0.8785425101214575,-0.08906882591093117,-1.0,-0.004048582995951417,-0.4979757085020243,-0.044534412955465584,-0.728744939271255,-0.04048582995951417,-0.8340080971659919,-0.016194331983805668,-0.902834008097166,0.07692307692307693,-0.44129554655870445,-0.12550607287449392,-0.5141700404858299,-0.1659919028340081,-0.3684210526315789,-0.145748987854251,-0.27125506072874495,0.11336032388663968,-0.3481781376518219,-0.09716599190283401,-0.3603238866396761,-0.145748987854251,-0.24696356275303644,-0.13360323886639677,-0.17408906882591094
4,0.0,0.0,0.19272727272727272,0.11636363636363636,0.3381818181818182,0.16,0.44,0.1890909090909091,0.5454545454545454,0.1709090909090909,0.5127272727272727,-0.09090909090909091,0.6909090909090909,-0.09090909090909091,0.8181818181818182,-0.10545454545454545,0.9236363636363636,-0.13818181818181818,0.48727272727272725,-0.14181818181818182,0.72,-0.10181818181818182,0.8763636363636363,-0.09090909090909091,1.0,-0.10545454545454545,0.4290909090909091,-0.15636363636363637,0.5563636363636364,0.04727272727272727,0.43636363636363634,0.12,0.34545454545454546,0.12363636363636364,0.3527272727272727,-0.12,0.44363636363636366,0.06181818181818182,0.36,0.10545454545454545,0.2909090909090909,0.08,0.0,0.0,-0.15040650406504066,-0.09349593495934959,-0.24390243902439024,-0.22357723577235772,-0.26422764227642276,-0.3170731707317073,-0.2073170731707317,-0.4146341463414634,-0.0975609756097561,-0.516260162601626,-0.10569105691056911,-0.7317073170731707,-0.10975609756097561,-0.8780487804878049,-0.09349593495934959,-1.0,0.008130081300813009,-0.4959349593495935,-0.036585365853658534,-0.7276422764227642,-0.032520325203252036,-0.8333333333333334,-0.0040650406504065045,-0.9065040650406504,0.08943089430894309,-0.43902439024390244,-0.10975609756097561,-0.508130081300813,-0.16260162601626016,-0.36585365853658536,-0.14227642276422764,-0.27235772357723576,0.12195121951219512,-0.34552845528455284,-0.08536585365853659,-0.35772357723577236,-0.13414634146341464,-0.24796747967479674,-0.11788617886178862,-0.17886178861788618
4,0.0,0.0,0.1875,0.11764705882352941,0.33455882352941174,0.16176470588235295,0.4411764705882353,0.18382352941176472,0.5477941176470589,0.16176470588235295,0.5147058823529411,-0.08823529411764706,0.6948529411764706,-0.08823529411764706,0.8235294117647058,-0.10294117647058823,0.9301470588235294,-0.13602941176470587,0.4889705882352941,-0.14338235294117646,0.7242647058823529,-0.09926470588235294,0.8823529411764706,-0.08823529411764706,1.0,-0.10661764705882353,0.43014705882352944,-0.15808823529411764,0.5551470588235294,0.04411764705882353,0.43014705882352944,0.11397058823529412,0.34191176470588236,0.11397058823529412,0.35661764705882354,-0.125,0.4411764705882353,0.058823529411764705,0.35294117647058826,0.09926470588235294,0.28308823529411764,0.07352941176470588,0.0,0.0,-0.15510204081632653,-0.08979591836734693,-0.2530612244897959,-0.22448979591836735,-0.27755102040816326,-0.3224489795918367,-0.2163265306122449,-0.40816326530612246,-0.11020408163265306,-0.5142857142857142,-0.11836734693877551,-0.7346938775510204,-0.11836734693877551,-0.8816326530612245,-0.10204081632653061,-1.0,0.0,-0.49795918367346936,-0.044897959183673466,-0.7387755102040816,-0.053061224489795916,-0.8571428571428571,-0.04081632653061224,-0.9428571428571428,0.08571428571428572,-0.44081632653061226,-0.11020408163265306,-0.5142857142857142,-0.16326530612244897,-0.3673469387755102,-0.1510204081632653,-0.2653061224489796,0.1306122448979592,-0.3551020408163265,-0.08163265306122448,-0.363265306122449,-0.1306122448979592,-0.24897959183673468,-0.11836734693877551,-0.17551020408163265
4,0.0,0.0,0.18681318681318682,0.12087912087912088,0.32967032967032966,0.1684981684981685,0.42857142857142855,0.1978021978021978,0.5347985347985348,0.18315018315018314,0.5201465201465202,-0.08058608058608059,0.7032967032967034,-0.07692307692307693,0.8315018315018315,-0.09157509157509157,0.9377289377289377,-0.11721611721611722,0.4908424908424908,-0.13186813186813187,0.7216117216117216,-0.09523809523809523,0.8754578754578755,-0.09157509157509157,1.0,-0.10989010989010989,0.4249084249084249,-0.14652014652014653,0.5494505494505495,0.054945054945054944,0.4358974358974359,0.11355311355311355,0.3516483516483517,0.10622710622710622,0.34798534798534797,-0.10989010989010989,0.4358974358974359,0.06593406593406594,0.3553113553113553,0.10622710622710622,0.29304029304029305,0.07692307692307693,0.0,0.0,-0.15261044176706828,-0.08835341365461848,-0.25301204819277107,-0.22088353413654618,-0.28112449799196787,-0.3092369477911647,-0.2248995983935743,-0.40160642570281124,-0.12048192771084337,-0.5100401606425703,-0.12449799196787148,-0.7309236947791165,-0.13253012048192772,-0.8755020080321285,-0.11244979919678715,-1.0,-0.01606425702811245,-0.4939759036144578,-0.060240963855421686,-0.7269076305220884,-0.05622489959839357,-0.8313253012048193,-0.0321285140562249,-0.9116465863453815,0.06827309236947791,-0.43775100401606426,-0.12048192771084337,-0.5020080321285141,-0.17269076305220885,-0.3614457831325301,-0.1566265060240964,-0.26506024096385544,0.10843373493975904,-0.3493975903614458,-0.09236947791164658,-0.3534136546184739,-0.14457831325301204,-0.24899598393574296,-0.14056224899598393,-0.17670682730923695
4,0.0,0.0,0.18545454545454546,0.11636363636363636,0.3236363636363636,0.16363636363636364,0.4218181818181818,0.1890909090909091,0.5309090909090909,0.18181818181818182,0.509090909090909,-0.08727272727272728,0.6981818181818182,-0.08363636363636363,0.8254545454545454,-0.09454545454545454,0.9345454545454546,-0.12363636363636364,0.48363636363636364,-0.13818181818181818,0.72,-0.09818181818181818,0.8727272727272727,-0.08727272727272728,1.0,-0.10909090909090909,0.4218181818181818,-0.15272727272727274,0.5454545454545454,0.04727272727272727,0.43272727272727274,0.10909090909090909,0.3490909090909091,0.10181818181818182,0.34545454545454546,-0.12,0.43272727272727274,0.05818181818181818,0.3527272727272727,0.09818181818181818,0.2872727272727273,0.07272727272727272,0.0,0.0,-0.1566265060240964,-0.08835341365461848,-0.25301204819277107,-0.2248995983935743,-0.27710843373493976,-0.321285140562249,-0.21686746987951808,-0.40160642570281124,-0.11646586345381527,-0.5100401606425703,-0.12449799196787148,-0.7309236947791165,-0.13253012048192772,-0.8755020080321285,-0.11244979919678715,-1.0,-0.008032128514056224,-0.4939759036144578,-0.060240963855421686,-0.7309236947791165,-0.060240963855421686,-0.8393574297188755,-0.03614457831325301,-0.9116465863453815,0.07228915662650602,-0.43775100401606426,-0.12449799196787148,-0.5020080321285141,-0.1686746987951807,-0.357429718875502,-0.15261044176706828,-0.26104417670682734,0.11244979919678715,-0.3493975903614458,-0.09236947791164658,-0.3493975903614458,-0.14457831325301204,-0.24497991967871485,-0.13654618473895583,-0.17269076305220885
4,0.0,0.0,0.18613138686131386,0.12043795620437957,0.3284671532846715,0.1678832116788321,0.4306569343065693,0.19343065693430658,0.5364963503649635,0.17883211678832117,0.5145985401459854,-0.07664233576642336,0.7043795620437956,-0.07664233576642336,0.8357664233576643,-0.09124087591240876,0.9416058394160584,-0.12408759124087591,0.48905109489051096,-0.13138686131386862,0.718978102189781,-0.0948905109489051,0.8722627737226277,-0.08759124087591241,1.0,-0.10583941605839416,0.42700729927007297,-0.15328467153284672,0.5437956204379562,0.04744525547445255,0.42700729927007297,0.11313868613138686,0.34306569343065696,0.10948905109489052,0.3467153284671533,-0.12408759124087591,0.4343065693430657,0.058394160583941604,0.35036496350364965,0.09854014598540146,0.2846715328467153,0.07664233576642336,0.0,0.0,-0.1566265060240964,-0.08835341365461848,-0.25301204819277107,-0.22088353413654618,-0.28112449799196787,-0.3172690763052209,-0.22088353413654618,-0.40562248995983935,-0.12449799196787148,-0.5100401606425703,-0.13654618473895583,-0.7309236947791165,-0.14056224899598393,-0.8795180722891566,-0.12048192771084337,-1.0,-0.012048192771084338,-0.4939759036144578,-0.0642570281124498,-0.7309236947791165,-0.06827309236947791,-0.8433734939759037,-0.040160642570281124,-0.9196787148594378,0.06827309236947791,-0.43775100401606426,-0.1285140562248996,-0.5060240963855421,-0.17269076305220885,-0.3614457831325301,-0.15261044176706828,-0.26506024096385544,0.10843373493975904,-0.3453815261044177,-0.0963855421686747,-0.3534136546184739,-0.14859437751004015,-0.24497991967871485,-0.13654618473895583,-0.17670682730923695
4,0.0,0.0,0.1875,0.1213235294117647,0.33088235294117646,0.16176470588235295,0.4338235294117647,0.1875,0.5404411764705882,0.18382352941176472,0.5147058823529411,-0.08088235294117647,0.6985294117647058,-0.06985294117647059,0.8308823529411765,-0.07720588235294118,0.9375,-0.10294117647058823,0.4852941176470588,-0.13602941176470587,0.7132352941176471,-0.09558823529411764,0.8713235294117647,-0.08455882352941177,1.0,-0.09926470588235294,0.4227941176470588,-0.15808823529411764,0.5477941176470589,0.051470588235294115,0.43014705882352944,0.11764705882352941,0.34558823529411764,0.11029411764705882,0.34191176470588236,-0.12867647058823528,0.43014705882352944,0.058823529411764705,0.3492647058823529,0.10294117647058823,0.28308823529411764,0.07720588235294118,0.0,0.0,-0.1606425702811245,-0.08835341365461848,-0.2570281124497992,-0.2248995983935743,-0.285140562248996,-0.321285140562249,-0.2248995983935743,-0.40963855421686746,-0.12048192771084337,-0.5100401606425703,-0.1285140562248996,-0.7309236947791165,-0.13654618473895583,-0.8795180722891566,-0.11646586345381527,-1.0,-0.012048192771084338,-0.4939759036144578,-0.0642570281124498,-0.7349397590361446,-0.06827309236947791,-0.8433734939759037,-0.04819277108433735,-0.9156626506024096,0.07228915662650602,-0.43775100401606426,-0.13253012048192772,-0.5020080321285141,-0.17670682730923695,-0.357429718875502,-0.1566265060240964,-0.26506024096385544,0.10843373493975904,-0.3493975903614458,-0.10441767068273092,-0.3534136546184739,-0.15261044176706828,-0.24497991967871485,-0.14056224899598393,-0.17269076305220885
4,0.0,0.0,0.18333333333333332,0.10333333333333333,0.33666666666666667,0.14,0.43666666666666665,0.16666666666666666,0.5266666666666666,0.17666666666666667,0.5166666666666667,-0.07333333333333333,0.7,-0.05333333333333334,0.83,-0.06,0.9366666666666666,-0.08333333333333333,0.48333333333333334,-0.12666666666666668,0.7133333333333334,-0.08333333333333333,0.87,-0.07333333333333333,1.0,-0.09333333333333334,0.41333333333333333,-0.14333333333333334,0.5433333333333333,0.06,0.43333333333333335,0.11666666666666667,0.35333333333333333,0.10333333333333333,0.32666666666666666,-0.11666666666666667,0.4266666666666667,0.06666666666666667,0.35,0.10333333333333333,0.29,0.07333333333333333,0.0,0.0,-0.15648854961832062,-0.08778625954198473,-0.2480916030534351,-0.21755725190839695,-0.2786259541984733,-0.30916030534351147,-0.2366412213740458,-0.4083969465648855,-0.11450381679389313,-0.5152671755725191,-0.13358778625954199,-0.7251908396946565,-0.14122137404580154,-0.8778625954198473,-0.12595419847328243,-1.0,-0.003816793893129771,-0.4961832061068702,-0.05343511450381679,-0.7251908396946565,-0.05343511450381679,-0.8358778625954199,-0.030534351145038167,-0.9198473282442748,0.08015267175572519,-0.44274809160305345,-0.1297709923664122,-0.5038167938931297,-0.17938931297709923,-0.36259541984732824,-0.16030534351145037,-0.26717557251908397,0.11068702290076336,-0.3435114503816794,-0.10305343511450382,-0.3473282442748092,-0.15648854961832062,-0.24045801526717558,-0.14885496183206107,-0.16793893129770993
4,0.0,0.0,0.19682539682539682,0.10476190476190476,0.3492063492063492,0.14285714285714285,0.44761904761904764,0.16825396825396827,0.5428571428571428,0.17777777777777778,0.526984126984127,-0.08253968253968254,0.7111111111111111,-0.06984126984126984,0.8444444444444444,-0.08253968253968254,0.9492063492063492,-0.1111111111111111,0.49206349206349204,-0.1365079365079365,0.7206349206349206,-0.08571428571428572,0.8761904761904762,-0.08571428571428572,1.0,-0.10158730158730159,0.4253968253968254,-0.1523809523809524,0.5523809523809524,0.05714285714285714,0.4380952380952381,0.11428571428571428,0.35555555555555557,0.09841269841269841,0.3396825396825397,-0.12063492063492064,0.4380952380952381,0.05396825396825397,0.3619047619047619,0.09841269841269841,0.30158730158730157,0.0761904761904762,0.0,0.0,-0.15827338129496402,-0.08992805755395683,-0.2517985611510791,-0.21942446043165467,-0.2805755395683453,-0.3129496402877698,-0.22661870503597123,-0.4064748201438849,-0.11510791366906475,-0.5179856115107914,-0.13309352517985612,-0.7302158273381295,-0.14028776978417265,-0.8776978417266187,-0.12589928057553956,-1.0,0.0,-0.5,-0.05755395683453238,-0.7302158273381295,-0.06115107913669065,-0.841726618705036,-0.03237410071942446,-0.9280575539568345,0.08273381294964029,-0.43884892086330934,-0.12949640287769784,-0.5,-0.17625899280575538,-0.3597122302158273,-0.15467625899280577,-0.2697841726618705,0.11870503597122302,-0.34532374100719426,-0.09712230215827339,-0.35251798561151076,-0.1474820143884892,-0.2446043165467626,-0.1366906474820144,-0.17625899280575538
4,0.0,0.0,0.19230769230769232,0.10897435897435898,0.34294871794871795,0.14423076923076922,0.44551282051282054,0.16666666666666666,0.532051282051282,0.16987179487179488,0.5160256410256411,-0.09294871794871795,0.6955128205128205,-0.08653846153846154,0.8269230769230769,-0.09294871794871795,0.9294871794871795,-0.125,0.483974358974359,-0.14423076923076922,0.7211538461538461,-0.09615384615384616,0.875,-0.08974358974358974,1.0,-0.10576923076923077,0.4166666666666667,-0.16025641025641027,0.5416666666666666,0.041666666666666664,0.4326923076923077,0.09935897435897435,0.3525641025641026,0.08333333333333333,0.3333333333333333,-0.1282051282051282,0.4326923076923077,0.04487179487179487,0.3557692307692308,0.08653846153846154,0.2916666666666667,0.0641025641025641,0.0,0.0,-0.1552346570397112,-0.08664259927797834,-0.2490974729241877,-0.21660649819494585,-0.2743682310469314,-0.3140794223826715,-0.21660649819494585,-0.4043321299638989,-0.11552346570397112,-0.5090252707581228,-0.13357400722021662,-0.7292418772563177,-0.1444043321299639,-0.8772563176895307,-0.1263537906137184,-1.0,-0.007220216606498195,-0.49097472924187724,-0.06859205776173286,-0.7256317689530686,-0.061371841155234655,-0.8339350180505415,-0.02888086642599278,-0.9169675090252708,0.07942238267148015,-0.4368231046931408,-0.11913357400722022,-0.49458483754512633,-0.16967509025270758,-0.35379061371841153,-0.15162454873646208,-0.26353790613718414,0.11913357400722022,-0.34657039711191334,-0.09025270758122744,-0.35018050541516244,-0.1407942238267148,-0.24548736462093862,-0.13357400722021662,-0.17689530685920576
4,0.0,0.0,0.1858974358974359,0.10897435897435898,0.33974358974358976,0.14423076923076922,0.44551282051282054,0.16666666666666666,0.5352564102564102,0.17307692307692307,0.5192307692307693,-0.08974358974358974,0.6987179487179487,-0.08012820512820513,0.8301282051282052,-0.08974358974358974,0.9391025641025641,-0.11538461538461539,0.483974358974359,-0.13782051282051283,0.717948717948718,-0.09294871794871795,0.875,-0.08333333333333333,1.0,-0.09935897435897435,0.4198717948717949,-0.15705128205128205,0.5448717948717948,0.04807692307692308,0.4326923076923077,0.10576923076923077,0.3525641025641026,0.09294871794871795,0.33653846153846156,-0.125,0.4326923076923077,0.04807692307692308,0.358974358974359,0.09294871794871795,0.2948717948717949,0.0673076923076923,0.0,0.0,-0.15636363636363637,-0.08727272727272728,-0.2581818181818182,-0.22181818181818183,-0.28,-0.32,-0.2109090909090909,-0.4036363636363636,-0.11636363636363636,-0.5127272727272727,-0.13090909090909092,-0.730909090909091,-0.14181818181818182,-0.8763636363636363,-0.12363636363636364,-1.0,-0.0036363636363636364,-0.49818181818181817,-0.06181818181818182,-0.730909090909091,-0.06545454545454546,-0.8472727272727273,-0.03636363636363636,-0.9345454545454546,0.08,-0.44,-0.12,-0.49454545454545457,-0.17454545454545456,-0.3563636363636364,-0.16,-0.26545454545454544,0.12,-0.3490909090909091,-0.08727272727272728,-0.34545454545454546,-0.14181818181818182,-0.24,-0.13818181818181818,-0.1709090909090909
4,0.0,0.0,0.19169329073482427,0.11182108626198083,0.34185303514376997,0.14696485623003194,0.4472843450479233,0.16932907348242812,0.5431309904153354,0.17252396166134185,0.5207667731629393,-0.08945686900958466,0.6996805111821086,-0.08306709265175719,0.8306709265175719,-0.09584664536741214,0.9329073482428115,-0.13099041533546327,0.48881789137380194,-0.14057507987220447,0.7220447284345048,-0.08945686900958466,0.8785942492012779,-0.08306709265175719,1.0,-0.10543130990415335,0.4249201277955272,-0.1597444089456869,0.549520766773163,0.04153354632587859,0.43769968051118213,0.10223642172523961,0.3546325878594249,0.0926517571884984,0.34185303514376997,-0.12779552715654952,0.43769968051118213,0.04472843450479233,0.3610223642172524,0.0926517571884984,0.2939297124600639,0.07028753993610223,0.0,0.0,-0.15384615384615385,-0.09157509157509157,-0.25274725274725274,-0.2271062271062271,-0.27472527472527475,-0.32234432234432236,-0.20512820512820512,-0.4065934065934066,-0.10989010989010989,-0.5164835164835165,-0.12087912087912088,-0.7326007326007326,-0.13186813186813187,-0.8791208791208791,-0.11355311355311355,-1.0,0.0,-0.4981684981684982,-0.05860805860805861,-0.7362637362637363,-0.06227106227106227,-0.8571428571428571,-0.040293040293040296,-0.9523809523809523,0.08424908424908426,-0.4432234432234432,-0.11355311355311355,-0.5018315018315018,-0.1684981684981685,-0.358974358974359,-0.15384615384615385,-0.2673992673992674,0.12454212454212454,-0.3516483516483517,-0.08424908424908426,-0.3516483516483517,-0.1391941391941392,-0.2454212454212454,-0.13186813186813187,-0.17582417582417584
4,0.0,0.0,0.1891025641025641,0.11538461538461539,0.33974358974358976,0.15064102564102563,0.44551282051282054,0.17307692307692307,0.5416666666666666,0.17307692307692307,0.5160256410256411,-0.08653846153846154,0.6955128205128205,-0.08012820512820513,0.8269230769230769,-0.09294871794871795,0.9294871794871795,-0.125,0.48717948717948717,-0.13782051282051283,0.7211538461538461,-0.08653846153846154,0.875,-0.07692307692307693,1.0,-0.09935897435897435,0.4230769230769231,-0.15384615384615385,0.5448717948717948,0.05128205128205128,0.42948717948717946,0.10897435897435898,0.34935897435897434,0.09615384615384616,0.33974358974358976,-0.125,0.4358974358974359,0.05128205128205128,0.3557692307692308,0.09615384615384616,0.2916666666666667,0.07371794871794872,0.0,0.0,-0.15018315018315018,-0.08424908424908426,-0.2454212454212454,-0.21978021978021978,-0.27106227106227104,-0.315018315018315,-0.2087912087912088,-0.4065934065934066,-0.10989010989010989,-0.5128205128205128,-0.1282051282051282,-0.7289377289377289,-0.1391941391941392,-0.8791208791208791,-0.12087912087912088,-1.0,0.003663003663003663,-0.4945054945054945,-0.054945054945054944,-0.7289377289377289,-0.05128205128205128,-0.8388278388278388,-0.02197802197802198,-0.9194139194139194,0.08791208791208792,-0.4358974358974359,-0.11355311355311355,-0.4981684981684982,-0.16483516483516483,-0.3553113553113553,-0.15018315018315018,-0.2600732600732601,0.1282051282051282,-0.3443223443223443,-0.08424908424908426,-0.3516483516483517,-0.13553113553113552,-0.2454212454212454,-0.1282051282051282,-0.17582417582417584
4,0.0,0.0,0.19292604501607716,0.11254019292604502,0.3440514469453376,0.14790996784565916,0.44694533762057875,0.16720257234726688,0.5369774919614148,0.1639871382636656,0.5209003215434084,-0.09003215434083602,0.6977491961414791,-0.08360128617363344,0.8295819935691319,-0.09967845659163987,0.9356913183279743,-0.13504823151125403,0.4887459807073955,-0.1414790996784566,0.7234726688102894,-0.0932475884244373,0.8778135048231511,-0.08360128617363344,1.0,-0.10610932475884244,0.42443729903536975,-0.1607717041800643,0.5466237942122186,0.04180064308681672,0.4340836012861736,0.10289389067524116,0.3536977491961415,0.0932475884244373,0.3408360128617363,-0.12861736334405144,0.43729903536977494,0.04180064308681672,0.36012861736334406,0.09003215434083602,0.29260450160771706,0.06752411575562701,0.0,0.0,-0.15384615384615385,-0.08791208791208792,-0.2490842490842491,-0.21611721611721613,-0.27472527472527475,-0.315018315018315,-0.21245421245421245,-0.4065934065934066,-0.10989010989010989,-0.5128205128205128,-0.13186813186813187,-0.7326007326007326,-0.14285714285714285,-0.8791208791208791,-0.12454212454212454,-1.0,0.0,-0.4981684981684982,-0.05860805860805861,-0.7326007326007326,-0.06227106227106227,-0.8498168498168498,-0.03663003663003663,-0.9377289377289377,0.08424908424908426,-0.43956043956043955,-0.11721611721611722,-0.5018315018315018,-0.16483516483516483,-0.3626373626373626,-0.15384615384615385,-0.26373626373626374,0.12454212454212454,-0.3516483516483517,-0.08791208791208792,-0.3553113553113553,-0.1391941391941392,-0.2490842490842491,-0.13186813186813187,-0.17582417582417584
4,0.0,0.0,0.18241042345276873,0.11400651465798045,0.3322475570032573,0.15309446254071662,0.43322475570032576,0.17263843648208468,0.5244299674267101,0.15960912052117263,0.5146579804560261,-0.09120521172638436,0.6938110749185668,-0.08469055374592833,0.8273615635179153,-0.09771986970684039,0.9315960912052117,-0.13355048859934854,0.4820846905537459,-0.14332247557003258,0.7198697068403909,-0.09120521172638436,0.8762214983713354,-0.08469055374592833,1.0,-0.10749185667752444,0.4169381107491857,-0.15960912052117263,0.5439739413680782,0.03908794788273615,0.42996742671009774,0.10097719869706841,0.3485342019543974,0.08794788273615635,0.3355048859934853,-0.13029315960912052,0.43322475570032576,0.048859934853420196,0.3517915309446254,0.09120521172638436,0.28338762214983715,0.06514657980456026,0.0,0.0,-0.15441176470588236,-0.09191176470588236,-0.25,-0.22426470588235295,-0.2757352941176471,-0.31985294117647056,-0.20955882352941177,-0.40808823529411764,-0.11029411764705882,-0.5110294117647058,-0.12867647058823528,-0.7316176470588235,-0.13970588235294118,-0.8786764705882353,-0.1213235294117647,-1.0,0.0,-0.5,-0.0625,-0.7389705882352942,-0.0661764705882353,-0.8566176470588235,-0.04779411764705882,-0.9485294117647058,0.08455882352941177,-0.4411764705882353,-0.11397058823529412,-0.5036764705882353,-0.16911764705882354,-0.3639705882352941,-0.15073529411764705,-0.2647058823529412,0.125,-0.35294117647058826,-0.08455882352941177,-0.3602941176470588,-0.13602941176470587,-0.2536764705882353,-0.12867647058823528,-0.1801470588235294
4,0.0,0.0,0.18831168831168832,0.11363636363636363,0.3344155844155844,0.14935064935064934,0.4383116883116883,0.16558441558441558,0.5227272727272727,0.1525974025974026,0.5162337662337663,-0.09740259740259741,0.6948051948051948,-0.09090909090909091,0.8246753246753247,-0.1038961038961039,0.9285714285714286,-0.13636363636363635,0.4805194805194805,-0.14935064935064934,0.7207792207792207,-0.09415584415584416,0.8766233766233766,-0.08441558441558442,1.0,-0.10714285714285714,0.41233766233766234,-0.16883116883116883,0.538961038961039,0.03571428571428571,0.42857142857142855,0.09740259740259741,0.34415584415584416,0.08441558441558442,0.3344155844155844,-0.13636363636363635,0.4318181818181818,0.04220779220779221,0.35064935064935066,0.08766233766233766,0.2824675324675325,0.06168831168831169,0.0,0.0,-0.15441176470588236,-0.08455882352941177,-0.25,-0.21691176470588236,-0.27205882352941174,-0.3125,-0.20955882352941177,-0.40808823529411764,-0.11397058823529412,-0.5110294117647058,-0.13602941176470587,-0.7279411764705882,-0.14338235294117646,-0.875,-0.1213235294117647,-1.0,0.0,-0.4963235294117647,-0.0625,-0.7279411764705882,-0.0661764705882353,-0.8455882352941176,-0.04044117647058824,-0.9338235294117647,0.08455882352941177,-0.4375,-0.11397058823529412,-0.5,-0.16911764705882354,-0.3602941176470588,-0.15441176470588236,-0.2647058823529412,0.125,-0.3492647058823529,-0.08823529411764706,-0.35661764705882354,-0.13970588235294118,-0.24632352941176472,-0.12867647058823528,-0.17647058823529413
4,0.0,0.0,0.18421052631578946,0.10855263157894737,0.3355263157894737,0.15460526315789475,0.4342105263157895,0.17763157894736842,0.506578947368421,0.14802631578947367,0.5164473684210527,-0.08552631578947369,0.7006578947368421,-0.07236842105263158,0.8355263157894737,-0.08223684210526316,0.9407894736842105,-0.1118421052631579,0.4769736842105263,-0.14802631578947367,0.7171052631578947,-0.09539473684210527,0.875,-0.08552631578947369,1.0,-0.10197368421052631,0.40789473684210525,-0.16776315789473684,0.5296052631578947,0.029605263157894735,0.42105263157894735,0.09210526315789473,0.33881578947368424,0.07894736842105263,0.3256578947368421,-0.14144736842105263,0.42105263157894735,0.039473684210526314,0.34210526315789475,0.08223684210526316,0.27631578947368424,0.05263157894736842,0.0,0.0,-0.15671641791044777,-0.08208955223880597,-0.25,-0.2126865671641791,-0.26865671641791045,-0.3208955223880597,-0.21641791044776118,-0.4141791044776119,-0.11194029850746269,-0.5149253731343284,-0.1455223880597015,-0.7276119402985075,-0.15671641791044777,-0.8768656716417911,-0.13805970149253732,-1.0,0.0,-0.503731343283582,-0.05970149253731343,-0.7313432835820896,-0.06716417910447761,-0.8544776119402985,-0.048507462686567165,-0.9477611940298507,0.08208955223880597,-0.44776119402985076,-0.11567164179104478,-0.503731343283582,-0.17164179104477612,-0.3582089552238806,-0.15671641791044777,-0.26119402985074625,0.12313432835820895,-0.35447761194029853,-0.08208955223880597,-0.3582089552238806,-0.13805970149253732,-0.25,-0.13432835820895522,-0.1791044776119403
4,0.0,0.0,0.17880794701986755,0.09933774834437085,0.32450331125827814,0.1390728476821192,0.4271523178807947,0.15894039735099338,0.5,0.12582781456953643,0.5132450331125827,-0.08940397350993377,0.7086092715231788,-0.076158940397351,0.8443708609271523,-0.08609271523178808,0.956953642384106,-0.11589403973509933,0.4735099337748344,-0.15562913907284767,0.7152317880794702,-0.10596026490066225,0.8741721854304636,-0.09271523178807947,1.0,-0.10596026490066225,0.3973509933774834,-0.18211920529801323,0.5198675496688742,0.023178807947019868,0.4105960264900662,0.08278145695364239,0.33112582781456956,0.06622516556291391,0.31125827814569534,-0.16225165562913907,0.3973509933774834,0.026490066225165563,0.32450331125827814,0.0695364238410596,0.26490066225165565,0.03642384105960265,0.0,0.0,-0.17669172932330826,-0.08646616541353383,-0.2631578947368421,-0.21804511278195488,-0.2894736842105263,-0.3233082706766917,-0.24812030075187969,-0.42105263157894735,-0.11278195488721804,-0.5225563909774437,-0.15037593984962405,-0.7293233082706767,-0.15789473684210525,-0.8796992481203008,-0.14285714285714285,-1.0,-0.007518796992481203,-0.5112781954887218,-0.06766917293233082,-0.7406015037593985,-0.09398496240601503,-0.8721804511278195,-0.09398496240601503,-0.981203007518797,0.07142857142857142,-0.45864661654135336,-0.15037593984962405,-0.518796992481203,-0.20300751879699247,-0.37218045112781956,-0.18045112781954886,-0.2781954887218045,0.10526315789473684,-0.3684210526315789,-0.10902255639097744,-0.37218045112781956,-0.15789473684210525,-0.2631578947368421,-0.14285714285714285,-0.19172932330827067
4,0.0,0.0,0.17320261437908496,0.0915032679738562,0.3202614379084967,0.13071895424836602,0.4215686274509804,0.1503267973856209,0.4934640522875817,0.10457516339869281,0.5163398692810458,-0.09803921568627451,0.7222222222222222,-0.08496732026143791,0.8627450980392157,-0.09477124183006536,0.9771241830065359,-0.12745098039215685,0.4673202614379085,-0.16993464052287582,0.7124183006535948,-0.11764705882352941,0.8725490196078431,-0.09803921568627451,1.0,-0.1111111111111111,0.3888888888888889,-0.20261437908496732,0.5163398692810458,0.006535947712418301,0.4019607843137255,0.0718954248366013,0.31699346405228757,0.049019607843137254,0.2973856209150327,-0.1830065359477124,0.38562091503267976,0.016339869281045753,0.30718954248366015,0.06209150326797386,0.24836601307189543,0.0196078431372549,0.0,0.0,-0.18861209964412812,-0.09252669039145907,-0.28113879003558717,-0.23487544483985764,-0.3309608540925267,-0.34519572953736655,-0.28825622775800713,-0.4199288256227758,-0.12099644128113879,-0.5195729537366548,-0.13167259786476868,-0.7259786476868327,-0.13167259786476868,-0.8790035587188612,-0.1103202846975089,-1.0,-0.0071174377224199285,-0.501779359430605,-0.05693950177935943,-0.7295373665480427,-0.08540925266903915,-0.8647686832740213,-0.09252669039145907,-0.9644128113879004,0.06405693950177936,-0.4412811387900356,-0.1708185053380783,-0.5088967971530249,-0.2277580071174377,-0.3594306049822064,-0.20640569395017794,-0.2597864768683274,0.08896797153024912,-0.35587188612099646,-0.1423487544483986,-0.3594306049822064,-0.199288256227758,-0.24199288256227758,-0.18861209964412812,-0.16370106761565836
4,0.0,0.0,0.1753846153846154,0.08,0.3169230769230769,0.11384615384615385,0.4153846153846154,0.13538461538461538,0.48923076923076925,0.08615384615384615,0.5015384615384615,-0.12615384615384614,0.6984615384615385,-0.10461538461538461,0.84,-0.11692307692307692,0.9538461538461539,-0.14461538461538462,0.4523076923076923,-0.19692307692307692,0.6984615384615385,-0.14153846153846153,0.8553846153846154,-0.11692307692307692,1.0,-0.12923076923076923,0.37538461538461537,-0.2246153846153846,0.5107692307692308,-0.012307692307692308,0.39692307692307693,0.052307692307692305,0.31384615384615383,0.027692307692307693,0.28923076923076924,-0.19692307692307692,0.38153846153846155,0.0,0.3046153846153846,0.052307692307692305,0.24307692307692308,0.012307692307692308,0.0,0.0,-0.18118466898954705,-0.08362369337979095,-0.289198606271777,-0.22996515679442509,-0.3344947735191638,-0.3519163763066202,-0.27177700348432055,-0.4355400696864111,-0.11149825783972125,-0.519163763066202,-0.1289198606271777,-0.7317073170731707,-0.12195121951219512,-0.8815331010452961,-0.0975609756097561,-1.0,0.006968641114982578,-0.49477351916376305,-0.0313588850174216,-0.7386759581881533,-0.05574912891986063,-0.8815331010452961,-0.05574912891986063,-0.9930313588850174,0.08013937282229965,-0.4355400696864111,-0.14982578397212543,-0.5121951219512195,-0.21602787456445993,-0.3623693379790941,-0.20905923344947736,-0.2578397212543554,0.10104529616724739,-0.34494773519163763,-0.1289198606271777,-0.36585365853658536,-0.1916376306620209,-0.24738675958188153,-0.1951219512195122,-0.16376306620209058
4,0.0,0.0,0.17681159420289855,0.07536231884057971,0.3159420289855073,0.11014492753623188,0.41739130434782606,0.13623188405797101,0.5014492753623189,0.0927536231884058,0.4985507246376812,-0.13043478260869565,0.6956521739130435,-0.10434782608695652,0.8318840579710145,-0.11014492753623188,0.9449275362318841,-0.13623188405797101,0.4579710144927536,-0.18840579710144928,0.7072463768115942,-0.12753623188405797,0.8695652173913043,-0.1072463768115942,1.0,-0.11884057971014493,0.3855072463768116,-0.2144927536231884,0.5159420289855072,-0.002898550724637681,0.39710144927536234,0.057971014492753624,0.3101449275362319,0.04057971014492753,0.30434782608695654,-0.1855072463768116,0.4,0.002898550724637681,0.3188405797101449,0.057971014492753624,0.25217391304347825,0.028985507246376812,0.0,0.0,-0.18088737201365188,-0.08873720136518772,-0.2764505119453925,-0.23208191126279865,-0.310580204778157,-0.3378839590443686,-0.2696245733788396,-0.4300341296928328,-0.10921501706484642,-0.5187713310580204,-0.13651877133105803,-0.726962457337884,-0.15017064846416384,-0.8771331058020477,-0.13310580204778158,-1.0,0.0,-0.5017064846416383,-0.05460750853242321,-0.7372013651877133,-0.07167235494880546,-0.8737201365187713,-0.06143344709897611,-0.9829351535836177,0.07167235494880546,-0.44368600682593856,-0.15699658703071673,-0.5085324232081911,-0.2150170648464164,-0.3651877133105802,-0.20136518771331058,-0.27303754266211605,0.09897610921501707,-0.3583617747440273,-0.12627986348122866,-0.36860068259385664,-0.18088737201365188,-0.25597269624573377,-0.17064846416382254,-0.18088737201365188
4,0.0,0.0,0.17857142857142858,0.08630952380952381,0.3273809523809524,0.12202380952380952,0.42857142857142855,0.14583333333333334,0.5148809523809523,0.10416666666666667,0.5059523809523809,-0.11904761904761904,0.7083333333333334,-0.10119047619047619,0.8452380952380952,-0.11011904761904762,0.9583333333333334,-0.13690476190476192,0.46726190476190477,-0.18154761904761904,0.7202380952380952,-0.11904761904761904,0.8720238095238095,-0.10416666666666667,1.0,-0.11904761904761904,0.4017857142857143,-0.20833333333333334,0.5238095238095238,0.008928571428571428,0.40476190476190477,0.06845238095238096,0.31845238095238093,0.05357142857142857,0.31845238095238093,-0.18452380952380953,0.41369047619047616,0.005952380952380952,0.3333333333333333,0.05357142857142857,0.26785714285714285,0.03571428571428571,0.0,0.0,-0.16896551724137931,-0.08620689655172414,-0.25517241379310346,-0.22413793103448276,-0.27586206896551724,-0.3310344827586207,-0.23448275862068965,-0.43448275862068964,-0.1,-0.5137931034482759,-0.12758620689655173,-0.7241379310344828,-0.13793103448275862,-0.8758620689655172,-0.1206896551724138,-1.0,0.0034482758620689655,-0.5,-0.05172413793103448,-0.7344827586206897,-0.07241379310344828,-0.8689655172413793,-0.06551724137931035,-0.9689655172413794,0.07931034482758621,-0.44482758620689655,-0.13448275862068965,-0.503448275862069,-0.1896551724137931,-0.36551724137931035,-0.1724137931034483,-0.27241379310344827,0.11379310344827587,-0.35517241379310344,-0.10689655172413794,-0.36551724137931035,-0.15862068965517243,-0.25862068965517243,-0.1482758620689655,-0.18620689655172415
4,0.0,0.0,0.17177914110429449,0.09202453987730061,0.31901840490797545,0.13496932515337423,0.4171779141104294,0.15644171779141106,0.50920245398773,0.11349693251533742,0.5,-0.11042944785276074,0.696319018404908,-0.09202453987730061,0.8312883435582822,-0.10122699386503067,0.9447852760736196,-0.12576687116564417,0.4662576687116564,-0.17177914110429449,0.7147239263803681,-0.11349693251533742,0.8711656441717791,-0.09815950920245399,1.0,-0.10736196319018405,0.3987730061349693,-0.19938650306748465,0.5245398773006135,0.015337423312883436,0.401840490797546,0.0736196319018405,0.31901840490797545,0.06441717791411043,0.31901840490797545,-0.18098159509202455,0.4171779141104294,0.003067484662576687,0.3343558282208589,0.05521472392638037,0.2668711656441718,0.03680981595092025,0.0,0.0,-0.16312056737588654,-0.08865248226950355,-0.25886524822695034,-0.23404255319148937,-0.26595744680851063,-0.34397163120567376,-0.20212765957446807,-0.4397163120567376,-0.09574468085106383,-0.524822695035461,-0.12056737588652482,-0.7375886524822695,-0.1276595744680851,-0.8794326241134752,-0.11347517730496454,-1.0,0.0070921985815602835,-0.5106382978723404,-0.04609929078014184,-0.74822695035461,-0.0673758865248227,-0.8794326241134752,-0.0673758865248227,-0.9893617021276596,0.09574468085106383,-0.4574468085106383,-0.11347517730496454,-0.5212765957446809,-0.1702127659574468,-0.37943262411347517,-0.16312056737588654,-0.2730496453900709,0.1347517730496454,-0.36879432624113473,-0.07801418439716312,-0.3829787234042553,-0.13120567375886524,-0.2730496453900709,-0.12056737588652482,-0.19858156028368795
4,0.0,0.0,0.1755485893416928,0.09404388714733543,0.31974921630094044,0.13793103448275862,0.4200626959247649,0.15987460815047022,0.5078369905956113,0.11598746081504702,0.5047021943573667,-0.10344827586206896,0.6959247648902821,-0.09090909090909091,0.8338557993730408,-0.10344827586206896,0.9467084639498433,-0.13479623824451412,0.4702194357366771,-0.16300940438871472,0.7178683385579937,-0.109717868338558,0.877742946708464,-0.10031347962382445,1.0,-0.11912225705329153,0.4012539184952978,-0.18808777429467086,0.5203761755485894,0.01567398119122257,0.40752351097178685,0.07523510971786834,0.322884012539185,0.06583072100313479,0.31974921630094044,-0.16614420062695925,0.41379310344827586,0.012539184952978056,0.335423197492163,0.06269592476489028,0.26959247648902823,0.04075235109717868,0.0,0.0,-0.1595744680851064,-0.08865248226950355,-0.2553191489361702,-0.22340425531914893,-0.2765957446808511,-0.3333333333333333,-0.21631205673758866,-0.4326241134751773,-0.10283687943262411,-0.5177304964539007,-0.1276595744680851,-0.7340425531914894,-0.13829787234042554,-0.8794326241134752,-0.12056737588652482,-1.0,0.0035460992907801418,-0.5070921985815603,-0.04609929078014184,-0.7411347517730497,-0.06382978723404255,-0.8723404255319149,-0.05673758865248227,-0.9680851063829787,0.0851063829787234,-0.45390070921985815,-0.11702127659574468,-0.5177304964539007,-0.17375886524822695,-0.375886524822695,-0.1595744680851064,-0.2765957446808511,0.1276595744680851,-0.36879432624113473,-0.0851063829787234,-0.375886524822695,-0.13829787234042554,-0.2695035460992908,-0.12411347517730496,-0.1950354609929078
4,0.0,0.0,0.17763157894736842,0.09868421052631579,0.32894736842105265,0.13815789473684212,0.4309210526315789,0.1611842105263158,0.5098684210526315,0.11513157894736842,0.5131578947368421,-0.10855263157894737,0.7072368421052632,-0.09868421052631579,0.8453947368421053,-0.11513157894736842,0.9572368421052632,-0.1513157894736842,0.4769736842105263,-0.17105263157894737,0.7203947368421053,-0.11842105263157894,0.8782894736842105,-0.1118421052631579,1.0,-0.13157894736842105,0.40789473684210525,-0.20065789473684212,0.5230263157894737,0.006578947368421052,0.40789473684210525,0.07236842105263158,0.3223684210526316,0.05592105263157895,0.3256578947368421,-0.17763157894736842,0.41118421052631576,0.009868421052631578,0.33223684210526316,0.05921052631578947,0.26644736842105265,0.029605263157894735,0.0,0.0,-0.15693430656934307,-0.08394160583941605,-0.24817518248175183,-0.22262773722627738,-0.27007299270072993,-0.3357664233576642,-0.22262773722627738,-0.4416058394160584,-0.09854014598540146,-0.5182481751824818,-0.1386861313868613,-0.7299270072992701,-0.14963503649635038,-0.8795620437956204,-0.1386861313868613,-1.0,0.0036496350364963502,-0.5072992700729927,-0.058394160583941604,-0.7372262773722628,-0.06934306569343066,-0.864963503649635,-0.06204379562043796,-0.9671532846715328,0.08394160583941605,-0.45985401459854014,-0.12773722627737227,-0.5255474452554745,-0.17883211678832117,-0.3759124087591241,-0.16423357664233576,-0.27007299270072993,0.12773722627737227,-0.3759124087591241,-0.08759124087591241,-0.3905109489051095,-0.14233576642335766,-0.28102189781021897,-0.13503649635036497,-0.20072992700729927
4,0.0,0.0,0.17880794701986755,0.09271523178807947,0.32781456953642385,0.1291390728476821,0.4271523178807947,0.1490066225165563,0.5066225165562914,0.10264900662251655,0.5132450331125827,-0.11258278145695365,0.7119205298013245,-0.10264900662251655,0.847682119205298,-0.11589403973509933,0.956953642384106,-0.1490066225165563,0.47019867549668876,-0.17880794701986755,0.7185430463576159,-0.12251655629139073,0.8741721854304636,-0.11258278145695365,1.0,-0.1291390728476821,0.3973509933774834,-0.2052980132450331,0.5231788079470199,0.0,0.4105960264900662,0.06622516556291391,0.32781456953642385,0.052980132450331126,0.31125827814569534,-0.18211920529801323,0.40066225165562913,0.006622516556291391,0.32450331125827814,0.056291390728476824,0.26490066225165565,0.029801324503311258,0.0,0.0,-0.16974169741697417,-0.08856088560885608,-0.25461254612546125,-0.22509225092250923,-0.2767527675276753,-0.33579335793357934,-0.23616236162361623,-0.43911439114391143,-0.09225092250922509,-0.5166051660516605,-0.13284132841328414,-0.7269372693726938,-0.14391143911439114,-0.8782287822878229,-0.13284132841328414,-1.0,0.01107011070110701,-0.5092250922509225,-0.04797047970479705,-0.7343173431734318,-0.07749077490774908,-0.8634686346863468,-0.08118081180811808,-0.966789667896679,0.08487084870848709,-0.4612546125461255,-0.14391143911439114,-0.5202952029520295,-0.1992619926199262,-0.3763837638376384,-0.18081180811808117,-0.2730627306273063,0.11439114391143912,-0.3726937269372694,-0.1033210332103321,-0.3837638376383764,-0.15498154981549817,-0.2730627306273063,-0.14391143911439114,-0.1918819188191882
4,0.0,0.0,0.1782178217821782,0.0924092409240924,0.3201320132013201,0.12871287128712872,0.41914191419141916,0.1485148514851485,0.5082508250825083,0.10891089108910891,0.5082508250825083,-0.1188118811881188,0.7062706270627063,-0.09900990099009901,0.8448844884488449,-0.10891089108910891,0.9537953795379538,-0.1353135313531353,0.46864686468646866,-0.18151815181518152,0.7161716171617162,-0.12871287128712872,0.8745874587458746,-0.11551155115511551,1.0,-0.132013201320132,0.39933993399339934,-0.20462046204620463,0.528052805280528,0.0,0.40924092409240925,0.0627062706270627,0.3234323432343234,0.04950495049504951,0.31353135313531355,-0.1782178217821782,0.40264026402640263,0.006600660066006601,0.3234323432343234,0.056105610561056105,0.2607260726072607,0.0297029702970297,0.0,0.0,-0.17037037037037037,-0.08518518518518518,-0.25925925925925924,-0.21851851851851853,-0.2851851851851852,-0.3333333333333333,-0.24814814814814815,-0.43333333333333335,-0.1,-0.5111111111111111,-0.13703703703703704,-0.7222222222222222,-0.14814814814814814,-0.8740740740740741,-0.13333333333333333,-1.0,0.0,-0.5,-0.05925925925925926,-0.7296296296296296,-0.07407407407407407,-0.8444444444444444,-0.06296296296296296,-0.9333333333333333,0.07407407407407407,-0.45185185185185184,-0.14814814814814814,-0.5148148148148148,-0.1962962962962963,-0.37407407407407406,-0.17037037037037037,-0.2777777777777778,0.10740740740740741,-0.37037037037037035,-0.11851851851851852,-0.37777777777777777,-0.15925925925925927,-0.26296296296296295,-0.13703703703703704,-0.18888888888888888
4,0.0,0.0,0.17549668874172186,0.08940397350993377,0.31788079470198677,0.1291390728476821,0.4205298013245033,0.1490066225165563,0.5033112582781457,0.10264900662251655,0.5,-0.11920529801324503,0.6986754966887417,-0.10264900662251655,0.8344370860927153,-0.10927152317880795,0.9470198675496688,-0.1390728476821192,0.4602649006622517,-0.18211920529801323,0.7086092715231788,-0.1357615894039735,0.8675496688741722,-0.11920529801324503,1.0,-0.13245033112582782,0.38741721854304634,-0.2119205298013245,0.5165562913907285,-0.006622516556291391,0.40066225165562913,0.056291390728476824,0.31456953642384106,0.04304635761589404,0.304635761589404,-0.18874172185430463,0.3973509933774834,-0.0033112582781456954,0.3211920529801324,0.04966887417218543,0.2582781456953642,0.026490066225165563,0.0,0.0,-0.17164179104477612,-0.08582089552238806,-0.2574626865671642,-0.22388059701492538,-0.2835820895522388,-0.332089552238806,-0.2462686567164179,-0.44029850746268656,-0.10074626865671642,-0.5149253731343284,-0.13432835820895522,-0.7276119402985075,-0.1417910447761194,-0.8768656716417911,-0.12686567164179105,-1.0,0.0,-0.5074626865671642,-0.06343283582089553,-0.7388059701492538,-0.08582089552238806,-0.8619402985074627,-0.08208955223880597,-0.9589552238805971,0.07462686567164178,-0.4552238805970149,-0.14925373134328357,-0.5186567164179104,-0.19402985074626866,-0.376865671641791,-0.16791044776119404,-0.2835820895522388,0.1044776119402985,-0.373134328358209,-0.11567164179104478,-0.3805970149253731,-0.15671641791044777,-0.26865671641791045,-0.1417910447761194,-0.19402985074626866
4,0.0,0.0,0.17532467532467533,0.09090909090909091,0.3181818181818182,0.12987012987012986,0.41883116883116883,0.1525974025974026,0.5032467532467533,0.1038961038961039,0.5,-0.11688311688311688,0.6948051948051948,-0.09740259740259741,0.8344155844155844,-0.10714285714285714,0.948051948051948,-0.13636363636363635,0.4642857142857143,-0.17857142857142858,0.711038961038961,-0.1266233766233766,0.8701298701298701,-0.11038961038961038,1.0,-0.12337662337662338,0.3961038961038961,-0.20454545454545456,0.5162337662337663,0.0,0.39935064935064934,0.06168831168831169,0.31493506493506496,0.048701298701298704,0.30844155844155846,-0.18181818181818182,0.4090909090909091,0.0,0.32792207792207795,0.05519480519480519,0.262987012987013,0.03571428571428571,0.0,0.0,-0.16666666666666666,-0.08518518518518518,-0.2518518518518518,-0.21851851851851853,-0.27037037037037037,-0.32592592592592595,-0.22592592592592592,-0.43333333333333335,-0.1037037037037037,-0.5111111111111111,-0.13703703703703704,-0.725925925925926,-0.14444444444444443,-0.8740740740740741,-0.1259259259259259,-1.0,0.003703703703703704,-0.5037037037037037,-0.05925925925925926,-0.737037037037037,-0.08148148148148149,-0.8592592592592593,-0.07777777777777778,-0.9592592592592593,0.08148148148148149,-0.45555555555555555,-0.13333333333333333,-0.5148148148148148,-0.18518518518518517,-0.37407407407407406,-0.17037037037037037,-0.2777777777777778,0.11851851851851852,-0.37037037037037035,-0.1,-0.37777777777777777,-0.15185185185185185,-0.26666666666666666,-0.14074074074074075,-0.18888888888888888
4,0.0,0.0,0.1830065359477124,0.08823529411764706,0.32679738562091504,0.13071895424836602,0.43137254901960786,0.15359477124183007,0.5163398692810458,0.10784313725490197,0.5,-0.12091503267973856,0.696078431372549,-0.10130718954248366,0.8333333333333334,-0.10784313725490197,0.9477124183006536,-0.13398692810457516,0.4673202614379085,-0.17973856209150327,0.7156862745098039,-0.12745098039215685,0.8758169934640523,-0.1111111111111111,1.0,-0.12418300653594772,0.39869281045751637,-0.20588235294117646,0.5228758169934641,0.0,0.4084967320261438,0.06535947712418301,0.32679738562091504,0.049019607843137254,0.31699346405228757,-0.1830065359477124,0.41830065359477125,-0.0032679738562091504,0.3366013071895425,0.05228758169934641,0.27124183006535946,0.026143790849673203,0.0,0.0,-0.16296296296296298,-0.08518518518518518,-0.26296296296296295,-0.2222222222222222,-0.2777777777777778,-0.337037037037037,-0.21851851851851853,-0.44074074074074077,-0.1111111111111111,-0.5185185185185185,-0.14444444444444443,-0.7296296296296296,-0.15555555555555556,-0.8777777777777778,-0.14074074074074075,-1.0,-0.003703703703703704,-0.5074074074074074,-0.06296296296296296,-0.737037037037037,-0.08518518518518518,-0.8666666666666667,-0.07777777777777778,-0.9666666666666667,0.07777777777777778,-0.45925925925925926,-0.12962962962962962,-0.5185185185185185,-0.1814814814814815,-0.37407407407407406,-0.17037037037037037,-0.27037037037037037,0.11851851851851852,-0.37037037037037035,-0.09259259259259259,-0.3851851851851852,-0.14444444444444443,-0.27037037037037037,-0.14074074074074075,-0.1925925925925926
4,0.0,0.0,0.17704918032786884,0.09180327868852459,0.3180327868852459,0.13114754098360656,0.419672131147541,0.14754098360655737,0.5180327868852459,0.10491803278688525,0.49836065573770494,-0.11147540983606558,0.6950819672131148,-0.10163934426229508,0.8360655737704918,-0.11147540983606558,0.9508196721311475,-0.1377049180327869,0.46885245901639344,-0.1737704918032787,0.7114754098360656,-0.12459016393442623,0.8721311475409836,-0.11147540983606558,1.0,-0.12459016393442623,0.4065573770491803,-0.20327868852459016,0.5245901639344263,0.009836065573770493,0.4098360655737705,0.06885245901639345,0.32131147540983607,0.05573770491803279,0.32786885245901637,-0.18688524590163935,0.42295081967213116,-0.003278688524590164,0.3377049180327869,0.04590163934426229,0.26885245901639343,0.029508196721311476,0.0,0.0,-0.15789473684210525,-0.08646616541353383,-0.2518796992481203,-0.22932330827067668,-0.2631578947368421,-0.34210526315789475,-0.19172932330827067,-0.4398496240601504,-0.09398496240601503,-0.518796992481203,-0.12406015037593984,-0.7293233082706767,-0.13157894736842105,-0.8759398496240601,-0.11654135338345864,-1.0,0.011278195488721804,-0.5075187969924813,-0.04887218045112782,-0.7443609022556391,-0.07142857142857142,-0.8796992481203008,-0.07142857142857142,-0.9887218045112782,0.09774436090225563,-0.4548872180451128,-0.10902255639097744,-0.518796992481203,-0.16165413533834586,-0.37218045112781956,-0.15413533834586465,-0.2631578947368421,0.14285714285714285,-0.3684210526315789,-0.06766917293233082,-0.37969924812030076,-0.12030075187969924,-0.2669172932330827,-0.11278195488721804,-0.18796992481203006
4,0.0,0.0,0.1737704918032787,0.09180327868852459,0.32131147540983607,0.12786885245901639,0.4262295081967213,0.1377049180327869,0.5245901639344263,0.10819672131147541,0.5016393442622951,-0.10491803278688525,0.6983606557377049,-0.09836065573770492,0.8360655737704918,-0.10819672131147541,0.9508196721311475,-0.1377049180327869,0.47540983606557374,-0.16721311475409836,0.7114754098360656,-0.11475409836065574,0.8721311475409836,-0.10491803278688525,1.0,-0.1180327868852459,0.4163934426229508,-0.19672131147540983,0.5344262295081967,0.006557377049180328,0.4131147540983607,0.06229508196721312,0.32459016393442625,0.05245901639344262,0.34098360655737703,-0.18360655737704917,0.43278688524590164,-0.006557377049180328,0.3442622950819672,0.03934426229508197,0.2754098360655738,0.019672131147540985,0.0,0.0,-0.15413533834586465,-0.08646616541353383,-0.2518796992481203,-0.22932330827067668,-0.2631578947368421,-0.34210526315789475,-0.18045112781954886,-0.4323308270676692,-0.10150375939849623,-0.518796992481203,-0.11654135338345864,-0.7330827067669173,-0.11278195488721804,-0.8796992481203008,-0.09022556390977443,-1.0,0.011278195488721804,-0.5075187969924813,-0.04887218045112782,-0.7443609022556391,-0.06766917293233082,-0.8721804511278195,-0.06015037593984962,-0.9774436090225563,0.09774436090225563,-0.4548872180451128,-0.09774436090225563,-0.518796992481203,-0.15413533834586465,-0.37218045112781956,-0.14661654135338345,-0.2669172932330827,0.14661654135338345,-0.3684210526315789,-0.05639097744360902,-0.37969924812030076,-0.10526315789473684,-0.2669172932330827,-0.09774436090225563,-0.19172932330827067
4,0.0,0.0,0.17666666666666667,0.09333333333333334,0.32666666666666666,0.13333333333333333,0.43333333333333335,0.14666666666666667,0.5333333333333333,0.11666666666666667,0.5033333333333333,-0.10333333333333333,0.7,-0.09666666666666666,0.8433333333333334,-0.10666666666666667,0.9566666666666667,-0.13333333333333333,0.47333333333333333,-0.16333333333333333,0.7166666666666667,-0.11666666666666667,0.8733333333333333,-0.10666666666666667,1.0,-0.12333333333333334,0.41,-0.19666666666666666,0.5333333333333333,0.01,0.41,0.06666666666666667,0.3233333333333333,0.056666666666666664,0.3333333333333333,-0.18666666666666668,0.43,-0.01,0.3466666666666667,0.04,0.27666666666666667,0.023333333333333334,0.0,0.0,-0.15037593984962405,-0.08270676691729323,-0.2518796992481203,-0.23308270676691728,-0.2556390977443609,-0.34210526315789475,-0.17293233082706766,-0.424812030075188,-0.09398496240601503,-0.518796992481203,-0.11278195488721804,-0.7368421052631579,-0.12030075187969924,-0.8796992481203008,-0.10526315789473684,-1.0,0.015037593984962405,-0.5037593984962406,-0.03007518796992481,-0.7481203007518797,-0.041353383458646614,-0.8721804511278195,-0.03007518796992481,-0.9624060150375939,0.10902255639097744,-0.45112781954887216,-0.08270676691729323,-0.518796992481203,-0.14285714285714285,-0.3684210526315789,-0.13533834586466165,-0.2593984962406015,0.16165413533834586,-0.3609022556390977,-0.045112781954887216,-0.38345864661654133,-0.10150375939849623,-0.2669172932330827,-0.09398496240601503,-0.18796992481203006
4,0.0,0.0,0.1717171717171717,0.10101010101010101,0.32323232323232326,0.1414141414141414,0.43097643097643096,0.15151515151515152,0.531986531986532,0.11447811447811448,0.5084175084175084,-0.10437710437710437,0.7070707070707071,-0.10437710437710437,0.8484848484848485,-0.11784511784511785,0.9595959595959596,-0.14814814814814814,0.4781144781144781,-0.16835016835016836,0.7205387205387206,-0.12121212121212122,0.8787878787878788,-0.1111111111111111,1.0,-0.13131313131313133,0.4175084175084175,-0.20202020202020202,0.531986531986532,0.006734006734006734,0.4107744107744108,0.06734006734006734,0.32323232323232326,0.050505050505050504,0.3434343434343434,-0.18855218855218855,0.43097643097643096,-0.006734006734006734,0.3434343434343434,0.04040404040404041,0.2727272727272727,0.013468013468013467,0.0,0.0,-0.15648854961832062,-0.09541984732824428,-0.2595419847328244,-0.2480916030534351,-0.2633587786259542,-0.35877862595419846,-0.1717557251908397,-0.44274809160305345,-0.09923664122137404,-0.5267175572519084,-0.10687022900763359,-0.7404580152671756,-0.11068702290076336,-0.8816793893129771,-0.08778625954198473,-1.0,0.015267175572519083,-0.5152671755725191,-0.030534351145038167,-0.7633587786259542,-0.04580152671755725,-0.8893129770992366,-0.03435114503816794,-0.9809160305343512,0.11068702290076336,-0.4580152671755725,-0.08015267175572519,-0.5343511450381679,-0.14122137404580154,-0.3816793893129771,-0.13740458015267176,-0.27099236641221375,0.16412213740458015,-0.3702290076335878,-0.04198473282442748,-0.3931297709923664,-0.09923664122137404,-0.2748091603053435,-0.09541984732824428,-0.1946564885496183
4,0.0,0.0,0.17406143344709898,0.10921501706484642,0.32764505119453924,0.15358361774744028,0.4334470989761092,0.16382252559726962,0.5290102389078498,0.1296928327645051,0.5119453924914675,-0.08873720136518772,0.6996587030716723,-0.08191126279863481,0.8395904436860068,-0.09215017064846416,0.9488054607508533,-0.12286689419795221,0.4812286689419795,-0.14675767918088736,0.7201365187713311,-0.09215017064846416,0.8771331058020477,-0.08532423208191127,1.0,-0.10580204778156997,0.4232081911262799,-0.17747440273037543,0.5324232081911263,0.030716723549488054,0.40955631399317405,0.08873720136518772,0.3242320819112628,0.07167235494880546,0.34812286689419797,-0.16382252559726962,0.4300341296928328,0.023890784982935155,0.3412969283276451,0.06484641638225255,0.27303754266211605,0.034129692832764506,0.0,0.0,-0.15,-0.1,-0.25384615384615383,-0.25,-0.25769230769230766,-0.3576923076923077,-0.16538461538461538,-0.43846153846153846,-0.09615384615384616,-0.5307692307692308,-0.1076923076923077,-0.7423076923076923,-0.1076923076923077,-0.8807692307692307,-0.08846153846153847,-1.0,0.019230769230769232,-0.5153846153846153,-0.019230769230769232,-0.7653846153846153,-0.03461538461538462,-0.8807692307692307,-0.026923076923076925,-0.9730769230769231,0.11538461538461539,-0.46153846153846156,-0.07307692307692308,-0.5307692307692308,-0.13846153846153847,-0.38076923076923075,-0.1346153846153846,-0.27307692307692305,0.17307692307692307,-0.3730769230769231,-0.03076923076923077,-0.3923076923076923,-0.09230769230769231,-0.28076923076923077,-0.09230769230769231,-0.2
4,0.0,0.0,0.17586206896551723,0.11379310344827587,0.3275862068965517,0.15517241379310345,0.43103448275862066,0.1724137931034483,0.5172413793103449,0.1413793103448276,0.5172413793103449,-0.0896551724137931,0.7034482758620689,-0.07931034482758621,0.8379310344827586,-0.09310344827586207,0.9482758620689655,-0.12413793103448276,0.4862068965517241,-0.14482758620689656,0.7172413793103448,-0.0896551724137931,0.8758620689655172,-0.07931034482758621,1.0,-0.09655172413793103,0.4206896551724138,-0.16896551724137931,0.5344827586206896,0.03793103448275862,0.41379310344827586,0.09655172413793103,0.3310344827586207,0.07586206896551724,0.3448275862068966,-0.1482758620689655,0.42758620689655175,0.03793103448275862,0.3413793103448276,0.07931034482758621,0.27586206896551724,0.041379310344827586,0.0,0.0,-0.15354330708661418,-0.09055118110236221,-0.25984251968503935,-0.23622047244094488,-0.2677165354330709,-0.35039370078740156,-0.17716535433070865,-0.42913385826771655,-0.0984251968503937,-0.5236220472440944,-0.11023622047244094,-0.7362204724409449,-0.1141732283464567,-0.8818897637795275,-0.09055118110236221,-1.0,0.015748031496062992,-0.5118110236220472,-0.023622047244094488,-0.7559055118110236,-0.047244094488188976,-0.889763779527559,-0.04330708661417323,-0.9921259842519685,0.1062992125984252,-0.46062992125984253,-0.08267716535433071,-0.5236220472440944,-0.14566929133858267,-0.37401574803149606,-0.1377952755905512,-0.27165354330708663,0.16141732283464566,-0.37401574803149606,-0.04330708661417323,-0.38188976377952755,-0.10236220472440945,-0.2677165354330709,-0.09448818897637795,-0.1889763779527559
4,0.0,0.0,0.18466898954703834,0.10801393728222997,0.3344947735191638,0.15331010452961671,0.43902439024390244,0.1672473867595819,0.5331010452961672,0.13588850174216027,0.5156794425087108,-0.09059233449477352,0.7073170731707317,-0.08362369337979095,0.8397212543554007,-0.0975609756097561,0.9477351916376306,-0.1289198606271777,0.4808362369337979,-0.14982578397212543,0.7177700348432056,-0.10104529616724739,0.8745644599303136,-0.09059233449477352,1.0,-0.10801393728222997,0.4146341463414634,-0.17421602787456447,0.5331010452961672,0.0313588850174216,0.4146341463414634,0.09059233449477352,0.3344947735191638,0.07317073170731707,0.33797909407665505,-0.14982578397212543,0.42160278745644597,0.0313588850174216,0.33797909407665505,0.07317073170731707,0.27177700348432055,0.041811846689895474,0.0,0.0,-0.15354330708661418,-0.08661417322834646,-0.25984251968503935,-0.2283464566929134,-0.2755905511811024,-0.33858267716535434,-0.1968503937007874,-0.421259842519685,-0.10236220472440945,-0.5196850393700787,-0.1220472440944882,-0.7322834645669292,-0.12598425196850394,-0.8818897637795275,-0.1141732283464567,-1.0,0.007874015748031496,-0.5078740157480315,-0.03937007874015748,-0.7440944881889764,-0.05905511811023622,-0.8740157480314961,-0.05905511811023622,-0.9881889763779528,0.09448818897637795,-0.4566929133858268,-0.10236220472440945,-0.5196850393700787,-0.16141732283464566,-0.3700787401574803,-0.15748031496062992,-0.2677165354330709,0.14173228346456693,-0.3661417322834646,-0.05905511811023622,-0.38188976377952755,-0.1141732283464567,-0.2677165354330709,-0.1062992125984252,-0.1889763779527559
4,0.0,0.0,0.17921146953405018,0.10752688172043011,0.3225806451612903,0.15053763440860216,0.4229390681003584,0.16487455197132617,0.5232974910394266,0.13978494623655913,0.5089605734767025,-0.0967741935483871,0.7060931899641577,-0.08960573476702509,0.8458781362007168,-0.10752688172043011,0.956989247311828,-0.13620071684587814,0.4767025089605735,-0.15412186379928317,0.7204301075268817,-0.1039426523297491,0.8781362007168458,-0.1003584229390681,1.0,-0.12186379928315412,0.4157706093189964,-0.17562724014336917,0.5340501792114696,0.03225806451612903,0.41935483870967744,0.0931899641577061,0.3333333333333333,0.08243727598566308,0.33691756272401435,-0.15053763440860216,0.4229390681003584,0.035842293906810034,0.34050179211469533,0.07526881720430108,0.27598566308243727,0.04659498207885305,0.0,0.0,-0.1606425702811245,-0.09236947791164658,-0.2570281124497992,-0.2289156626506024,-0.27710843373493976,-0.3453815261044177,-0.21686746987951808,-0.44176706827309237,-0.0963855421686747,-0.5220883534136547,-0.12449799196787148,-0.7349397590361446,-0.13253012048192772,-0.8795180722891566,-0.11646586345381527,-1.0,0.012048192771084338,-0.5100401606425703,-0.04819277108433735,-0.7429718875502008,-0.06827309236947791,-0.8755020080321285,-0.06827309236947791,-0.9839357429718876,0.08835341365461848,-0.46184738955823296,-0.11646586345381527,-0.5220883534136547,-0.1686746987951807,-0.37349397590361444,-0.15261044176706828,-0.26907630522088355,0.13654618473895583,-0.37751004016064255,-0.07228915662650602,-0.3895582329317269,-0.12449799196787148,-0.27710843373493976,-0.11244979919678715,-0.19678714859437751
4,0.0,0.0,0.17793594306049823,0.099644128113879,0.3238434163701068,0.1423487544483986,0.4234875444839858,0.16725978647686832,0.5088967971530249,0.13167259786476868,0.5088967971530249,-0.09252669039145907,0.7046263345195729,-0.08896797153024912,0.8398576512455516,-0.10676156583629894,0.9501779359430605,-0.1423487544483986,0.4697508896797153,-0.15302491103202848,0.7153024911032029,-0.10676156583629894,0.8754448398576512,-0.1103202846975089,1.0,-0.1387900355871886,0.40213523131672596,-0.17793594306049823,0.5302491103202847,0.028469750889679714,0.41637010676156583,0.08896797153024912,0.3309608540925267,0.07473309608540925,0.3167259786476868,-0.1494661921708185,0.4128113879003559,0.03202846975088968,0.33451957295373663,0.07473309608540925,0.2704626334519573,0.0498220640569395,0.0,0.0,-0.1626984126984127,-0.08333333333333333,-0.25793650793650796,-0.2222222222222222,-0.2777777777777778,-0.3333333333333333,-0.2261904761904762,-0.43253968253968256,-0.10317460317460317,-0.5158730158730159,-0.12698412698412698,-0.7301587301587301,-0.1349206349206349,-0.876984126984127,-0.11904761904761904,-1.0,0.0,-0.5079365079365079,-0.06746031746031746,-0.7380952380952381,-0.07936507936507936,-0.8571428571428571,-0.07142857142857142,-0.9523809523809523,0.07142857142857142,-0.4603174603174603,-0.1349206349206349,-0.5198412698412699,-0.1865079365079365,-0.373015873015873,-0.16666666666666666,-0.2698412698412698,0.1111111111111111,-0.376984126984127,-0.0992063492063492,-0.38095238095238093,-0.14682539682539683,-0.2698412698412698,-0.1349206349206349,-0.19444444444444445
4,0.0,0.0,0.1936619718309859,0.09859154929577464,0.3345070422535211,0.13732394366197184,0.43309859154929575,0.15845070422535212,0.5140845070422535,0.1267605633802817,0.5140845070422535,-0.1056338028169014,0.7077464788732394,-0.09859154929577464,0.8485915492957746,-0.11619718309859155,0.9612676056338029,-0.15140845070422534,0.46830985915492956,-0.16549295774647887,0.7147887323943662,-0.10915492957746478,0.8732394366197183,-0.10915492957746478,1.0,-0.13028169014084506,0.39436619718309857,-0.1795774647887324,0.528169014084507,0.028169014084507043,0.4154929577464789,0.09154929577464789,0.3345070422535211,0.07746478873239436,0.30633802816901406,-0.14788732394366197,0.4014084507042254,0.03169014084507042,0.33098591549295775,0.07746478873239436,0.2711267605633803,0.04929577464788732,0.0,0.0,-0.1640625,-0.08984375,-0.25390625,-0.2265625,-0.27734375,-0.328125,-0.23828125,-0.42578125,-0.10546875,-0.515625,-0.1328125,-0.73046875,-0.13671875,-0.87890625,-0.12109375,-1.0,-0.00390625,-0.5078125,-0.05859375,-0.73046875,-0.0703125,-0.84375,-0.0546875,-0.93359375,0.07421875,-0.45703125,-0.140625,-0.515625,-0.19140625,-0.37109375,-0.17578125,-0.26953125,0.10546875,-0.3671875,-0.10546875,-0.37109375,-0.15625,-0.26171875,-0.1484375,-0.19140625
4,0.0,0.0,0.18430034129692832,0.09215017064846416,0.3310580204778157,0.1296928327645051,0.42662116040955633,0.14675767918088736,0.5051194539249146,0.12627986348122866,0.5119453924914675,-0.10921501706484642,0.7133105802047781,-0.09897610921501707,0.8600682593856656,-0.11945392491467577,0.9726962457337884,-0.15017064846416384,0.4641638225255973,-0.16382252559726962,0.7098976109215017,-0.11945392491467577,0.8703071672354948,-0.11604095563139932,1.0,-0.13651877133105803,0.3822525597269625,-0.18088737201365188,0.5221843003412969,0.023890784982935155,0.4129692832764505,0.08873720136518772,0.3310580204778157,0.07167235494880546,0.29692832764505117,-0.15017064846416384,0.39590443686006827,0.034129692832764506,0.3242320819112628,0.07849829351535836,0.2696245733788396,0.04436860068259386,0.0,0.0,-0.17557251908396945,-0.07633587786259542,-0.27099236641221375,-0.2099236641221374,-0.29389312977099236,-0.3053435114503817,-0.26717557251908397,-0.4083969465648855,-0.1183206106870229,-0.5038167938931297,-0.1450381679389313,-0.7213740458015268,-0.15648854961832062,-0.8740458015267175,-0.14122137404580154,-1.0,-0.019083969465648856,-0.49236641221374045,-0.07633587786259542,-0.7213740458015268,-0.0916030534351145,-0.8396946564885496,-0.08015267175572519,-0.9351145038167938,0.05725190839694656,-0.44274809160305345,-0.15648854961832062,-0.5,-0.20610687022900764,-0.35877862595419846,-0.19083969465648856,-0.2633587786259542,0.08778625954198473,-0.3549618320610687,-0.1297709923664122,-0.3549618320610687,-0.17938931297709923,-0.2480916030534351,-0.16793893129770993,-0.17557251908396945
4,0.0,0.0,0.1830065359477124,0.08823529411764706,0.3333333333333333,0.12418300653594772,0.43137254901960786,0.14705882352941177,0.5065359477124183,0.11764705882352941,0.5163398692810458,-0.1111111111111111,0.7156862745098039,-0.10784313725490197,0.8562091503267973,-0.13071895424836602,0.9640522875816994,-0.16993464052287582,0.4673202614379085,-0.16993464052287582,0.7156862745098039,-0.11764705882352941,0.8758169934640523,-0.11437908496732026,1.0,-0.14052287581699346,0.38562091503267976,-0.18627450980392157,0.5261437908496732,0.02287581699346405,0.4150326797385621,0.08496732026143791,0.3333333333333333,0.06535947712418301,0.3006535947712418,-0.15359477124183007,0.39869281045751637,0.032679738562091505,0.3235294117647059,0.0784313725490196,0.2679738562091503,0.042483660130718956,0.0,0.0,-0.17216117216117216,-0.07692307692307693,-0.26373626373626374,-0.2087912087912088,-0.2893772893772894,-0.31135531135531136,-0.2673992673992674,-0.4139194139194139,-0.12087912087912088,-0.4981684981684982,-0.15018315018315018,-0.717948717948718,-0.16117216117216118,-0.8754578754578755,-0.14652014652014653,-1.0,-0.018315018315018316,-0.48717948717948717,-0.08791208791208792,-0.717948717948718,-0.10256410256410256,-0.8351648351648352,-0.08791208791208792,-0.9230769230769231,0.054945054945054944,-0.4358974358974359,-0.16117216117216118,-0.48717948717948717,-0.21611721611721613,-0.34798534798534797,-0.1978021978021978,-0.2564102564102564,0.08791208791208792,-0.3553113553113553,-0.13186813186813187,-0.34798534798534797,-0.18681318681318682,-0.23809523809523808,-0.1794871794871795,-0.1684981684981685
4,0.0,0.0,0.1892744479495268,0.08517350157728706,0.334384858044164,0.11987381703470032,0.4353312302839117,0.14195583596214512,0.5078864353312302,0.11041009463722397,0.5110410094637224,-0.12302839116719243,0.7097791798107256,-0.1167192429022082,0.8548895899053628,-0.13564668769716087,0.9652996845425867,-0.17034700315457413,0.4605678233438486,-0.17665615141955837,0.7097791798107256,-0.12302839116719243,0.8706624605678234,-0.11987381703470032,1.0,-0.14195583596214512,0.38485804416403785,-0.19242902208201892,0.5299684542586751,0.012618296529968454,0.416403785488959,0.07570977917981073,0.3312302839116719,0.056782334384858045,0.3028391167192429,-0.15457413249211358,0.40063091482649843,0.031545741324921134,0.3217665615141956,0.07570977917981073,0.26498422712933756,0.03785488958990536,0.0,0.0,-0.17921146953405018,-0.07526881720430108,-0.27598566308243727,-0.2078853046594982,-0.30824372759856633,-0.3118279569892473,-0.27956989247311825,-0.40860215053763443,-0.12903225806451613,-0.5017921146953405,-0.15770609318996415,-0.7168458781362007,-0.17204301075268819,-0.8745519713261649,-0.16129032258064516,-1.0,-0.021505376344086023,-0.4946236559139785,-0.0931899641577061,-0.7204301075268817,-0.11469534050179211,-0.8458781362007168,-0.11469534050179211,-0.946236559139785,0.053763440860215055,-0.4444444444444444,-0.16845878136200718,-0.4910394265232975,-0.21863799283154123,-0.34767025089605735,-0.20430107526881722,-0.25448028673835127,0.08602150537634409,-0.3548387096774194,-0.12903225806451613,-0.35125448028673834,-0.1863799283154122,-0.24372759856630824,-0.17921146953405018,-0.17204301075268819
4,0.0,0.0,0.1831831831831832,0.09009009009009009,0.32732732732732733,0.12312312312312312,0.42342342342342343,0.14414414414414414,0.4954954954954955,0.10510510510510511,0.5135135135135135,-0.12312312312312312,0.7117117117117117,-0.1111111111111111,0.8588588588588588,-0.12912912912912913,0.972972972972973,-0.15915915915915915,0.4594594594594595,-0.18018018018018017,0.7087087087087087,-0.12012012012012012,0.8678678678678678,-0.11411411411411411,1.0,-0.13813813813813813,0.3783783783783784,-0.19519519519519518,0.5195195195195195,0.018018018018018018,0.4024024024024024,0.08108108108108109,0.3153153153153153,0.06006006006006006,0.2852852852852853,-0.15915915915915915,0.3843843843843844,0.03303303303303303,0.3123123123123123,0.08108108108108109,0.25225225225225223,0.04504504504504504,0.0,0.0,-0.17966101694915254,-0.07457627118644068,-0.288135593220339,-0.20677966101694914,-0.31864406779661014,-0.30847457627118646,-0.27796610169491526,-0.4067796610169492,-0.1423728813559322,-0.5050847457627119,-0.17288135593220338,-0.7186440677966102,-0.1864406779661017,-0.8745762711864407,-0.17288135593220338,-1.0,-0.030508474576271188,-0.49491525423728816,-0.09491525423728814,-0.7254237288135593,-0.10847457627118644,-0.8508474576271187,-0.1016949152542373,-0.9525423728813559,0.05084745762711865,-0.4406779661016949,-0.17627118644067796,-0.4915254237288136,-0.2271186440677966,-0.3423728813559322,-0.20677966101694914,-0.25084745762711863,0.08135593220338982,-0.34576271186440677,-0.1423728813559322,-0.3389830508474576,-0.19322033898305085,-0.2271186440677966,-0.1864406779661017,-0.15932203389830507
4,0.0,0.0,0.18051575931232092,0.08882521489971347,0.31805157593123207,0.12320916905444126,0.41260744985673353,0.14040114613180515,0.4899713467048711,0.11461318051575932,0.501432664756447,-0.12320916905444126,0.6991404011461319,-0.11174785100286533,0.8452722063037249,-0.12607449856733524,0.9598853868194842,-0.15472779369627507,0.45272206303724927,-0.17765042979942694,0.6962750716332379,-0.1174785100286533,0.8624641833810889,-0.11174785100286533,1.0,-0.1346704871060172,0.36962750716332377,-0.18911174785100288,0.5100286532951289,0.02005730659025788,0.3982808022922636,0.08022922636103152,0.3151862464183381,0.06017191977077364,0.2808022922636103,-0.15472779369627507,0.37822349570200575,0.034383954154727794,0.30659025787965616,0.0830945558739255,0.2492836676217765,0.04871060171919771,0.0,0.0,-0.18032786885245902,-0.07540983606557378,-0.28524590163934427,-0.20327868852459016,-0.31475409836065577,-0.2983606557377049,-0.2721311475409836,-0.4,-0.14426229508196722,-0.5049180327868853,-0.1737704918032787,-0.7180327868852459,-0.1901639344262295,-0.8721311475409836,-0.18032786885245902,-1.0,-0.02622950819672131,-0.49508196721311476,-0.08524590163934426,-0.7245901639344262,-0.10491803278688525,-0.8524590163934426,-0.10491803278688525,-0.9606557377049181,0.05245901639344262,-0.43934426229508194,-0.1737704918032787,-0.4918032786885246,-0.22295081967213115,-0.3442622950819672,-0.2,-0.25573770491803277,0.08852459016393442,-0.3442622950819672,-0.14098360655737704,-0.34098360655737703,-0.1901639344262295,-0.22950819672131148,-0.17704918032786884,-0.16393442622950818
4,0.0,0.0,0.18232044198895028,0.08839779005524862,0.32044198895027626,0.11878453038674033,0.4116022099447514,0.13812154696132597,0.494475138121547,0.11878453038674033,0.5027624309392266,-0.1270718232044199,0.7016574585635359,-0.11602209944751381,0.8480662983425414,-0.13535911602209943,0.9613259668508287,-0.1685082872928177,0.45027624309392267,-0.18232044198895028,0.7016574585635359,-0.1298342541436464,0.8646408839779005,-0.12430939226519337,1.0,-0.143646408839779,0.3674033149171271,-0.19337016574585636,0.5138121546961326,0.016574585635359115,0.4005524861878453,0.07734806629834254,0.31767955801104975,0.058011049723756904,0.27348066298342544,-0.1574585635359116,0.3784530386740331,0.03314917127071823,0.30939226519337015,0.08287292817679558,0.2541436464088398,0.04696132596685083,0.0,0.0,-0.17088607594936708,-0.06962025316455696,-0.27848101265822783,-0.1930379746835443,-0.310126582278481,-0.2848101265822785,-0.2626582278481013,-0.38924050632911394,-0.14240506329113925,-0.5063291139240507,-0.16772151898734178,-0.7183544303797469,-0.18670886075949367,-0.870253164556962,-0.17405063291139242,-1.0,-0.02531645569620253,-0.4936708860759494,-0.08544303797468354,-0.7246835443037974,-0.10126582278481013,-0.8417721518987342,-0.08544303797468354,-0.9367088607594937,0.060126582278481014,-0.43670886075949367,-0.16455696202531644,-0.48417721518987344,-0.2120253164556962,-0.33860759493670883,-0.189873417721519,-0.25,0.0981012658227848,-0.34177215189873417,-0.12658227848101267,-0.3322784810126582,-0.18037974683544303,-0.22151898734177214,-0.16455696202531644,-0.15822784810126583
4,0.0,0.0,0.18256130790190736,0.08174386920980926,0.329700272479564,0.11171662125340599,0.4223433242506812,0.1335149863760218,0.49591280653950953,0.11444141689373297,0.5068119891008175,-0.1307901907356948,0.7084468664850136,-0.12534059945504086,0.8501362397820164,-0.1444141689373297,0.9618528610354223,-0.17983651226158037,0.4550408719346049,-0.1880108991825613,0.7057220708446866,-0.1307901907356948,0.8692098092643051,-0.12806539509536785,1.0,-0.1553133514986376,0.37329700272479566,-0.2016348773841962,0.5122615803814714,0.013623978201634877,0.3978201634877384,0.07629427792915532,0.31607629427792916,0.05722070844686648,0.28610354223433243,-0.16621253405994552,0.3814713896457766,0.027247956403269755,0.3079019073569482,0.07629427792915532,0.2506811989100817,0.043596730245231606,0.0,0.0,-0.17592592592592593,-0.07716049382716049,-0.2808641975308642,-0.2037037037037037,-0.30864197530864196,-0.2932098765432099,-0.2654320987654321,-0.39197530864197533,-0.15123456790123457,-0.5123456790123457,-0.17592592592592593,-0.7222222222222222,-0.19135802469135801,-0.8734567901234568,-0.17901234567901234,-1.0,-0.033950617283950615,-0.5,-0.09567901234567901,-0.7283950617283951,-0.10802469135802469,-0.8425925925925926,-0.09876543209876543,-0.941358024691358,0.05246913580246913,-0.44135802469135804,-0.16358024691358025,-0.49074074074074076,-0.20987654320987653,-0.345679012345679,-0.18518518518518517,-0.25617283950617287,0.08950617283950617,-0.3487654320987654,-0.12962962962962962,-0.3425925925925926,-0.17901234567901234,-0.2345679012345679,-0.16666666666666666,-0.16666666666666666
4,0.0,0.0,0.17983651226158037,0.08174386920980926,0.32697547683923706,0.11171662125340599,0.4223433242506812,0.1307901907356948,0.5013623978201635,0.10354223433242507,0.5068119891008175,-0.12806539509536785,0.7084468664850136,-0.11989100817438691,0.8501362397820164,-0.13896457765667575,0.9618528610354223,-0.17438692098092642,0.4550408719346049,-0.18528610354223432,0.7084468664850136,-0.1335149863760218,0.8719346049046321,-0.1335149863760218,1.0,-0.15803814713896458,0.37329700272479566,-0.20435967302452315,0.5122615803814714,0.008174386920980926,0.3978201634877384,0.07356948228882834,0.31607629427792916,0.05722070844686648,0.28337874659400547,-0.17166212534059946,0.3814713896457766,0.021798365122615803,0.3079019073569482,0.07084468664850137,0.2506811989100817,0.03814713896457766,0.0,0.0,-0.1728395061728395,-0.07716049382716049,-0.2777777777777778,-0.20679012345679013,-0.3055555555555556,-0.30246913580246915,-0.2654320987654321,-0.4074074074074074,-0.15123456790123457,-0.5092592592592593,-0.17901234567901234,-0.7222222222222222,-0.19753086419753085,-0.8734567901234568,-0.19135802469135801,-1.0,-0.033950617283950615,-0.49691358024691357,-0.09567901234567901,-0.7283950617283951,-0.11419753086419752,-0.8487654320987654,-0.11419753086419752,-0.9444444444444444,0.05246913580246913,-0.4444444444444444,-0.16049382716049382,-0.49382716049382713,-0.20987654320987653,-0.3487654320987654,-0.19135802469135801,-0.25925925925925924,0.09259259259259259,-0.3549382716049383,-0.12962962962962962,-0.3487654320987654,-0.18209876543209877,-0.23765432098765432,-0.1728395061728395,-0.16666666666666666
4,0.0,0.0,0.1830601092896175,0.07923497267759563,0.33060109289617484,0.1092896174863388,0.4262295081967213,0.13114754098360656,0.5027322404371585,0.10655737704918032,0.5109289617486339,-0.1284153005464481,0.7158469945355191,-0.12021857923497267,0.8579234972677595,-0.1366120218579235,0.9699453551912568,-0.1721311475409836,0.45901639344262296,-0.18579234972677597,0.7131147540983607,-0.12568306010928962,0.8743169398907104,-0.12568306010928962,1.0,-0.15300546448087432,0.3797814207650273,-0.20218579234972678,0.5191256830601093,0.00819672131147541,0.3989071038251366,0.07377049180327869,0.31420765027322406,0.05737704918032787,0.29508196721311475,-0.16939890710382513,0.3907103825136612,0.02185792349726776,0.31420765027322406,0.07377049180327869,0.2540983606557377,0.04371584699453552,0.0,0.0,-0.17647058823529413,-0.07739938080495357,-0.2786377708978328,-0.21052631578947367,-0.3065015479876161,-0.30959752321981426,-0.26625386996904027,-0.4148606811145511,-0.14860681114551083,-0.5077399380804953,-0.17647058823529413,-0.7244582043343654,-0.19504643962848298,-0.8761609907120743,-0.1826625386996904,-1.0,-0.034055727554179564,-0.4984520123839009,-0.09907120743034056,-0.7306501547987616,-0.11764705882352941,-0.8421052631578947,-0.10835913312693499,-0.9318885448916409,0.04953560371517028,-0.44272445820433437,-0.16408668730650156,-0.4984520123839009,-0.21052631578947367,-0.35294117647058826,-0.18885448916408668,-0.2631578947368421,0.08668730650154799,-0.3560371517027864,-0.13312693498452013,-0.3498452012383901,-0.1826625386996904,-0.23839009287925697,-0.17337461300309598,-0.17027863777089783
4,0.0,0.0,0.18457300275482094,0.07713498622589532,0.3333333333333333,0.10743801652892562,0.43526170798898073,0.1349862258953168,0.509641873278237,0.11019283746556474,0.5068870523415978,-0.1322314049586777,0.7052341597796143,-0.1184573002754821,0.8457300275482094,-0.12672176308539945,0.9559228650137741,-0.15426997245179064,0.4628099173553719,-0.18181818181818182,0.7134986225895317,-0.12672176308539945,0.8732782369146006,-0.12396694214876033,1.0,-0.14600550964187328,0.39118457300275483,-0.19559228650137742,0.5316804407713499,0.011019283746556474,0.4132231404958678,0.0743801652892562,0.3278236914600551,0.05785123966942149,0.31129476584022037,-0.15977961432506887,0.4132231404958678,0.024793388429752067,0.33608815426997246,0.0743801652892562,0.2727272727272727,0.0440771349862259,0.0,0.0,-0.17207792207792208,-0.08116883116883117,-0.2694805194805195,-0.21428571428571427,-0.2922077922077922,-0.3181818181818182,-0.2435064935064935,-0.4253246753246753,-0.1331168831168831,-0.5097402597402597,-0.1590909090909091,-0.724025974025974,-0.16883116883116883,-0.8733766233766234,-0.15584415584415584,-1.0,-0.01948051948051948,-0.5,-0.08116883116883117,-0.7337662337662337,-0.1038961038961039,-0.8506493506493507,-0.10064935064935066,-0.9545454545454546,0.06493506493506493,-0.4512987012987013,-0.14285714285714285,-0.5,-0.19805194805194806,-0.36038961038961037,-0.17532467532467533,-0.2727272727272727,0.10714285714285714,-0.36363636363636365,-0.10714285714285714,-0.35714285714285715,-0.1590909090909091,-0.24675324675324675,-0.1461038961038961,-0.17532467532467533
4,0.0,0.0,0.18,0.08,0.3314285714285714,0.11142857142857143,0.43142857142857144,0.13714285714285715,0.5142857142857142,0.11714285714285715,0.5057142857142857,-0.12857142857142856,0.7085714285714285,-0.12,0.8514285714285714,-0.12571428571428572,0.9657142857142857,-0.15142857142857144,0.4657142857142857,-0.17714285714285713,0.7142857142857143,-0.12285714285714286,0.8742857142857143,-0.12,1.0,-0.14,0.39714285714285713,-0.19142857142857142,0.5285714285714286,0.022857142857142857,0.4085714285714286,0.08,0.32,0.06857142857142857,0.3171428571428571,-0.15714285714285714,0.4142857142857143,0.022857142857142857,0.34,0.07428571428571429,0.27714285714285714,0.054285714285714284,0.0,0.0,-0.16556291390728478,-0.08278145695364239,-0.2582781456953642,-0.2185430463576159,-0.27483443708609273,-0.32450331125827814,-0.22185430463576158,-0.4304635761589404,-0.12251655629139073,-0.5099337748344371,-0.1456953642384106,-0.7251655629139073,-0.16225165562913907,-0.8774834437086093,-0.152317880794702,-1.0,-0.009933774834437087,-0.5033112582781457,-0.07947019867549669,-0.7317880794701986,-0.09602649006622517,-0.8543046357615894,-0.08940397350993377,-0.9503311258278145,0.0728476821192053,-0.4503311258278146,-0.13245033112582782,-0.5066225165562914,-0.17880794701986755,-0.3609271523178808,-0.15894039735099338,-0.2682119205298013,0.11258278145695365,-0.36423841059602646,-0.09933774834437085,-0.3609271523178808,-0.152317880794702,-0.25165562913907286,-0.1456953642384106,-0.17880794701986755
4,0.0,0.0,0.1871345029239766,0.07894736842105263,0.3362573099415205,0.1111111111111111,0.43859649122807015,0.13450292397660818,0.52046783625731,0.1111111111111111,0.5058479532163743,-0.1286549707602339,0.7076023391812866,-0.11695906432748537,0.847953216374269,-0.12573099415204678,0.9619883040935673,-0.14912280701754385,0.4678362573099415,-0.1783625730994152,0.7134502923976608,-0.1286549707602339,0.8742690058479532,-0.11988304093567251,1.0,-0.13742690058479531,0.39766081871345027,-0.19005847953216373,0.5350877192982456,0.017543859649122806,0.4152046783625731,0.08187134502923976,0.32748538011695905,0.07017543859649122,0.3216374269005848,-0.15789473684210525,0.4239766081871345,0.023391812865497075,0.34502923976608185,0.07602339181286549,0.2777777777777778,0.05555555555555555,0.0,0.0,-0.16161616161616163,-0.08080808080808081,-0.25925925925925924,-0.21885521885521886,-0.2760942760942761,-0.32323232323232326,-0.2255892255892256,-0.42424242424242425,-0.12457912457912458,-0.5117845117845118,-0.15151515151515152,-0.7306397306397306,-0.16835016835016836,-0.8787878787878788,-0.16161616161616163,-1.0,-0.013468013468013467,-0.5016835016835017,-0.0707070707070707,-0.7272727272727273,-0.07407407407407407,-0.835016835016835,-0.05723905723905724,-0.9191919191919192,0.07407407407407407,-0.4478114478114478,-0.12457912457912458,-0.5016835016835017,-0.1717171717171717,-0.3602693602693603,-0.15488215488215487,-0.26262626262626265,0.11784511784511785,-0.3602693602693603,-0.08754208754208755,-0.3602693602693603,-0.1414141414141414,-0.25252525252525254,-0.1414141414141414,-0.17845117845117844
4,0.0,0.0,0.17901234567901234,0.08024691358024691,0.33024691358024694,0.11728395061728394,0.4351851851851852,0.1419753086419753,0.5154320987654321,0.11419753086419752,0.5092592592592593,-0.12654320987654322,0.7098765432098766,-0.11728395061728394,0.8518518518518519,-0.12962962962962962,0.9660493827160493,-0.1574074074074074,0.46296296296296297,-0.18209876543209877,0.7129629629629629,-0.13271604938271606,0.8734567901234568,-0.12654320987654322,1.0,-0.14814814814814814,0.3888888888888889,-0.19753086419753085,0.5277777777777778,0.009259259259259259,0.41358024691358025,0.07407407407407407,0.33024691358024694,0.06172839506172839,0.30864197530864196,-0.16358024691358025,0.41358024691358025,0.018518518518518517,0.3395061728395062,0.07098765432098765,0.27469135802469136,0.04938271604938271,0.0,0.0,-0.1602787456445993,-0.08013937282229965,-0.2578397212543554,-0.21254355400696864,-0.27526132404181186,-0.313588850174216,-0.2264808362369338,-0.4146341463414634,-0.12195121951219512,-0.5087108013937283,-0.15331010452961671,-0.7282229965156795,-0.17073170731707318,-0.8780487804878049,-0.1602787456445993,-1.0,-0.010452961672473868,-0.49825783972125437,-0.07665505226480836,-0.7247386759581882,-0.07665505226480836,-0.8327526132404182,-0.05226480836236934,-0.9094076655052264,0.07665505226480836,-0.445993031358885,-0.1289198606271777,-0.49825783972125437,-0.17421602787456447,-0.3554006968641115,-0.156794425087108,-0.2578397212543554,0.11846689895470383,-0.3588850174216028,-0.09059233449477352,-0.3588850174216028,-0.14634146341463414,-0.2508710801393728,-0.14285714285714285,-0.17770034843205576
4,0.0,0.0,0.18238993710691823,0.0880503144654088,0.3333333333333333,0.12264150943396226,0.4308176100628931,0.14465408805031446,0.5125786163522013,0.11320754716981132,0.5125786163522013,-0.11949685534591195,0.710691823899371,-0.11006289308176101,0.8522012578616353,-0.12264150943396226,0.9654088050314465,-0.1540880503144654,0.46540880503144655,-0.1761006289308176,0.7169811320754716,-0.12578616352201258,0.8773584905660378,-0.12264150943396226,1.0,-0.14150943396226415,0.39308176100628933,-0.1918238993710692,0.5283018867924528,0.012578616352201259,0.41509433962264153,0.07547169811320754,0.3270440251572327,0.06289308176100629,0.3081761006289308,-0.15723270440251572,0.4088050314465409,0.0220125786163522,0.3333333333333333,0.07232704402515723,0.27044025157232704,0.0440251572327044,0.0,0.0,-0.15302491103202848,-0.07473309608540925,-0.2491103202846975,-0.20640569395017794,-0.2669039145907473,-0.31316725978647686,-0.21352313167259787,-0.4128113879003559,-0.11743772241992882,-0.5088967971530249,-0.14590747330960854,-0.7259786476868327,-0.1601423487544484,-0.8754448398576512,-0.1494661921708185,-1.0,-0.0071174377224199285,-0.498220640569395,-0.06761565836298933,-0.7259786476868327,-0.08185053380782918,-0.8398576512455516,-0.0711743772241993,-0.9323843416370107,0.07829181494661921,-0.4483985765124555,-0.12455516014234876,-0.501779359430605,-0.17437722419928825,-0.35587188612099646,-0.15658362989323843,-0.2597864768683274,0.12099644128113879,-0.3594306049822064,-0.08896797153024912,-0.3594306049822064,-0.1423487544483986,-0.2491103202846975,-0.13523131672597866,-0.17437722419928825
4,0.0,0.0,0.1882716049382716,0.08641975308641975,0.33641975308641975,0.12037037037037036,0.4351851851851852,0.1419753086419753,0.5092592592592593,0.1111111111111111,0.5092592592592593,-0.12037037037037036,0.7129629629629629,-0.1111111111111111,0.8549382716049383,-0.12345679012345678,0.9660493827160493,-0.15123456790123457,0.4660493827160494,-0.17592592592592593,0.7129629629629629,-0.12654320987654322,0.8734567901234568,-0.11728395061728394,1.0,-0.13580246913580246,0.39197530864197533,-0.1882716049382716,0.5277777777777778,0.015432098765432098,0.41358024691358025,0.07407407407407407,0.33024691358024694,0.05864197530864197,0.30864197530864196,-0.1574074074074074,0.4012345679012346,0.027777777777777776,0.3271604938271605,0.07098765432098765,0.2654320987654321,0.040123456790123455,0.0,0.0,-0.1595744680851064,-0.07446808510638298,-0.25177304964539005,-0.20567375886524822,-0.2695035460992908,-0.3120567375886525,-0.22340425531914893,-0.4148936170212766,-0.12056737588652482,-0.5070921985815603,-0.1524822695035461,-0.7269503546099291,-0.1702127659574468,-0.875886524822695,-0.15602836879432624,-1.0,-0.010638297872340425,-0.5,-0.07446808510638298,-0.7269503546099291,-0.08865248226950355,-0.8439716312056738,-0.07801418439716312,-0.9361702127659575,0.07446808510638298,-0.44680851063829785,-0.1347517730496454,-0.5035460992907801,-0.18439716312056736,-0.3617021276595745,-0.16312056737588654,-0.2624113475177305,0.11347517730496454,-0.35815602836879434,-0.09929078014184398,-0.35815602836879434,-0.1524822695035461,-0.24822695035460993,-0.14184397163120568,-0.17375886524822695
4,0.0,0.0,0.1791044776119403,0.08656716417910448,0.33134328358208953,0.11940298507462686,0.4298507462686567,0.14029850746268657,0.5014925373134328,0.11940298507462686,0.5104477611940299,-0.11641791044776119,0.7134328358208956,-0.10746268656716418,0.8537313432835821,-0.11940298507462686,0.9641791044776119,-0.14925373134328357,0.4626865671641791,-0.17313432835820897,0.7134328358208956,-0.12238805970149254,0.8776119402985074,-0.11641791044776119,1.0,-0.1373134328358209,0.3880597014925373,-0.191044776119403,0.5223880597014925,0.01791044776119403,0.408955223880597,0.07761194029850746,0.3283582089552239,0.05970149253731343,0.3044776119402985,-0.1582089552238806,0.40298507462686567,0.029850746268656716,0.3253731343283582,0.07462686567164178,0.2656716417910448,0.03880597014925373,0.0,0.0,-0.17006802721088435,-0.0782312925170068,-0.2585034013605442,-0.2108843537414966,-0.2789115646258503,-0.3129251700680272,-0.23809523809523808,-0.41496598639455784,-0.12585034013605442,-0.5068027210884354,-0.1598639455782313,-0.7210884353741497,-0.17346938775510204,-0.8741496598639455,-0.1598639455782313,-1.0,-0.013605442176870748,-0.4965986394557823,-0.0782312925170068,-0.7244897959183674,-0.09863945578231292,-0.8401360544217688,-0.08843537414965986,-0.9285714285714286,0.07142857142857142,-0.445578231292517,-0.13945578231292516,-0.5,-0.1870748299319728,-0.35714285714285715,-0.16666666666666666,-0.2653061224489796,0.10884353741496598,-0.35374149659863946,-0.10884353741496598,-0.35034013605442177,-0.1598639455782313,-0.24149659863945577,-0.14965986394557823,-0.17346938775510204
4,0.0,0.0,0.17746478873239438,0.08450704225352113,0.3267605633802817,0.11549295774647887,0.4225352112676056,0.1352112676056338,0.49859154929577465,0.11830985915492957,0.49859154929577465,-0.12112676056338029,0.7014084507042253,-0.11267605633802817,0.8422535211267606,-0.12112676056338029,0.9549295774647887,-0.14647887323943662,0.4563380281690141,-0.17464788732394365,0.7070422535211267,-0.12394366197183099,0.8732394366197183,-0.11549295774647887,1.0,-0.1323943661971831,0.38591549295774646,-0.19154929577464788,0.5154929577464789,0.016901408450704224,0.4028169014084507,0.07605633802816901,0.3183098591549296,0.059154929577464786,0.30422535211267604,-0.15774647887323945,0.39436619718309857,0.02535211267605634,0.3211267605633803,0.07042253521126761,0.2619718309859155,0.03943661971830986,0.0,0.0,-0.16447368421052633,-0.0756578947368421,-0.2598684210526316,-0.21052631578947367,-0.27960526315789475,-0.3092105263157895,-0.23355263157894737,-0.41118421052631576,-0.11842105263157894,-0.5098684210526315,-0.14802631578947367,-0.7236842105263158,-0.1611842105263158,-0.875,-0.14802631578947367,-1.0,-0.003289473684210526,-0.4967105263157895,-0.06578947368421052,-0.7302631578947368,-0.08223684210526316,-0.8453947368421053,-0.07236842105263158,-0.9407894736842105,0.07894736842105263,-0.4407894736842105,-0.13486842105263158,-0.5032894736842105,-0.1875,-0.35855263157894735,-0.17105263157894737,-0.2631578947368421,0.11842105263157894,-0.3519736842105263,-0.10197368421052631,-0.34868421052631576,-0.15460526315789475,-0.23684210526315788,-0.14473684210526316,-0.16776315789473684
4,0.0,0.0,0.175,0.08333333333333333,0.32222222222222224,0.11388888888888889,0.41944444444444445,0.13333333333333333,0.49166666666666664,0.11666666666666667,0.49722222222222223,-0.12222222222222222,0.7,-0.11388888888888889,0.8416666666666667,-0.125,0.9555555555555556,-0.1527777777777778,0.4527777777777778,-0.17777777777777778,0.7055555555555556,-0.125,0.8722222222222222,-0.11666666666666667,1.0,-0.1361111111111111,0.37777777777777777,-0.19444444444444445,0.5111111111111111,0.013888888888888888,0.3972222222222222,0.075,0.3111111111111111,0.06111111111111111,0.3,-0.16111111111111112,0.39166666666666666,0.025,0.31666666666666665,0.07222222222222222,0.25555555555555554,0.041666666666666664,0.0,0.0,-0.16293929712460065,-0.07987220447284345,-0.26198083067092653,-0.2108626198083067,-0.28434504792332266,-0.30990415335463256,-0.23322683706070288,-0.40894568690095845,-0.1182108626198083,-0.5079872204472844,-0.14376996805111822,-0.7220447284345048,-0.16293929712460065,-0.8722044728434505,-0.15335463258785942,-1.0,-0.006389776357827476,-0.4952076677316294,-0.07348242811501597,-0.7284345047923323,-0.0926517571884984,-0.8498402555910544,-0.08306709265175719,-0.9456869009584664,0.07667731629392971,-0.44089456869009586,-0.13738019169329074,-0.4984025559105431,-0.18849840255591055,-0.3546325878594249,-0.16932907348242812,-0.25878594249201275,0.11501597444089456,-0.34824281150159747,-0.10543130990415335,-0.34824281150159747,-0.15654952076677317,-0.23961661341853036,-0.14696485623003194,-0.16932907348242812
4,0.0,0.0,0.1783783783783784,0.07837837837837838,0.32972972972972975,0.10810810810810811,0.42702702702702705,0.13513513513513514,0.5054054054054054,0.11891891891891893,0.5027027027027027,-0.12702702702702703,0.6972972972972973,-0.11351351351351352,0.8378378378378378,-0.12162162162162163,0.9513513513513514,-0.14864864864864866,0.46216216216216216,-0.17567567567567569,0.7054054054054054,-0.12162162162162163,0.8702702702702703,-0.11351351351351352,1.0,-0.12972972972972974,0.3918918918918919,-0.1891891891891892,0.527027027027027,0.021621621621621623,0.4081081081081081,0.08378378378378379,0.31891891891891894,0.07837837837837838,0.3108108108108108,-0.15405405405405406,0.41621621621621624,0.024324324324324326,0.33513513513513515,0.07837837837837838,0.26756756756756755,0.05945945945945946,0.0,0.0,-0.15987460815047022,-0.08150470219435736,-0.2601880877742947,-0.21003134796238246,-0.28213166144200624,-0.30407523510971785,-0.2225705329153605,-0.4012539184952978,-0.12225705329153605,-0.5078369905956113,-0.14733542319749215,-0.7241379310344828,-0.16300940438871472,-0.8746081504702194,-0.1536050156739812,-1.0,-0.009404388714733543,-0.4952978056426332,-0.07210031347962383,-0.7272727272727273,-0.08150470219435736,-0.8369905956112853,-0.06583072100313479,-0.9278996865203761,0.07523510971786834,-0.438871473354232,-0.13479623824451412,-0.4890282131661442,-0.18495297805642633,-0.34796238244514105,-0.16614420062695925,-0.25705329153605017,0.11912225705329153,-0.34796238244514105,-0.09717868338557993,-0.34796238244514105,-0.1536050156739812,-0.2413793103448276,-0.14420062695924765,-0.16927899686520376
4,0.0,0.0,0.18333333333333332,0.08055555555555556,0.3388888888888889,0.1111111111111111,0.4388888888888889,0.13333333333333333,0.5166666666666667,0.11666666666666667,0.5055555555555555,-0.12777777777777777,0.6972222222222222,-0.11944444444444445,0.8388888888888889,-0.13055555555555556,0.9472222222222222,-0.16111111111111112,0.4638888888888889,-0.18055555555555555,0.7111111111111111,-0.125,0.8722222222222222,-0.11944444444444445,1.0,-0.14166666666666666,0.39166666666666666,-0.19444444444444445,0.5305555555555556,0.013888888888888888,0.4166666666666667,0.07777777777777778,0.3333333333333333,0.06388888888888888,0.3138888888888889,-0.16111111111111112,0.41388888888888886,0.025,0.33611111111111114,0.07222222222222222,0.275,0.04722222222222222,0.0,0.0,-0.15873015873015872,-0.08253968253968254,-0.26666666666666666,-0.21904761904761905,-0.28888888888888886,-0.31746031746031744,-0.2253968253968254,-0.40634920634920635,-0.12698412698412698,-0.5111111111111111,-0.1523809523809524,-0.7301587301587301,-0.16825396825396827,-0.8793650793650793,-0.15555555555555556,-1.0,-0.015873015873015872,-0.4984126984126984,-0.07936507936507936,-0.7365079365079366,-0.09523809523809523,-0.8571428571428571,-0.08571428571428572,-0.9555555555555556,0.07301587301587302,-0.4444444444444444,-0.13333333333333333,-0.49206349206349204,-0.18095238095238095,-0.35555555555555557,-0.16507936507936508,-0.26031746031746034,0.11746031746031746,-0.3619047619047619,-0.09523809523809523,-0.35555555555555557,-0.1492063492063492,-0.2507936507936508,-0.14603174603174604,-0.18095238095238095
4,0.0,0.0,0.1826086956521739,0.08405797101449275,0.33043478260869563,0.11884057971014493,0.4318840579710145,0.14492753623188406,0.5072463768115942,0.11014492753623188,0.5072463768115942,-0.1246376811594203,0.7014492753623188,-0.11594202898550725,0.8405797101449275,-0.13333333333333333,0.9478260869565217,-0.1681159420289855,0.4608695652173913,-0.1826086956521739,0.7101449275362319,-0.13043478260869565,0.8753623188405797,-0.1246376811594203,1.0,-0.15072463768115943,0.3884057971014493,-0.2,0.5217391304347826,0.002898550724637681,0.40869565217391307,0.06956521739130435,0.33043478260869563,0.057971014492753624,0.3072463768115942,-0.17101449275362318,0.40869565217391307,0.014492753623188406,0.3333333333333333,0.06666666666666667,0.27246376811594203,0.04057971014492753,0.0,0.0,-0.16065573770491803,-0.07868852459016394,-0.26885245901639343,-0.2098360655737705,-0.28852459016393445,-0.3180327868852459,-0.2262295081967213,-0.4131147540983607,-0.12459016393442623,-0.5114754098360655,-0.1540983606557377,-0.7278688524590164,-0.1737704918032787,-0.8754098360655738,-0.16393442622950818,-1.0,-0.013114754098360656,-0.5016393442622951,-0.07868852459016394,-0.7344262295081967,-0.09508196721311475,-0.8524590163934426,-0.08524590163934426,-0.940983606557377,0.07540983606557378,-0.4491803278688525,-0.13442622950819672,-0.4918032786885246,-0.18360655737704917,-0.35081967213114756,-0.16393442622950818,-0.25573770491803277,0.12131147540983607,-0.36065573770491804,-0.09180327868852459,-0.3540983606557377,-0.14754098360655737,-0.25245901639344265,-0.14098360655737704,-0.18360655737704917
4,0.0,0.0,0.1782477341389728,0.09063444108761329,0.32628398791540786,0.1268882175226586,0.42900302114803623,0.14803625377643503,0.5045317220543807,0.11178247734138973,0.5045317220543807,-0.1268882175226586,0.7039274924471299,-0.11782477341389729,0.8429003021148036,-0.1299093655589124,0.9577039274924471,-0.16314199395770393,0.459214501510574,-0.18429003021148035,0.7099697885196374,-0.13293051359516617,0.8731117824773413,-0.12386706948640483,1.0,-0.14803625377643503,0.38972809667673713,-0.20241691842900303,0.5196374622356495,0.006042296072507553,0.40483383685800606,0.07250755287009064,0.3202416918429003,0.06042296072507553,0.30513595166163143,-0.17220543806646527,0.4078549848942598,0.015105740181268883,0.3323262839879154,0.06646525679758308,0.26586102719033233,0.045317220543806644,0.0,0.0,-0.16326530612244897,-0.0782312925170068,-0.2687074829931973,-0.21768707482993196,-0.2891156462585034,-0.3231292517006803,-0.22789115646258504,-0.4217687074829932,-0.1292517006802721,-0.5136054421768708,-0.1564625850340136,-0.7312925170068028,-0.17687074829931973,-0.8809523809523809,-0.16666666666666666,-1.0,-0.013605442176870748,-0.5034013605442177,-0.07482993197278912,-0.7414965986394558,-0.09183673469387756,-0.8639455782312925,-0.08503401360544217,-0.9591836734693877,0.07142857142857142,-0.4523809523809524,-0.1360544217687075,-0.5034013605442177,-0.18027210884353742,-0.36054421768707484,-0.16326530612244897,-0.2653061224489796,0.11564625850340136,-0.36394557823129253,-0.09523809523809523,-0.36054421768707484,-0.14965986394557823,-0.25510204081632654,-0.14285714285714285,-0.1836734693877551
4,0.0,0.0,0.17901234567901234,0.08641975308641975,0.33024691358024694,0.12037037037037036,0.42592592592592593,0.14506172839506173,0.5092592592592593,0.10802469135802469,0.5061728395061729,-0.12037037037037036,0.7006172839506173,-0.1111111111111111,0.8425925925925926,-0.12345679012345678,0.9506172839506173,-0.15432098765432098,0.4660493827160494,-0.1728395061728395,0.7129629629629629,-0.12654320987654322,0.8734567901234568,-0.12037037037037036,1.0,-0.1419753086419753,0.3950617283950617,-0.1882716049382716,0.5308641975308642,0.015432098765432098,0.41358024691358025,0.08333333333333333,0.3271604938271605,0.07407407407407407,0.3148148148148148,-0.1574074074074074,0.4166666666666667,0.021604938271604937,0.3395061728395062,0.07407407407407407,0.2716049382716049,0.05555555555555555,0.0,0.0,-0.15845070422535212,-0.08098591549295775,-0.2640845070422535,-0.21830985915492956,-0.2852112676056338,-0.323943661971831,-0.22535211267605634,-0.4225352112676056,-0.11971830985915492,-0.5140845070422535,-0.14788732394366197,-0.7323943661971831,-0.16549295774647887,-0.8767605633802817,-0.15492957746478872,-1.0,-0.007042253521126761,-0.5,-0.07394366197183098,-0.7359154929577465,-0.07746478873239436,-0.8450704225352113,-0.056338028169014086,-0.9295774647887324,0.07746478873239436,-0.4507042253521127,-0.13028169014084506,-0.5035211267605634,-0.1795774647887324,-0.36619718309859156,-0.1619718309859155,-0.2711267605633803,0.11619718309859155,-0.36619718309859156,-0.09507042253521127,-0.3626760563380282,-0.14788732394366197,-0.25704225352112675,-0.1443661971830986,-0.18661971830985916
4,0.0,0.0,0.1864951768488746,0.0932475884244373,0.33762057877813506,0.12861736334405144,0.43729903536977494,0.14790996784565916,0.5144694533762058,0.12218649517684887,0.5144694533762058,-0.11254019292604502,0.707395498392283,-0.10289389067524116,0.842443729903537,-0.1189710610932476,0.9517684887459807,-0.15112540192926044,0.4758842443729904,-0.1639871382636656,0.7202572347266881,-0.11254019292604502,0.8745980707395499,-0.10610932475884244,1.0,-0.12861736334405144,0.40514469453376206,-0.18006430868167203,0.5401929260450161,0.03215434083601286,0.4212218649517685,0.0932475884244373,0.33762057877813506,0.08038585209003216,0.3247588424437299,-0.15112540192926044,0.42443729903536975,0.03536977491961415,0.3440514469453376,0.08360128617363344,0.2797427652733119,0.06109324758842444,0.0,0.0,-0.15808823529411764,-0.08088235294117647,-0.2610294117647059,-0.21323529411764705,-0.27941176470588236,-0.3125,-0.21691176470588236,-0.40808823529411764,-0.11397058823529412,-0.5110294117647058,-0.14338235294117646,-0.7279411764705882,-0.15808823529411764,-0.8786764705882353,-0.14705882352941177,-1.0,-0.003676470588235294,-0.4963235294117647,-0.06985294117647059,-0.7316176470588235,-0.07352941176470588,-0.8455882352941176,-0.051470588235294115,-0.9375,0.07720588235294118,-0.44485294117647056,-0.125,-0.49264705882352944,-0.17647058823529413,-0.35661764705882354,-0.15808823529411764,-0.26838235294117646,0.1213235294117647,-0.35661764705882354,-0.09191176470588236,-0.35661764705882354,-0.14338235294117646,-0.25,-0.13970588235294118,-0.18382352941176472
4,0.0,0.0,0.1780821917808219,0.09931506849315068,0.3321917808219178,0.1404109589041096,0.4315068493150685,0.1643835616438356,0.4965753424657534,0.13013698630136986,0.5102739726027398,-0.09931506849315068,0.7054794520547946,-0.08904109589041095,0.8458904109589042,-0.09931506849315068,0.9554794520547946,-0.13013698630136986,0.4691780821917808,-0.15753424657534246,0.7157534246575342,-0.10616438356164383,0.8767123287671232,-0.10273972602739725,1.0,-0.1267123287671233,0.3972602739726027,-0.1780821917808219,0.523972602739726,0.0273972602739726,0.4143835616438356,0.08561643835616438,0.3321917808219178,0.07191780821917808,0.3116438356164384,-0.1506849315068493,0.410958904109589,0.03424657534246575,0.3321917808219178,0.0821917808219178,0.2705479452054795,0.0547945205479452,0.0,0.0,-0.1590909090909091,-0.07575757575757576,-0.26136363636363635,-0.21212121212121213,-0.2803030303030303,-0.3106060606060606,-0.2159090909090909,-0.4053030303030303,-0.11742424242424243,-0.5113636363636364,-0.14015151515151514,-0.7272727272727273,-0.1553030303030303,-0.875,-0.14015151515151514,-1.0,-0.011363636363636364,-0.4962121212121212,-0.07196969696969698,-0.7310606060606061,-0.07575757575757576,-0.8371212121212122,-0.04924242424242424,-0.9166666666666666,0.07575757575757576,-0.4431818181818182,-0.125,-0.48863636363636365,-0.17803030303030304,-0.3522727272727273,-0.16287878787878787,-0.25757575757575757,0.11742424242424243,-0.3522727272727273,-0.09090909090909091,-0.3484848484848485,-0.14772727272727273,-0.24242424242424243,-0.14015151515151514,-0.17424242424242425
4,0.0,0.0,0.17647058823529413,0.09688581314878893,0.32525951557093424,0.1384083044982699,0.42214532871972316,0.15916955017301038,0.49480968858131485,0.13494809688581316,0.5086505190311419,-0.10726643598615918,0.7024221453287197,-0.10034602076124567,0.8442906574394463,-0.11764705882352941,0.9515570934256056,-0.15570934256055363,0.4671280276816609,-0.16262975778546712,0.7162629757785467,-0.10380622837370242,0.8788927335640139,-0.10034602076124567,1.0,-0.1314878892733564,0.3944636678200692,-0.18339100346020762,0.5224913494809689,0.02768166089965398,0.4117647058823529,0.08996539792387544,0.328719723183391,0.06920415224913495,0.3079584775086505,-0.1522491349480969,0.40484429065743943,0.03460207612456748,0.328719723183391,0.08304498269896193,0.2664359861591695,0.05190311418685121,0.0,0.0,-0.1553030303030303,-0.08333333333333333,-0.25757575757575757,-0.2159090909090909,-0.2727272727272727,-0.3143939393939394,-0.21212121212121213,-0.4090909090909091,-0.11363636363636363,-0.5113636363636364,-0.14015151515151514,-0.7272727272727273,-0.1553030303030303,-0.875,-0.14015151515151514,-1.0,-0.003787878787878788,-0.5,-0.06818181818181818,-0.7272727272727273,-0.07575757575757576,-0.8446969696969697,-0.06060606060606061,-0.9356060606060606,0.07954545454545454,-0.44696969696969696,-0.125,-0.4962121212121212,-0.17424242424242425,-0.35984848484848486,-0.1553030303030303,-0.26515151515151514,0.12121212121212122,-0.35984848484848486,-0.08712121212121213,-0.3560606060606061,-0.13636363636363635,-0.2537878787878788,-0.12878787878787878,-0.1856060606060606
4,0.0,0.0,0.17579250720461095,0.08645533141210375,0.3285302593659942,0.12103746397694524,0.4265129682997118,0.1440922190201729,0.4956772334293948,0.12968299711815562,0.5014409221902018,-0.10951008645533142,0.6887608069164265,-0.1037463976945245,0.8242074927953891,-0.12103746397694524,0.9279538904899135,-0.1585014409221902,0.4610951008645533,-0.16138328530259366,0.7089337175792507,-0.10662824207492795,0.8731988472622478,-0.10086455331412104,1.0,-0.12103746397694524,0.39481268011527376,-0.17579250720461095,0.5273775216138329,0.03170028818443804,0.4092219020172911,0.09510086455331412,0.3227665706051873,0.08645533141210375,0.31412103746397696,-0.1440922190201729,0.41210374639769454,0.037463976945244955,0.33429394812680113,0.08645533141210375,0.2680115273775216,0.06340057636887608,0.0,0.0,-0.15719063545150502,-0.08361204013377926,-0.25752508361204013,-0.2140468227424749,-0.27759197324414714,-0.3076923076923077,-0.20735785953177258,-0.3879598662207358,-0.11371237458193979,-0.5083612040133779,-0.13377926421404682,-0.725752508361204,-0.1505016722408027,-0.8762541806020067,-0.14381270903010032,-1.0,-0.0033444816053511705,-0.49498327759197325,-0.06020066889632107,-0.7224080267558528,-0.06688963210702341,-0.8361204013377926,-0.05351170568561873,-0.9297658862876255,0.08361204013377926,-0.43812709030100333,-0.12040133779264214,-0.4882943143812709,-0.17391304347826086,-0.3511705685618729,-0.15719063545150502,-0.26421404682274247,0.12709030100334448,-0.34448160535117056,-0.08695652173913043,-0.34448160535117056,-0.13712374581939799,-0.2408026755852843,-0.12374581939799331,-0.17391304347826086
4,0.0,0.0,0.1827956989247312,0.08333333333333333,0.3387096774193548,0.11021505376344086,0.4381720430107527,0.13172043010752688,0.5241935483870968,0.15053763440860216,0.521505376344086,-0.11021505376344086,0.7123655913978495,-0.09946236559139784,0.8494623655913979,-0.10752688172043011,0.956989247311828,-0.13440860215053763,0.478494623655914,-0.1586021505376344,0.7150537634408602,-0.11021505376344086,0.8736559139784946,-0.10483870967741936,1.0,-0.12365591397849462,0.4032258064516129,-0.17204301075268819,0.543010752688172,0.03225806451612903,0.42473118279569894,0.09408602150537634,0.3387096774193548,0.08064516129032258,0.32526881720430106,-0.13440860215053763,0.4274193548387097,0.043010752688172046,0.3467741935483871,0.08870967741935484,0.28225806451612906,0.06182795698924731,0.0,0.0,-0.1550632911392405,-0.08227848101265822,-0.2689873417721519,-0.2120253164556962,-0.29430379746835444,-0.2974683544303797,-0.22151898734177214,-0.37658227848101267,-0.12341772151898735,-0.509493670886076,-0.13924050632911392,-0.7278481012658228,-0.1550632911392405,-0.8765822784810127,-0.14556962025316456,-1.0,-0.00949367088607595,-0.49050632911392406,-0.06645569620253164,-0.7183544303797469,-0.06962025316455696,-0.8227848101265823,-0.04746835443037975,-0.9050632911392406,0.07911392405063292,-0.4272151898734177,-0.12341772151898735,-0.47468354430379744,-0.17721518987341772,-0.33860759493670883,-0.16139240506329114,-0.25,0.12025316455696203,-0.3322784810126582,-0.08860759493670886,-0.3291139240506329,-0.13924050632911392,-0.22784810126582278,-0.12658227848101267,-0.16455696202531644
5,0.0,0.0,-0.0049261083743842365,-0.2660098522167488,0.11330049261083744,-0.47783251231527096,0.28078817733990147,-0.6009852216748769,0.39408866995073893,-0.7241379310344828,0.3891625615763547,-0.5073891625615764,0.35467980295566504,-0.43842364532019706,0.26108374384236455,-0.3645320197044335,0.18719211822660098,-0.3399014778325123,0.4876847290640394,-0.3793103448275862,0.43842364532019706,-0.33004926108374383,0.3399014778325123,-0.2857142857142857,0.2561576354679803,-0.2561576354679803,0.5369458128078818,-0.23645320197044334,0.5172413793103449,-0.21674876847290642,0.4088669950738916,-0.18226600985221675,0.31527093596059114,-0.15270935960591134,0.5665024630541872,-0.09359605911330049,0.7635467980295566,-0.15270935960591134,0.8916256157635468,-0.18226600985221675,1.0,-0.22167487684729065,0.0,0.0,-0.15677966101694915,-0.2076271186440678,-0.3135593220338983,-0.3135593220338983,-0.4406779661016949,-0.4533898305084746,-0.4957627118644068,-0.597457627118644,-0.5466101694915254,-0.1228813559322034,-0.7711864406779662,-0.012711864406779662,-0.8983050847457628,0.05508474576271186,-1.0,0.1059322033898305,-0.538135593220339,0.0423728813559322,-0.6016949152542372,0.0423728813559322,-0.5127118644067796,0.012711864406779662,-0.423728813559322,-0.012711864406779662,-0.4703389830508475,0.17372881355932204,-0.5,0.1228813559322034,-0.423728813559322,0.1059322033898305,-0.3432203389830508,0.09745762711864407,-0.4025423728813559,0.2796610169491525,-0.4152542372881356,0.2245762711864407,-0.3432203389830508,0.19915254237288135,-0.2796610169491525,0.18220338983050846
5,0.0,0.0,0.02262443438914027,-0.27149321266968324,0.167420814479638,-0.47058823529411764,0.3574660633484163,-0.5746606334841629,0.47058823529411764,-0.6923076923076923,0.4343891402714932,-0.4751131221719457,0.4298642533936652,-0.3891402714932127,0.3257918552036199,-0.3212669683257919,0.2398190045248869,-0.31221719457013575,0.5203619909502263,-0.3393665158371041,0.48868778280542985,-0.28054298642533937,0.38009049773755654,-0.23529411764705882,0.2895927601809955,-0.22171945701357465,0.5610859728506787,-0.19004524886877827,0.5565610859728507,-0.167420814479638,0.4434389140271493,-0.13574660633484162,0.34841628959276016,-0.12217194570135746,0.5746606334841629,-0.04524886877828054,0.7692307692307693,-0.09049773755656108,0.8959276018099548,-0.1085972850678733,1.0,-0.13574660633484162,0.0,0.0,-0.13108614232209737,-0.20599250936329588,-0.2696629213483146,-0.3258426966292135,-0.38202247191011235,-0.47191011235955055,-0.43820224719101125,-0.602996254681648,-0.5093632958801498,-0.15730337078651685,-0.7490636704119851,-0.06741573033707865,-0.8876404494382022,-0.011235955056179775,-1.0,0.026217228464419477,-0.5168539325842697,0.003745318352059925,-0.5917602996254682,-0.0149812734082397,-0.5056179775280899,-0.04119850187265917,-0.4157303370786517,-0.052434456928838954,-0.46441947565543074,0.13108614232209737,-0.5056179775280899,0.0749063670411985,-0.4344569288389513,0.06367041198501873,-0.352059925093633,0.06367041198501873,-0.4044943820224719,0.23595505617977527,-0.4232209737827715,0.17228464419475656,-0.35580524344569286,0.15355805243445692,-0.2883895131086142,0.149812734082397
5,0.0,0.0,0.034934497816593885,-0.2663755458515284,0.17903930131004367,-0.4585152838427948,0.35807860262008734,-0.5545851528384279,0.47161572052401746,-0.6637554585152838,0.43231441048034935,-0.4585152838427948,0.4104803493449782,-0.38427947598253276,0.3056768558951965,-0.31877729257641924,0.22707423580786026,-0.30131004366812225,0.5109170305676856,-0.3231441048034934,0.4759825327510917,-0.27074235807860264,0.3624454148471616,-0.22707423580786026,0.27510917030567683,-0.2052401746724891,0.5545851528384279,-0.17903930131004367,0.537117903930131,-0.1572052401746725,0.42358078602620086,-0.12663755458515283,0.3318777292576419,-0.11353711790393013,0.5676855895196506,-0.034934497816593885,0.7685589519650655,-0.08296943231441048,0.8951965065502183,-0.10480349344978165,1.0,-0.13537117903930132,0.0,0.0,-0.13703703703703704,-0.2074074074074074,-0.2777777777777778,-0.3148148148148148,-0.3888888888888889,-0.45925925925925926,-0.43703703703703706,-0.5925925925925926,-0.5111111111111111,-0.14814814814814814,-0.7481481481481481,-0.05925925925925926,-0.8888888888888888,-0.007407407407407408,-1.0,0.02962962962962963,-0.5185185185185185,0.014814814814814815,-0.5851851851851851,-0.011111111111111112,-0.5037037037037037,-0.037037037037037035,-0.4148148148148148,-0.04814814814814815,-0.46296296296296297,0.14074074074074075,-0.5,0.07407407407407407,-0.42962962962962964,0.06296296296296296,-0.34814814814814815,0.06666666666666667,-0.40370370370370373,0.24074074074074073,-0.4185185185185185,0.17777777777777778,-0.35185185185185186,0.15925925925925927,-0.2851851851851852,0.14814814814814814
5,0.0,0.0,0.03508771929824561,-0.2675438596491228,0.17543859649122806,-0.4605263157894737,0.35526315789473684,-0.5570175438596491,0.4692982456140351,-0.6666666666666666,0.4342105263157895,-0.4605263157894737,0.4166666666666667,-0.40350877192982454,0.31140350877192985,-0.3333333333333333,0.23684210526315788,-0.31140350877192985,0.5131578947368421,-0.32894736842105265,0.47368421052631576,-0.2894736842105263,0.36403508771929827,-0.24561403508771928,0.2807017543859649,-0.2236842105263158,0.5482456140350878,-0.17982456140350878,0.5307017543859649,-0.17105263157894737,0.4166666666666667,-0.14473684210526316,0.32456140350877194,-0.12719298245614036,0.5614035087719298,-0.039473684210526314,0.7631578947368421,-0.08771929824561403,0.8947368421052632,-0.10964912280701754,1.0,-0.14035087719298245,0.0,0.0,-0.14074074074074075,-0.2037037037037037,-0.2814814814814815,-0.3111111111111111,-0.3925925925925926,-0.45185185185185184,-0.44074074074074077,-0.5851851851851851,-0.5111111111111111,-0.14444444444444443,-0.7481481481481481,-0.05555555555555555,-0.8888888888888888,-0.003703703703703704,-1.0,0.037037037037037035,-0.5185185185185185,0.011111111111111112,-0.5888888888888889,-0.011111111111111112,-0.5074074074074074,-0.03333333333333333,-0.4185185185185185,-0.04814814814814815,-0.46296296296296297,0.14074074074074075,-0.4962962962962963,0.07407407407407407,-0.42962962962962964,0.06296296296296296,-0.34814814814814815,0.06296296296296296,-0.4074074074074074,0.24074074074074073,-0.42592592592592593,0.17777777777777778,-0.3592592592592593,0.15925925925925927,-0.2962962962962963,0.14814814814814814
5,0.0,0.0,0.03571428571428571,-0.2767857142857143,0.17410714285714285,-0.46875,0.35267857142857145,-0.5669642857142857,0.46875,-0.6785714285714286,0.4375,-0.46875,0.41517857142857145,-0.4017857142857143,0.3125,-0.33482142857142855,0.23660714285714285,-0.3169642857142857,0.5223214285714286,-0.33035714285714285,0.47767857142857145,-0.29017857142857145,0.36160714285714285,-0.25,0.28125,-0.22767857142857142,0.5580357142857143,-0.18303571428571427,0.5357142857142857,-0.17857142857142858,0.41964285714285715,-0.15178571428571427,0.32589285714285715,-0.12946428571428573,0.5714285714285714,-0.04017857142857143,0.7678571428571429,-0.08928571428571429,0.8973214285714286,-0.11160714285714286,1.0,-0.13839285714285715,0.0,0.0,-0.13703703703703704,-0.2,-0.2777777777777778,-0.3074074074074074,-0.3888888888888889,-0.45555555555555555,-0.44074074074074077,-0.5888888888888889,-0.5111111111111111,-0.14444444444444443,-0.7518518518518519,-0.05555555555555555,-0.8888888888888888,-0.003703703703703704,-1.0,0.03333333333333333,-0.5148148148148148,0.014814814814814815,-0.5888888888888889,-0.011111111111111112,-0.5111111111111111,-0.037037037037037035,-0.4222222222222222,-0.04814814814814815,-0.46296296296296297,0.14074074074074075,-0.5,0.07407407407407407,-0.43333333333333335,0.06296296296296296,-0.35185185185185186,0.06666666666666667,-0.4074074074074074,0.24074074074074073,-0.4222222222222222,0.17407407407407408,-0.35555555555555557,0.15555555555555556,-0.29259259259259257,0.14814814814814814
5,0.0,0.0,0.03571428571428571,-0.27232142857142855,0.17857142857142858,-0.45982142857142855,0.35714285714285715,-0.5580357142857143,0.46875,-0.6651785714285714,0.4375,-0.45535714285714285,0.4107142857142857,-0.3794642857142857,0.3080357142857143,-0.3125,0.22767857142857142,-0.29464285714285715,0.5178571428571429,-0.3169642857142857,0.46875,-0.26339285714285715,0.35267857142857145,-0.22321428571428573,0.26785714285714285,-0.20535714285714285,0.5535714285714286,-0.16964285714285715,0.53125,-0.15178571428571427,0.41517857142857145,-0.12053571428571429,0.32142857142857145,-0.10714285714285714,0.5625,-0.026785714285714284,0.7633928571428571,-0.07142857142857142,0.8928571428571429,-0.09375,1.0,-0.125,0.0,0.0,-0.14022140221402213,-0.2029520295202952,-0.28044280442804426,-0.30996309963099633,-0.39114391143911437,-0.45387453874538747,-0.44649446494464945,-0.5830258302583026,-0.5129151291512916,-0.14760147601476015,-0.7527675276752768,-0.05904059040590406,-0.8929889298892989,-0.007380073800738007,-1.0,0.02952029520295203,-0.5166051660516605,0.01107011070110701,-0.5867158671586716,-0.007380073800738007,-0.5092250922509225,-0.02952029520295203,-0.42435424354243545,-0.04428044280442804,-0.46494464944649444,0.13284132841328414,-0.4981549815498155,0.07749077490774908,-0.4317343173431734,0.06642066420664207,-0.35424354243542433,0.07011070110701106,-0.4095940959409594,0.23616236162361623,-0.4280442804428044,0.17712177121771217,-0.36162361623616235,0.15867158671586715,-0.2952029520295203,0.15129151291512916
5,0.0,0.0,0.03571428571428571,-0.26339285714285715,0.17410714285714285,-0.45089285714285715,0.35267857142857145,-0.5491071428571429,0.45982142857142855,-0.6651785714285714,0.4330357142857143,-0.45535714285714285,0.42857142857142855,-0.35267857142857145,0.32589285714285715,-0.28125,0.24553571428571427,-0.2767857142857143,0.5133928571428571,-0.3169642857142857,0.48214285714285715,-0.24107142857142858,0.36607142857142855,-0.19642857142857142,0.27232142857142855,-0.1875,0.5535714285714286,-0.17410714285714285,0.5401785714285714,-0.13392857142857142,0.42410714285714285,-0.10267857142857142,0.33035714285714285,-0.08928571428571429,0.5714285714285714,-0.03125,0.7723214285714286,-0.06696428571428571,0.8973214285714286,-0.08928571428571429,1.0,-0.12053571428571429,0.0,0.0,-0.14015151515151514,-0.20454545454545456,-0.2803030303030303,-0.3181818181818182,-0.39015151515151514,-0.4659090909090909,-0.44696969696969696,-0.5984848484848485,-0.5151515151515151,-0.14393939393939395,-0.7537878787878788,-0.056818181818181816,-0.8939393939393939,-0.003787878787878788,-1.0,0.03787878787878788,-0.5227272727272727,0.015151515151515152,-0.5795454545454546,0.0,-0.5,-0.022727272727272728,-0.4090909090909091,-0.03787878787878788,-0.4659090909090909,0.14393939393939395,-0.48863636363636365,0.08712121212121213,-0.42045454545454547,0.07575757575757576,-0.3409090909090909,0.07196969696969698,-0.4053030303030303,0.24621212121212122,-0.4128787878787879,0.1856060606060606,-0.3446969696969697,0.16666666666666666,-0.2803030303030303,0.1553030303030303
5,0.0,0.0,0.03111111111111111,-0.26666666666666666,0.17333333333333334,-0.4533333333333333,0.3466666666666667,-0.5555555555555556,0.4488888888888889,-0.6711111111111111,0.4177777777777778,-0.4666666666666667,0.4266666666666667,-0.3688888888888889,0.3288888888888889,-0.3022222222222222,0.24888888888888888,-0.29777777777777775,0.5022222222222222,-0.3333333333333333,0.48444444444444446,-0.26666666666666666,0.37333333333333335,-0.21777777777777776,0.28444444444444444,-0.2088888888888889,0.5422222222222223,-0.18666666666666668,0.5422222222222223,-0.1511111111111111,0.4266666666666667,-0.12,0.3288888888888889,-0.1111111111111111,0.5644444444444444,-0.04,0.7644444444444445,-0.08444444444444445,0.8933333333333333,-0.10222222222222223,1.0,-0.13333333333333333,0.0,0.0,-0.13805970149253732,-0.20522388059701493,-0.2798507462686567,-0.31716417910447764,-0.39552238805970147,-0.4626865671641791,-0.45149253731343286,-0.5932835820895522,-0.5149253731343284,-0.14925373134328357,-0.753731343283582,-0.05970149253731343,-0.8917910447761194,-0.007462686567164179,-1.0,0.029850746268656716,-0.5223880597014925,0.007462686567164179,-0.5746268656716418,-0.007462686567164179,-0.4925373134328358,-0.029850746268656716,-0.40671641791044777,-0.04477611940298507,-0.4626865671641791,0.13432835820895522,-0.48134328358208955,0.08208955223880597,-0.4141791044776119,0.0708955223880597,-0.3358208955223881,0.06716417910447761,-0.40298507462686567,0.23880597014925373,-0.40671641791044777,0.1791044776119403,-0.33955223880597013,0.16044776119402984,-0.27611940298507465,0.15298507462686567
5,0.0,0.0,0.02631578947368421,-0.2675438596491228,0.17105263157894737,-0.4517543859649123,0.3508771929824561,-0.5482456140350878,0.45614035087719296,-0.6622807017543859,0.42543859649122806,-0.45614035087719296,0.42105263157894735,-0.36403508771929827,0.3157894736842105,-0.29385964912280704,0.2324561403508772,-0.2850877192982456,0.5087719298245614,-0.32456140350877194,0.4824561403508772,-0.2543859649122807,0.3684210526315789,-0.21052631578947367,0.2807017543859649,-0.19736842105263158,0.5482456140350878,-0.17543859649122806,0.5394736842105263,-0.14035087719298245,0.42543859649122806,-0.10526315789473684,0.32894736842105265,-0.09210526315789473,0.5614035087719298,-0.03508771929824561,0.7587719298245614,-0.07456140350877193,0.8903508771929824,-0.09649122807017543,1.0,-0.12280701754385964,0.0,0.0,-0.13454545454545455,-0.20363636363636364,-0.27636363636363637,-0.32,-0.3927272727272727,-0.4618181818181818,-0.4509090909090909,-0.5890909090909091,-0.5163636363636364,-0.15272727272727274,-0.7527272727272727,-0.06181818181818182,-0.8909090909090909,-0.01090909090909091,-1.0,0.025454545454545455,-0.5236363636363637,0.0036363636363636364,-0.5709090909090909,-0.01090909090909091,-0.4909090909090909,-0.02909090909090909,-0.4072727272727273,-0.04,-0.4727272727272727,0.12727272727272726,-0.48,0.07272727272727272,-0.41454545454545455,0.06545454545454546,-0.3418181818181818,0.06545454545454546,-0.41454545454545455,0.23272727272727273,-0.41454545454545455,0.1781818181818182,-0.3490909090909091,0.16363636363636364,-0.2872727272727273,0.14909090909090908
5,0.0,0.0,0.034934497816593885,-0.2576419213973799,0.17467248908296942,-0.4410480349344978,0.34934497816593885,-0.5327510917030568,0.47161572052401746,-0.6331877729257642,0.4279475982532751,-0.43231441048034935,0.4279475982532751,-0.34934497816593885,0.3231441048034934,-0.2794759825327511,0.24017467248908297,-0.2576419213973799,0.5065502183406113,-0.3056768558951965,0.4978165938864629,-0.2314410480349345,0.3799126637554585,-0.17903930131004367,0.2838427947598253,-0.1615720524017467,0.5414847161572053,-0.16593886462882096,0.5545851528384279,-0.11790393013100436,0.43231441048034935,-0.08296943231441048,0.3318777292576419,-0.06986899563318777,0.5633187772925764,-0.026200873362445413,0.7685589519650655,-0.056768558951965066,0.8951965065502183,-0.07423580786026202,1.0,-0.09606986899563319,0.0,0.0,-0.1407942238267148,-0.20216606498194944,-0.296028880866426,-0.2996389891696751,-0.4007220216606498,-0.4368231046931408,-0.44404332129963897,-0.5667870036101083,-0.5090252707581228,-0.148014440433213,-0.7436823104693141,-0.06498194945848375,-0.8844765342960289,-0.0036101083032490976,-1.0,0.039711191335740074,-0.5126353790613718,0.007220216606498195,-0.5595667870036101,-0.010830324909747292,-0.47653429602888087,-0.02888086642599278,-0.3971119133574007,-0.04332129963898917,-0.4620938628158845,0.1263537906137184,-0.47653429602888087,0.06498194945848375,-0.40794223826714804,0.05415162454873646,-0.33212996389891697,0.05776173285198556,-0.4043321299638989,0.22743682310469315,-0.41155234657039713,0.16606498194945848,-0.35018050541516244,0.148014440433213,-0.2851985559566787,0.1371841155234657
5,0.0,0.0,0.03829787234042553,-0.23829787234042554,0.18723404255319148,-0.41702127659574467,0.3702127659574468,-0.5148936170212766,0.46808510638297873,-0.625531914893617,0.425531914893617,-0.43829787234042555,0.4595744680851064,-0.28936170212765955,0.3446808510638298,-0.22127659574468084,0.251063829787234,-0.2297872340425532,0.4978723404255319,-0.31063829787234043,0.502127659574468,-0.17872340425531916,0.3829787234042553,-0.13191489361702127,0.2851063829787234,-0.13617021276595745,0.5361702127659574,-0.16595744680851063,0.5574468085106383,-0.07234042553191489,0.43829787234042555,-0.03404255319148936,0.33617021276595743,-0.0425531914893617,0.5531914893617021,-0.02127659574468085,0.7617021276595745,-0.05106382978723404,0.8893617021276595,-0.06382978723404255,1.0,-0.0851063829787234,0.0,0.0,-0.13732394366197184,-0.20422535211267606,-0.29225352112676056,-0.30633802816901406,-0.397887323943662,-0.44014084507042256,-0.4471830985915493,-0.5704225352112676,-0.5105633802816901,-0.13380281690140844,-0.75,-0.04929577464788732,-0.8873239436619719,-0.0035211267605633804,-1.0,0.03169014084507042,-0.5105633802816901,0.02112676056338028,-0.573943661971831,-0.007042253521126761,-0.49295774647887325,-0.028169014084507043,-0.4119718309859155,-0.03873239436619718,-0.4612676056338028,0.13732394366197184,-0.4788732394366197,0.06690140845070422,-0.4119718309859155,0.0528169014084507,-0.3380281690140845,0.0528169014084507,-0.40492957746478875,0.2323943661971831,-0.4154929577464789,0.16549295774647887,-0.352112676056338,0.1443661971830986,-0.29225352112676056,0.13380281690140844
5,0.0,0.0,0.04230769230769231,-0.22692307692307692,0.18461538461538463,-0.40384615384615385,0.36923076923076925,-0.49615384615384617,0.46923076923076923,-0.6038461538461538,0.4076923076923077,-0.4307692307692308,0.47692307692307695,-0.28076923076923077,0.3730769230769231,-0.2153846153846154,0.27692307692307694,-0.22692307692307692,0.4807692307692308,-0.3038461538461538,0.5153846153846153,-0.16923076923076924,0.39615384615384613,-0.12307692307692308,0.3,-0.13076923076923078,0.5230769230769231,-0.1576923076923077,0.5653846153846154,-0.06153846153846154,0.4461538461538462,-0.023076923076923078,0.35,-0.03461538461538462,0.5461538461538461,-0.011538461538461539,0.7538461538461538,-0.05,0.8846153846153846,-0.06153846153846154,1.0,-0.08846153846153847,0.0,0.0,-0.13592233009708737,-0.20711974110032363,-0.29449838187702265,-0.3042071197411003,-0.39805825242718446,-0.42071197411003236,-0.44660194174757284,-0.5372168284789643,-0.511326860841424,-0.1423948220064725,-0.7475728155339806,-0.06472491909385113,-0.8867313915857605,-0.016181229773462782,-1.0,0.019417475728155338,-0.5145631067961165,0.009708737864077669,-0.5663430420711975,-0.006472491909385114,-0.4854368932038835,-0.02912621359223301,-0.41423948220064727,-0.045307443365695796,-0.4627831715210356,0.12944983818770225,-0.4692556634304207,0.08090614886731391,-0.4077669902912621,0.061488673139158574,-0.3365695792880259,0.05825242718446602,-0.4045307443365696,0.2297734627831715,-0.40129449838187703,0.17475728155339806,-0.343042071197411,0.1488673139158576,-0.28802588996763756,0.13915857605177995
5,0.0,0.0,0.04182509505703422,-0.23193916349809887,0.19011406844106463,-0.4068441064638783,0.3726235741444867,-0.49809885931558934,0.4714828897338403,-0.6083650190114068,0.41825095057034223,-0.4296577946768061,0.4752851711026616,-0.2813688212927757,0.3650190114068441,-0.21673003802281368,0.2737642585551331,-0.22433460076045628,0.49049429657794674,-0.30038022813688214,0.5171102661596958,-0.17110266159695817,0.3916349809885932,-0.12167300380228137,0.2965779467680608,-0.12927756653992395,0.5285171102661597,-0.155893536121673,0.5627376425855514,-0.06463878326996197,0.44106463878326996,-0.022813688212927757,0.34220532319391633,-0.030418250950570342,0.5475285171102662,-0.011406844106463879,0.7566539923954373,-0.049429657794676805,0.8859315589353612,-0.06844106463878327,1.0,-0.09885931558935361,0.0,0.0,-0.14375,-0.203125,-0.30625,-0.275,-0.428125,-0.35625,-0.496875,-0.421875,-0.515625,-0.13125,-0.753125,-0.053125,-0.89375,0.0,-1.0,0.0375,-0.515625,0.0125,-0.575,0.009375,-0.50625,-0.015625,-0.434375,-0.0375,-0.4625,0.13125,-0.478125,0.084375,-0.421875,0.065625,-0.353125,0.05625,-0.4,0.234375,-0.409375,0.171875,-0.35625,0.14375,-0.296875,0.13125
5,0.0,0.0,0.04198473282442748,-0.22900763358778625,0.183206106870229,-0.4083969465648855,0.3702290076335878,-0.5,0.46946564885496184,-0.6068702290076335,0.40458015267175573,-0.44274809160305345,0.46946564885496184,-0.2824427480916031,0.36259541984732824,-0.21374045801526717,0.26717557251908397,-0.22137404580152673,0.48091603053435117,-0.31679389312977096,0.5114503816793893,-0.16793893129770993,0.3893129770992366,-0.1183206106870229,0.2900763358778626,-0.12595419847328243,0.5229007633587787,-0.17557251908396945,0.5648854961832062,-0.0648854961832061,0.44656488549618323,-0.022900763358778626,0.3435114503816794,-0.030534351145038167,0.5458015267175572,-0.026717557251908396,0.7557251908396947,-0.0648854961832061,0.8893129770992366,-0.08396946564885496,1.0,-0.11450381679389313,0.0,0.0,-0.140625,-0.2,-0.30625,-0.284375,-0.4375,-0.390625,-0.509375,-0.49375,-0.515625,-0.125,-0.746875,-0.040625,-0.8875,0.0125,-1.0,0.053125,-0.51875,0.021875,-0.565625,0.003125,-0.49375,-0.025,-0.421875,-0.04375,-0.4625,0.140625,-0.475,0.078125,-0.421875,0.05625,-0.353125,0.05,-0.4,0.234375,-0.40625,0.16875,-0.35,0.140625,-0.29375,0.128125
5,0.0,0.0,0.03501945525291829,-0.23735408560311283,0.17509727626459143,-0.4163424124513619,0.36186770428015563,-0.5136186770428015,0.46303501945525294,-0.622568093385214,0.40077821011673154,-0.4474708171206226,0.45525291828793774,-0.3035019455252918,0.35797665369649806,-0.23735408560311283,0.26459143968871596,-0.24124513618677043,0.4785992217898833,-0.3229571984435798,0.4980544747081712,-0.19066147859922178,0.38132295719844356,-0.14007782101167315,0.2801556420233463,-0.14396887159533073,0.5214007782101168,-0.17898832684824903,0.5603112840466926,-0.08560311284046693,0.44357976653696496,-0.042801556420233464,0.33852140077821014,-0.05058365758754864,0.5447470817120622,-0.0311284046692607,0.754863813229572,-0.07392996108949416,0.8871595330739299,-0.0933852140077821,1.0,-0.12062256809338522,0.0,0.0,-0.14012738853503184,-0.20063694267515925,-0.29936305732484075,-0.28343949044585987,-0.4140127388535032,-0.3853503184713376,-0.4713375796178344,-0.4840764331210191,-0.5127388535031847,-0.12420382165605096,-0.7484076433121019,-0.03821656050955414,-0.8885350318471338,0.01592356687898089,-1.0,0.05732484076433121,-0.5159235668789809,0.01910828025477707,-0.5573248407643312,0.009554140127388535,-0.4872611464968153,-0.01592356687898089,-0.4171974522292994,-0.03503184713375796,-0.46496815286624205,0.13694267515923567,-0.46496815286624205,0.08598726114649681,-0.40764331210191085,0.06687898089171974,-0.34076433121019106,0.054140127388535034,-0.4012738853503185,0.2356687898089172,-0.3980891719745223,0.17834394904458598,-0.34394904458598724,0.14968152866242038,-0.2898089171974522,0.1337579617834395
5,0.0,0.0,0.03529411764705882,-0.23529411764705882,0.1803921568627451,-0.4196078431372549,0.3686274509803922,-0.5137254901960784,0.4666666666666667,-0.6235294117647059,0.403921568627451,-0.4470588235294118,0.4549019607843137,-0.29411764705882354,0.34901960784313724,-0.2235294117647059,0.2549019607843137,-0.23137254901960785,0.4823529411764706,-0.3176470588235294,0.4980392156862745,-0.1843137254901961,0.37254901960784315,-0.12941176470588237,0.27450980392156865,-0.13333333333333333,0.5254901960784314,-0.17647058823529413,0.5529411764705883,-0.0784313725490196,0.43137254901960786,-0.03529411764705882,0.3333333333333333,-0.0392156862745098,0.5490196078431373,-0.03137254901960784,0.7568627450980392,-0.07058823529411765,0.8901960784313725,-0.09019607843137255,1.0,-0.11764705882352941,0.0,0.0,-0.14012738853503184,-0.20063694267515925,-0.2961783439490446,-0.28343949044585987,-0.410828025477707,-0.3885350318471338,-0.4713375796178344,-0.4681528662420382,-0.5095541401273885,-0.1337579617834395,-0.7484076433121019,-0.044585987261146494,-0.8885350318471338,0.009554140127388535,-1.0,0.050955414012738856,-0.5127388535031847,0.012738853503184714,-0.5764331210191083,-0.0031847133757961785,-0.5031847133757962,-0.028662420382165606,-0.4299363057324841,-0.04777070063694268,-0.46178343949044587,0.1305732484076433,-0.4840764331210191,0.07006369426751592,-0.42356687898089174,0.050955414012738856,-0.3535031847133758,0.050955414012738856,-0.40764331210191085,0.22611464968152867,-0.42356687898089174,0.1624203821656051,-0.3662420382165605,0.13694267515923567,-0.3057324840764331,0.1305732484076433
5,0.0,0.0,0.043137254901960784,-0.23137254901960785,0.1803921568627451,-0.4196078431372549,0.3607843137254902,-0.5176470588235295,0.4666666666666667,-0.6313725490196078,0.40784313725490196,-0.45098039215686275,0.47058823529411764,-0.3058823529411765,0.36470588235294116,-0.23529411764705882,0.27058823529411763,-0.23921568627450981,0.4823529411764706,-0.3215686274509804,0.5098039215686274,-0.19215686274509805,0.3843137254901961,-0.13725490196078433,0.2823529411764706,-0.1411764705882353,0.5254901960784314,-0.17647058823529413,0.5607843137254902,-0.08235294117647059,0.44313725490196076,-0.03529411764705882,0.33725490196078434,-0.0392156862745098,0.5490196078431373,-0.03137254901960784,0.7568627450980392,-0.0784313725490196,0.8901960784313725,-0.10196078431372549,1.0,-0.13333333333333333,0.0,0.0,-0.14057507987220447,-0.19488817891373802,-0.3003194888178914,-0.28434504792332266,-0.41533546325878595,-0.402555910543131,-0.4792332268370607,-0.5079872204472844,-0.5207667731629393,-0.12779552715654952,-0.7571884984025559,-0.03194888178913738,-0.8913738019169329,0.019169329073482427,-1.0,0.054313099041533544,-0.5207667731629393,0.01597444089456869,-0.6006389776357828,0.006389776357827476,-0.5335463258785943,-0.019169329073482427,-0.45686900958466453,-0.03514376996805112,-0.46645367412140576,0.134185303514377,-0.4984025559105431,0.07348242811501597,-0.44089456869009586,0.05750798722044728,-0.36741214057507987,0.05750798722044728,-0.41214057507987223,0.2268370607028754,-0.43130990415335463,0.16293929712460065,-0.3738019169329074,0.14057507987220447,-0.31629392971246006,0.13099041533546327
5,0.0,0.0,0.0326530612244898,-0.24897959183673468,0.17142857142857143,-0.43673469387755104,0.3551020408163265,-0.5346938775510204,0.46122448979591835,-0.6448979591836734,0.4163265306122449,-0.4489795918367347,0.44081632653061226,-0.34285714285714286,0.3346938775510204,-0.27346938775510204,0.24897959183673468,-0.27346938775510204,0.4857142857142857,-0.3183673469387755,0.49387755102040815,-0.22040816326530613,0.363265306122449,-0.1673469387755102,0.2693877551020408,-0.1673469387755102,0.5224489795918368,-0.17142857142857143,0.5428571428571428,-0.10612244897959183,0.4204081632653061,-0.0653061224489796,0.3183673469387755,-0.061224489795918366,0.5428571428571428,-0.02857142857142857,0.7551020408163265,-0.08163265306122448,0.889795918367347,-0.11020408163265306,1.0,-0.14285714285714285,0.0,0.0,-0.14563106796116504,-0.19741100323624594,-0.3106796116504854,-0.2621359223300971,-0.459546925566343,-0.2977346278317152,-0.540453074433657,-0.3300970873786408,-0.511326860841424,-0.11326860841423948,-0.7540453074433657,-0.022653721682847898,-0.8932038834951457,0.025889967637540454,-1.0,0.06796116504854369,-0.5048543689320388,0.032362459546925564,-0.5954692556634305,0.006472491909385114,-0.5339805825242718,-0.025889967637540454,-0.459546925566343,-0.038834951456310676,-0.44983818770226536,0.13915857605177995,-0.49514563106796117,0.07119741100323625,-0.4401294498381877,0.05501618122977346,-0.36893203883495146,0.05177993527508091,-0.3883495145631068,0.22653721682847897,-0.42071197411003236,0.16181229773462782,-0.37216828478964403,0.13592233009708737,-0.313915857605178,0.1262135922330097
5,0.0,0.0,0.040983606557377046,-0.25,0.1721311475409836,-0.430327868852459,0.3524590163934426,-0.5286885245901639,0.45901639344262296,-0.639344262295082,0.4016393442622951,-0.4426229508196721,0.45081967213114754,-0.3155737704918033,0.3483606557377049,-0.25,0.2540983606557377,-0.25,0.47950819672131145,-0.3155737704918033,0.4959016393442623,-0.20081967213114754,0.3770491803278688,-0.15163934426229508,0.2827868852459016,-0.15163934426229508,0.5204918032786885,-0.1721311475409836,0.5532786885245902,-0.0942622950819672,0.4344262295081967,-0.05737704918032787,0.3360655737704918,-0.05737704918032787,0.5409836065573771,-0.028688524590163935,0.75,-0.08196721311475409,0.889344262295082,-0.10655737704918032,1.0,-0.13934426229508196,0.0,0.0,-0.15666666666666668,-0.20333333333333334,-0.31666666666666665,-0.25333333333333335,-0.47,-0.29,-0.56,-0.31666666666666665,-0.5166666666666667,-0.12,-0.76,-0.03,-0.8966666666666666,0.02,-1.0,0.06,-0.5166666666666667,0.02666666666666667,-0.6133333333333333,-0.0033333333333333335,-0.5466666666666666,-0.03,-0.47,-0.05333333333333334,-0.46,0.14,-0.5133333333333333,0.07333333333333333,-0.45666666666666667,0.05333333333333334,-0.38,0.04666666666666667,-0.39666666666666667,0.22666666666666666,-0.43666666666666665,0.15333333333333332,-0.38,0.13333333333333333,-0.3233333333333333,0.12
5,0.0,0.0,0.0371900826446281,-0.23553719008264462,0.17355371900826447,-0.4214876033057851,0.359504132231405,-0.5165289256198347,0.45867768595041325,-0.6322314049586777,0.4132231404958678,-0.4462809917355372,0.47107438016528924,-0.32231404958677684,0.36363636363636365,-0.25206611570247933,0.26859504132231404,-0.24793388429752067,0.48760330578512395,-0.3181818181818182,0.5082644628099173,-0.2024793388429752,0.384297520661157,-0.15289256198347106,0.2892561983471074,-0.1487603305785124,0.5247933884297521,-0.17355371900826447,0.5537190082644629,-0.08677685950413223,0.43388429752066116,-0.049586776859504134,0.3347107438016529,-0.05371900826446281,0.5413223140495868,-0.024793388429752067,0.7520661157024794,-0.07024793388429752,0.8842975206611571,-0.09504132231404959,1.0,-0.1322314049586777,0.0,0.0,-0.15719063545150502,-0.2040133779264214,-0.32441471571906355,-0.27759197324414714,-0.47157190635451507,-0.3210702341137124,-0.5618729096989966,-0.34782608695652173,-0.5250836120401338,-0.12709030100334448,-0.7625418060200669,-0.030100334448160536,-0.8963210702341137,0.016722408026755852,-1.0,0.05351170568561873,-0.5183946488294314,0.023411371237458192,-0.6254180602006689,0.006688963210702341,-0.5652173913043478,-0.023411371237458192,-0.4882943143812709,-0.046822742474916385,-0.46153846153846156,0.13377926421404682,-0.5183946488294314,0.07357859531772576,-0.46153846153846156,0.05016722408026756,-0.3879598662207358,0.046822742474916385,-0.4013377926421405,0.22073578595317725,-0.43478260869565216,0.1505016722408027,-0.38127090301003347,0.12374581939799331,-0.3210702341137124,0.11371237458193979
5,0.0,0.0,0.04081632653061224,-0.23265306122448978,0.17959183673469387,-0.4163265306122449,0.3673469387755102,-0.5102040816326531,0.46530612244897956,-0.6285714285714286,0.40816326530612246,-0.44081632653061226,0.4816326530612245,-0.3020408163265306,0.37551020408163266,-0.23265306122448978,0.27755102040816326,-0.23673469387755103,0.4857142857142857,-0.31020408163265306,0.5183673469387755,-0.1836734693877551,0.4,-0.1346938775510204,0.3020408163265306,-0.14285714285714285,0.5224489795918368,-0.16326530612244897,0.563265306122449,-0.07346938775510205,0.44081632653061226,-0.0326530612244898,0.33877551020408164,-0.04081632653061224,0.5428571428571428,-0.0163265306122449,0.746938775510204,-0.061224489795918366,0.8857142857142857,-0.08571428571428572,1.0,-0.11836734693877551,0.0,0.0,-0.15333333333333332,-0.19666666666666666,-0.31333333333333335,-0.27,-0.43666666666666665,-0.37,-0.5066666666666667,-0.44333333333333336,-0.5166666666666667,-0.12333333333333334,-0.7533333333333333,-0.03666666666666667,-0.89,0.013333333333333334,-1.0,0.05,-0.5166666666666667,0.02666666666666667,-0.5933333333333334,0.0,-0.5233333333333333,-0.02666666666666667,-0.45,-0.04666666666666667,-0.4666666666666667,0.14333333333333334,-0.49333333333333335,0.06333333333333334,-0.43666666666666665,0.04666666666666667,-0.36333333333333334,0.043333333333333335,-0.41333333333333333,0.23333333333333334,-0.4266666666666667,0.16,-0.37333333333333335,0.13333333333333333,-0.31,0.12666666666666668
5,0.0,0.0,0.036585365853658534,-0.23170731707317074,0.17073170731707318,-0.4186991869918699,0.3617886178861789,-0.516260162601626,0.45934959349593496,-0.6300813008130082,0.4065040650406504,-0.44308943089430897,0.46747967479674796,-0.3048780487804878,0.35772357723577236,-0.23577235772357724,0.2601626016260163,-0.23983739837398374,0.4796747967479675,-0.3170731707317073,0.508130081300813,-0.18699186991869918,0.3861788617886179,-0.13821138211382114,0.2845528455284553,-0.14634146341463414,0.524390243902439,-0.17073170731707318,0.556910569105691,-0.07317073170731707,0.43902439024390244,-0.032520325203252036,0.33739837398373984,-0.036585365853658534,0.5447154471544715,-0.024390243902439025,0.7560975609756098,-0.06910569105691057,0.8861788617886179,-0.0975609756097561,1.0,-0.13008130081300814,0.0,0.0,-0.1490066225165563,-0.20198675496688742,-0.31456953642384106,-0.2781456953642384,-0.44039735099337746,-0.36423841059602646,-0.5099337748344371,-0.4271523178807947,-0.5132450331125827,-0.1291390728476821,-0.7549668874172185,-0.039735099337748346,-0.890728476821192,0.009933774834437087,-1.0,0.046357615894039736,-0.5198675496688742,0.016556291390728478,-0.5927152317880795,0.006622516556291391,-0.5264900662251656,-0.016556291390728478,-0.45364238410596025,-0.03642384105960265,-0.47019867549668876,0.1357615894039735,-0.4867549668874172,0.0728476821192053,-0.4304635761589404,0.056291390728476824,-0.3609271523178808,0.04966887417218543,-0.4139072847682119,0.23178807947019867,-0.41721854304635764,0.16556291390728478,-0.3609271523178808,0.1390728476821192,-0.30132450331125826,0.12251655629139073
5,0.0,0.0,0.036885245901639344,-0.24180327868852458,0.1721311475409836,-0.430327868852459,0.36065573770491804,-0.5245901639344263,0.45901639344262296,-0.639344262295082,0.4098360655737705,-0.45491803278688525,0.44672131147540983,-0.3073770491803279,0.3360655737704918,-0.23770491803278687,0.24180327868852458,-0.25,0.48770491803278687,-0.32786885245901637,0.48770491803278687,-0.19262295081967212,0.36065573770491804,-0.14344262295081966,0.26229508196721313,-0.15163934426229508,0.5286885245901639,-0.18032786885245902,0.5409836065573771,-0.08196721311475409,0.4139344262295082,-0.040983606557377046,0.3155737704918033,-0.045081967213114756,0.5491803278688525,-0.03278688524590164,0.7581967213114754,-0.08196721311475409,0.8852459016393442,-0.09836065573770492,1.0,-0.12704918032786885,0.0,0.0,-0.1490066225165563,-0.20198675496688742,-0.304635761589404,-0.2947019867549669,-0.4205298013245033,-0.423841059602649,-0.4768211920529801,-0.5364238410596026,-0.5165562913907285,-0.13245033112582782,-0.7516556291390728,-0.04304635761589404,-0.890728476821192,0.006622516556291391,-1.0,0.04304635761589404,-0.5165562913907285,0.016556291390728478,-0.6225165562913907,0.019867549668874173,-0.5596026490066225,-0.006622516556291391,-0.48344370860927155,-0.029801324503311258,-0.46357615894039733,0.1390728476821192,-0.5264900662251656,0.09271523178807947,-0.46688741721854304,0.0728476821192053,-0.39072847682119205,0.06622516556291391,-0.40397350993377484,0.23178807947019867,-0.4337748344370861,0.17549668874172186,-0.37748344370860926,0.152317880794702,-0.31456953642384106,0.1357615894039735
5,0.0,0.0,0.037037037037037035,-0.24279835390946503,0.17695473251028807,-0.43209876543209874,0.36213991769547327,-0.522633744855967,0.4609053497942387,-0.6378600823045267,0.4156378600823045,-0.448559670781893,0.4403292181069959,-0.3045267489711934,0.32510288065843623,-0.23868312757201646,0.2345679012345679,-0.24279835390946503,0.4897119341563786,-0.32098765432098764,0.48559670781893005,-0.18930041152263374,0.35802469135802467,-0.13991769547325103,0.25925925925925924,-0.1440329218106996,0.5308641975308642,-0.17695473251028807,0.5390946502057613,-0.07818930041152264,0.411522633744856,-0.037037037037037035,0.31275720164609055,-0.0411522633744856,0.551440329218107,-0.03292181069958848,0.757201646090535,-0.07818930041152264,0.8888888888888888,-0.09876543209876543,1.0,-0.13168724279835392,0.0,0.0,-0.14285714285714285,-0.2026578073089701,-0.3023255813953488,-0.292358803986711,-0.4219269102990033,-0.42524916943521596,-0.47840531561461797,-0.5448504983388704,-0.5149501661129569,-0.13953488372093023,-0.7574750830564784,-0.03986710963455149,-0.8903654485049833,0.006644518272425249,-1.0,0.03986710963455149,-0.5149501661129569,0.006644518272425249,-0.6411960132890365,0.026578073089700997,-0.584717607973422,-0.0033222591362126247,-0.5016611295681063,-0.03322259136212625,-0.46511627906976744,0.12956810631229235,-0.5382059800664452,0.08970099667774087,-0.48172757475083056,0.06976744186046512,-0.4019933554817276,0.05647840531561462,-0.4053156146179402,0.2292358803986711,-0.43853820598006643,0.1760797342192691,-0.3853820598006645,0.14950166112956811,-0.32558139534883723,0.1362126245847176
5,0.0,0.0,0.037037037037037035,-0.2345679012345679,0.17695473251028807,-0.41975308641975306,0.36213991769547327,-0.5185185185185185,0.4609053497942387,-0.6296296296296297,0.411522633744856,-0.4444444444444444,0.448559670781893,-0.29218106995884774,0.3374485596707819,-0.2222222222222222,0.24691358024691357,-0.2345679012345679,0.48559670781893005,-0.3168724279835391,0.49382716049382713,-0.18106995884773663,0.37037037037037035,-0.12757201646090535,0.2716049382716049,-0.13580246913580246,0.5267489711934157,-0.1728395061728395,0.5473251028806584,-0.07407407407407407,0.42386831275720166,-0.03292181069958848,0.32510288065843623,-0.037037037037037035,0.5473251028806584,-0.02880658436213992,0.757201646090535,-0.07407407407407407,0.8888888888888888,-0.102880658436214,1.0,-0.13580246913580246,0.0,0.0,-0.1447811447811448,-0.19865319865319866,-0.30976430976430974,-0.2895622895622896,-0.4276094276094276,-0.4006734006734007,-0.494949494949495,-0.4983164983164983,-0.5117845117845118,-0.13468013468013468,-0.7508417508417509,-0.037037037037037035,-0.8888888888888888,0.010101010101010102,-1.0,0.050505050505050504,-0.5084175084175084,0.013468013468013467,-0.6296296296296297,0.03367003367003367,-0.5656565656565656,0.006734006734006734,-0.48484848484848486,-0.016835016835016835,-0.4612794612794613,0.13468013468013468,-0.5454545454545454,0.10437710437710437,-0.48484848484848486,0.08417508417508418,-0.4074074074074074,0.07744107744107744,-0.4107744107744108,0.2356902356902357,-0.46464646464646464,0.1919191919191919,-0.4074074074074074,0.16498316498316498,-0.3434343434343434,0.15488215488215487
5,0.0,0.0,0.0371900826446281,-0.24380165289256198,0.17768595041322313,-0.4297520661157025,0.36363636363636365,-0.5206611570247934,0.4669421487603306,-0.6322314049586777,0.4090909090909091,-0.4462809917355372,0.4462809917355372,-0.2975206611570248,0.3347107438016529,-0.23140495867768596,0.24380165289256198,-0.2396694214876033,0.48760330578512395,-0.32231404958677684,0.48760330578512395,-0.1859504132231405,0.3677685950413223,-0.13636363636363635,0.26859504132231404,-0.14049586776859505,0.5289256198347108,-0.17768595041322313,0.5454545454545454,-0.07851239669421488,0.4256198347107438,-0.0371900826446281,0.32644628099173556,-0.04132231404958678,0.5495867768595041,-0.028925619834710745,0.7603305785123967,-0.07851239669421488,0.8925619834710744,-0.09917355371900827,1.0,-0.1322314049586777,0.0,0.0,-0.14527027027027026,-0.20270270270270271,-0.3141891891891892,-0.28716216216216217,-0.4391891891891892,-0.3614864864864865,-0.5202702702702703,-0.40540540540540543,-0.5135135135135135,-0.13513513513513514,-0.7533783783783784,-0.04054054054054054,-0.8885135135135135,0.0,-1.0,0.033783783783783786,-0.5067567567567568,0.006756756756756757,-0.6486486486486487,0.04054054054054054,-0.5878378378378378,0.010135135135135136,-0.5101351351351351,-0.016891891891891893,-0.4594594594594595,0.13175675675675674,-0.5743243243243243,0.11824324324324324,-0.5168918918918919,0.0945945945945946,-0.4391891891891892,0.08783783783783784,-0.40540540540540543,0.23310810810810811,-0.5,0.20945945945945946,-0.44594594594594594,0.18243243243243243,-0.3783783783783784,0.16891891891891891
5,0.0,0.0,0.03734439834024896,-0.23651452282157676,0.1825726141078838,-0.42738589211618255,0.36929460580912865,-0.5228215767634855,0.46887966804979253,-0.6307053941908713,0.4107883817427386,-0.44398340248962653,0.45228215767634855,-0.2987551867219917,0.34439834024896265,-0.22406639004149378,0.24896265560165975,-0.22821576763485477,0.4896265560165975,-0.3153526970954357,0.49377593360995853,-0.17427385892116182,0.36929460580912865,-0.12863070539419086,0.2697095435684647,-0.13278008298755187,0.5311203319502075,-0.17012448132780084,0.5477178423236515,-0.07053941908713693,0.42738589211618255,-0.029045643153526972,0.33195020746887965,-0.03319502074688797,0.5518672199170125,-0.024896265560165973,0.7593360995850622,-0.07053941908713693,0.8921161825726142,-0.0954356846473029,1.0,-0.13692946058091288,0.0,0.0,-0.14333333333333334,-0.20666666666666667,-0.32,-0.2733333333333333,-0.4633333333333333,-0.30333333333333334,-0.5566666666666666,-0.31,-0.5066666666666667,-0.14,-0.75,-0.05,-0.89,-0.013333333333333334,-1.0,0.023333333333333334,-0.5,-0.0033333333333333335,-0.66,0.03666666666666667,-0.61,0.0,-0.5366666666666666,-0.03,-0.45,0.12333333333333334,-0.6,0.12,-0.55,0.09,-0.47,0.08,-0.3933333333333333,0.22333333333333333,-0.53,0.21666666666666667,-0.4866666666666667,0.18666666666666668,-0.4166666666666667,0.17
5,0.0,0.0,0.037037037037037035,-0.2345679012345679,0.17695473251028807,-0.41975308641975306,0.36213991769547327,-0.51440329218107,0.46502057613168724,-0.6255144032921811,0.4074074074074074,-0.4444444444444444,0.4403292181069959,-0.30864197530864196,0.3333333333333333,-0.2345679012345679,0.23868312757201646,-0.2345679012345679,0.48559670781893005,-0.3168724279835391,0.4897119341563786,-0.18518518518518517,0.36213991769547327,-0.13168724279835392,0.26337448559670784,-0.13168724279835392,0.5267489711934157,-0.16872427983539096,0.5432098765432098,-0.07407407407407407,0.4279835390946502,-0.03292181069958848,0.3292181069958848,-0.02880658436213992,0.5473251028806584,-0.024691358024691357,0.7530864197530864,-0.06995884773662552,0.8847736625514403,-0.09876543209876543,1.0,-0.13168724279835392,0.0,0.0,-0.15100671140939598,-0.20134228187919462,-0.3187919463087248,-0.30201342281879195,-0.41946308724832215,-0.436241610738255,-0.47651006711409394,-0.5604026845637584,-0.5067114093959731,-0.1342281879194631,-0.7449664429530202,-0.03691275167785235,-0.8859060402684564,0.003355704697986577,-1.0,0.0436241610738255,-0.5,0.010067114093959731,-0.6677852348993288,0.05704697986577181,-0.6040268456375839,0.016778523489932886,-0.5167785234899329,-0.013422818791946308,-0.44966442953020136,0.1342281879194631,-0.6040268456375839,0.14093959731543623,-0.5469798657718121,0.11073825503355705,-0.4664429530201342,0.09731543624161074,-0.3926174496644295,0.2348993288590604,-0.5268456375838926,0.23825503355704697,-0.47651006711409394,0.2080536912751678,-0.40939597315436244,0.1912751677852349
5,0.0,0.0,0.037037037037037035,-0.2345679012345679,0.18106995884773663,-0.41975308641975306,0.37037037037037035,-0.51440329218107,0.4732510288065844,-0.6255144032921811,0.411522633744856,-0.4444444444444444,0.448559670781893,-0.2962962962962963,0.34156378600823045,-0.23045267489711935,0.24691358024691357,-0.2345679012345679,0.4897119341563786,-0.31275720164609055,0.49382716049382713,-0.18106995884773663,0.37037037037037035,-0.12757201646090535,0.2716049382716049,-0.13580246913580246,0.5308641975308642,-0.16872427983539096,0.5473251028806584,-0.06995884773662552,0.4279835390946502,-0.02880658436213992,0.3333333333333333,-0.03292181069958848,0.551440329218107,-0.0205761316872428,0.757201646090535,-0.06995884773662552,0.8888888888888888,-0.09465020576131687,1.0,-0.12757201646090535,0.0,0.0,-0.15202702702702703,-0.19932432432432431,-0.3141891891891892,-0.30067567567567566,-0.4155405405405405,-0.44256756756756754,-0.46283783783783783,-0.5743243243243243,-0.5067567567567568,-0.13513513513513514,-0.7466216216216216,-0.037162162162162164,-0.8885135135135135,0.010135135135135136,-1.0,0.05405405405405406,-0.5,0.006756756756756757,-0.6722972972972973,0.057432432432432436,-0.6182432432432432,0.016891891891891893,-0.5304054054054054,-0.016891891891891893,-0.44932432432432434,0.13513513513513514,-0.6081081081081081,0.14527027027027026,-0.5540540540540541,0.11486486486486487,-0.47297297297297297,0.09797297297297297,-0.3952702702702703,0.23648648648648649,-0.527027027027027,0.24324324324324326,-0.47635135135135137,0.21283783783783783,-0.40878378378378377,0.19594594594594594
5,0.0,0.0,0.036734693877551024,-0.23673469387755103,0.1836734693877551,-0.42448979591836733,0.37142857142857144,-0.5183673469387755,0.4775510204081633,-0.6285714285714286,0.4163265306122449,-0.4448979591836735,0.4530612244897959,-0.3020408163265306,0.3510204081632653,-0.23265306122448978,0.2530612244897959,-0.24081632653061225,0.49387755102040815,-0.3142857142857143,0.49795918367346936,-0.1836734693877551,0.37551020408163266,-0.1346938775510204,0.27755102040816326,-0.14285714285714285,0.5306122448979592,-0.1673469387755102,0.5510204081632653,-0.07346938775510205,0.4326530612244898,-0.0326530612244898,0.3346938775510204,-0.04081632653061224,0.5469387755102041,-0.02040816326530612,0.7591836734693878,-0.06938775510204082,0.889795918367347,-0.09387755102040816,1.0,-0.1306122448979592,0.0,0.0,-0.15151515151515152,-0.20202020202020202,-0.3164983164983165,-0.2962962962962963,-0.42424242424242425,-0.4175084175084175,-0.48148148148148145,-0.5286195286195287,-0.5016835016835017,-0.13468013468013468,-0.7441077441077442,-0.03367003367003367,-0.8855218855218855,0.013468013468013467,-1.0,0.05387205387205387,-0.494949494949495,0.006734006734006734,-0.67003367003367,0.05723905723905724,-0.6127946127946128,0.016835016835016835,-0.5286195286195287,-0.016835016835016835,-0.4478114478114478,0.13468013468013468,-0.6060606060606061,0.1414141414141414,-0.5521885521885522,0.1111111111111111,-0.4713804713804714,0.09764309764309764,-0.3939393939393939,0.2356902356902357,-0.5218855218855218,0.23905723905723905,-0.47474747474747475,0.20875420875420875,-0.40404040404040403,0.1919191919191919
5,0.0,0.0,0.04081632653061224,-0.23673469387755103,0.1836734693877551,-0.42857142857142855,0.37142857142857144,-0.5183673469387755,0.4816326530612245,-0.6326530612244898,0.4204081632653061,-0.4448979591836735,0.4489795918367347,-0.31020408163265306,0.34285714285714286,-0.24081632653061225,0.24897959183673468,-0.24897959183673468,0.49795918367346936,-0.3183673469387755,0.49387755102040815,-0.18775510204081633,0.37142857142857144,-0.14285714285714285,0.27346938775510204,-0.1469387755102041,0.5346938775510204,-0.17142857142857143,0.5428571428571428,-0.07755102040816327,0.42448979591836733,-0.04081632653061224,0.3306122448979592,-0.04081632653061224,0.5510204081632653,-0.02040816326530612,0.7591836734693878,-0.06938775510204082,0.889795918367347,-0.09795918367346938,1.0,-0.1346938775510204,0.0,0.0,-0.1447811447811448,-0.20202020202020202,-0.31313131313131315,-0.29292929292929293,-0.43097643097643096,-0.40404040404040403,-0.494949494949495,-0.5016835016835017,-0.5050505050505051,-0.13131313131313133,-0.7441077441077442,-0.037037037037037035,-0.8855218855218855,0.006734006734006734,-1.0,0.04713804713804714,-0.4983164983164983,0.010101010101010102,-0.67003367003367,0.05723905723905724,-0.6161616161616161,0.010101010101010102,-0.5353535353535354,-0.020202020202020204,-0.4511784511784512,0.13131313131313133,-0.6060606060606061,0.13468013468013468,-0.5521885521885522,0.10437710437710437,-0.4713804713804714,0.09090909090909091,-0.3939393939393939,0.23232323232323232,-0.5218855218855218,0.2255892255892256,-0.4713804713804714,0.19865319865319866,-0.40404040404040403,0.18518518518518517
5,0.0,0.0,0.040983606557377046,-0.2336065573770492,0.18032786885245902,-0.4180327868852459,0.36885245901639346,-0.5122950819672131,0.4713114754098361,-0.6229508196721312,0.4180327868852459,-0.4385245901639344,0.44672131147540983,-0.30327868852459017,0.3401639344262295,-0.23770491803278687,0.2459016393442623,-0.24180327868852458,0.4918032786885246,-0.3073770491803279,0.4918032786885246,-0.18442622950819673,0.3729508196721312,-0.13524590163934427,0.27459016393442626,-0.14344262295081966,0.5286885245901639,-0.1598360655737705,0.5491803278688525,-0.06967213114754098,0.430327868852459,-0.03278688524590164,0.3319672131147541,-0.040983606557377046,0.5450819672131147,-0.012295081967213115,0.7540983606557377,-0.06557377049180328,0.8852459016393442,-0.09016393442622951,1.0,-0.12704918032786885,0.0,0.0,-0.14666666666666667,-0.20333333333333334,-0.31666666666666665,-0.2833333333333333,-0.43333333333333335,-0.39666666666666667,-0.49,-0.5166666666666667,-0.5,-0.13,-0.7433333333333333,-0.04,-0.8833333333333333,0.0033333333333333335,-1.0,0.04666666666666667,-0.49666666666666665,0.006666666666666667,-0.6666666666666666,0.04666666666666667,-0.6166666666666667,0.0033333333333333335,-0.54,-0.02666666666666667,-0.44666666666666666,0.13,-0.6,0.12666666666666668,-0.55,0.09666666666666666,-0.47,0.08333333333333333,-0.39,0.23,-0.5166666666666667,0.22333333333333333,-0.47333333333333333,0.19333333333333333,-0.41,0.17666666666666667
5,0.0,0.0,0.04149377593360996,-0.23651452282157676,0.18672199170124482,-0.4149377593360996,0.36929460580912865,-0.5103734439834025,0.47717842323651455,-0.6182572614107884,0.4190871369294606,-0.44398340248962653,0.44398340248962653,-0.3112033195020747,0.33195020746887965,-0.24066390041493776,0.24066390041493776,-0.24481327800829875,0.49377593360995853,-0.3070539419087137,0.4896265560165975,-0.18672199170124482,0.3651452282157676,-0.13692946058091288,0.2697095435684647,-0.13692946058091288,0.5311203319502075,-0.16182572614107885,0.5477178423236515,-0.07053941908713693,0.42738589211618255,-0.03319502074688797,0.33195020746887965,-0.03734439834024896,0.5518672199170125,-0.016597510373443983,0.7593360995850622,-0.06224066390041494,0.8921161825726142,-0.08713692946058091,1.0,-0.12448132780082988,0.0,0.0,-0.14915254237288136,-0.19661016949152543,-0.31186440677966104,-0.2983050847457627,-0.41694915254237286,-0.43728813559322033,-0.46779661016949153,-0.5627118644067797,-0.5050847457627119,-0.13220338983050847,-0.7457627118644068,-0.03389830508474576,-0.8847457627118644,0.013559322033898305,-1.0,0.0576271186440678,-0.49830508474576274,0.010169491525423728,-0.6644067796610169,0.06440677966101695,-0.6033898305084746,0.023728813559322035,-0.5186440677966102,-0.006779661016949152,-0.45084745762711864,0.13898305084745763,-0.6,0.14576271186440679,-0.5423728813559322,0.11864406779661017,-0.4610169491525424,0.10508474576271186,-0.39322033898305087,0.24067796610169492,-0.5152542372881356,0.23728813559322035,-0.4610169491525424,0.21016949152542372,-0.39322033898305087,0.19661016949152543
5,0.0,0.0,0.04526748971193416,-0.2345679012345679,0.18518518518518517,-0.4156378600823045,0.37448559670781895,-0.5102880658436214,0.48148148148148145,-0.6213991769547325,0.41975308641975306,-0.4444444444444444,0.4567901234567901,-0.2962962962962963,0.3497942386831276,-0.23045267489711935,0.2551440329218107,-0.23868312757201646,0.49382716049382713,-0.31275720164609055,0.49794238683127573,-0.17695473251028807,0.37037037037037035,-0.12757201646090535,0.2716049382716049,-0.13580246913580246,0.5308641975308642,-0.16872427983539096,0.551440329218107,-0.06584362139917696,0.43209876543209874,-0.024691358024691357,0.3333333333333333,-0.02880658436213992,0.5473251028806584,-0.0205761316872428,0.757201646090535,-0.06995884773662552,0.8888888888888888,-0.09465020576131687,1.0,-0.13168724279835392,0.0,0.0,-0.14383561643835616,-0.2054794520547945,-0.3150684931506849,-0.2945205479452055,-0.4280821917808219,-0.4006849315068493,-0.5,-0.5,-0.5,-0.1404109589041096,-0.7431506849315068,-0.0410958904109589,-0.886986301369863,0.0136986301369863,-1.0,0.0547945205479452,-0.4965753424657534,0.003424657534246575,-0.6335616438356164,0.05136986301369863,-0.565068493150685,0.02054794520547945,-0.4794520547945205,-0.00684931506849315,-0.4486301369863014,0.13013698630136986,-0.5616438356164384,0.1267123287671233,-0.5,0.10616438356164383,-0.4178082191780822,0.0958904109589041,-0.3904109589041096,0.2328767123287671,-0.4863013698630137,0.21575342465753425,-0.4246575342465753,0.18835616438356165,-0.3561643835616438,0.17465753424657535
5,0.0,0.0,0.0411522633744856,-0.23045267489711935,0.18518518518518517,-0.4156378600823045,0.37448559670781895,-0.5102880658436214,0.4773662551440329,-0.6255144032921811,0.4156378600823045,-0.4403292181069959,0.45267489711934156,-0.2962962962962963,0.345679012345679,-0.22633744855967078,0.2551440329218107,-0.23045267489711935,0.4897119341563786,-0.31275720164609055,0.49382716049382713,-0.17695473251028807,0.37037037037037035,-0.12345679012345678,0.2716049382716049,-0.12757201646090535,0.5267489711934157,-0.16872427983539096,0.5432098765432098,-0.06584362139917696,0.4279835390946502,-0.024691358024691357,0.3292181069958848,-0.02880658436213992,0.5432098765432098,-0.0205761316872428,0.7530864197530864,-0.06584362139917696,0.8888888888888888,-0.09465020576131687,1.0,-0.13168724279835392,0.0,0.0,-0.136986301369863,-0.2089041095890411,-0.3047945205479452,-0.2842465753424658,-0.4383561643835616,-0.3527397260273973,-0.523972602739726,-0.4075342465753425,-0.4965753424657534,-0.13356164383561644,-0.7431506849315068,-0.03767123287671233,-0.886986301369863,0.010273972602739725,-1.0,0.05136986301369863,-0.4965753424657534,0.0136986301369863,-0.6164383561643836,0.03424657534246575,-0.547945205479452,0.00684931506849315,-0.4691780821917808,-0.0136986301369863,-0.4520547945205479,0.1404109589041096,-0.5308219178082192,0.10616438356164383,-0.4691780821917808,0.08904109589041095,-0.3904109589041096,0.0821917808219178,-0.4006849315068493,0.23972602739726026,-0.4691780821917808,0.20205479452054795,-0.410958904109589,0.17465753424657535,-0.3458904109589041,0.1643835616438356
5,0.0,0.0,0.04526748971193416,-0.23045267489711935,0.18930041152263374,-0.4156378600823045,0.37448559670781895,-0.5102880658436214,0.48148148148148145,-0.6255144032921811,0.4156378600823045,-0.4444444444444444,0.448559670781893,-0.2880658436213992,0.34156378600823045,-0.2139917695473251,0.24691358024691357,-0.2222222222222222,0.49382716049382713,-0.31275720164609055,0.49382716049382713,-0.1728395061728395,0.37037037037037035,-0.11934156378600823,0.26337448559670784,-0.12345679012345678,0.5308641975308642,-0.1646090534979424,0.5473251028806584,-0.06172839506172839,0.4279835390946502,-0.0205761316872428,0.3292181069958848,-0.0205761316872428,0.551440329218107,-0.0205761316872428,0.757201646090535,-0.06584362139917696,0.8930041152263375,-0.09465020576131687,1.0,-0.13580246913580246,0.0,0.0,-0.13993174061433447,-0.19795221843003413,-0.2935153583617747,-0.2832764505119454,-0.4129692832764505,-0.39590443686006827,-0.47440273037542663,-0.5017064846416383,-0.5051194539249146,-0.1296928327645051,-0.7440273037542662,-0.03754266211604096,-0.8839590443686007,0.013651877133105802,-1.0,0.05460750853242321,-0.5119453924914675,0.017064846416382253,-0.5802047781569966,0.010238907849829351,-0.5051194539249146,-0.013651877133105802,-0.42662116040955633,-0.030716723549488054,-0.4641638225255973,0.14334470989761092,-0.49829351535836175,0.08532423208191127,-0.43686006825938567,0.07167235494880546,-0.36177474402730375,0.07167235494880546,-0.41638225255972694,0.24232081911262798,-0.45051194539249145,0.19112627986348124,-0.3924914675767918,0.16382252559726962,-0.32764505119453924,0.15358361774744028
5,0.0,0.0,0.0371900826446281,-0.23140495867768596,0.18181818181818182,-0.41735537190082644,0.371900826446281,-0.512396694214876,0.4793388429752066,-0.628099173553719,0.4132231404958678,-0.44214876033057854,0.45041322314049587,-0.2892561983471074,0.34297520661157027,-0.21487603305785125,0.24793388429752067,-0.2231404958677686,0.49173553719008267,-0.3140495867768595,0.49173553719008267,-0.16942148760330578,0.3677685950413223,-0.11983471074380166,0.2644628099173554,-0.128099173553719,0.5289256198347108,-0.1652892561983471,0.5454545454545454,-0.06611570247933884,0.4297520661157025,-0.02066115702479339,0.3305785123966942,-0.024793388429752067,0.5454545454545454,-0.02066115702479339,0.756198347107438,-0.07024793388429752,0.8884297520661157,-0.10330578512396695,1.0,-0.14049586776859505,0.0,0.0,-0.13793103448275862,-0.2,-0.28620689655172415,-0.27241379310344827,-0.4103448275862069,-0.3,-0.49310344827586206,-0.3137931034482759,-0.5103448275862069,-0.13448275862068965,-0.7448275862068966,-0.04482758620689655,-0.8862068965517241,0.006896551724137931,-1.0,0.04827586206896552,-0.5137931034482759,0.013793103448275862,-0.5758620689655173,0.006896551724137931,-0.503448275862069,-0.013793103448275862,-0.42758620689655175,-0.027586206896551724,-0.46551724137931033,0.13793103448275862,-0.496551724137931,0.08620689655172414,-0.43448275862068964,0.07586206896551724,-0.3620689655172414,0.07586206896551724,-0.41379310344827586,0.2413793103448276,-0.44482758620689655,0.19310344827586207,-0.38620689655172413,0.16551724137931034,-0.32413793103448274,0.15517241379310345
5,0.0,0.0,0.045454545454545456,-0.23140495867768596,0.1859504132231405,-0.4132231404958678,0.371900826446281,-0.5041322314049587,0.4793388429752066,-0.6198347107438017,0.41735537190082644,-0.44214876033057854,0.45867768595041325,-0.2975206611570248,0.34710743801652894,-0.2231404958677686,0.256198347107438,-0.2231404958677686,0.49173553719008267,-0.30991735537190085,0.49586776859504134,-0.17355371900826447,0.371900826446281,-0.11570247933884298,0.26859504132231404,-0.11983471074380166,0.5289256198347108,-0.1652892561983471,0.5495867768595041,-0.06198347107438017,0.43388429752066116,-0.01652892561983471,0.3347107438016529,-0.02066115702479339,0.5454545454545454,-0.02066115702479339,0.756198347107438,-0.06611570247933884,0.8884297520661157,-0.09917355371900827,1.0,-0.13636363636363635,0.0,0.0,-0.13745704467353953,-0.2027491408934708,-0.29896907216494845,-0.281786941580756,-0.4329896907216495,-0.31958762886597936,-0.5223367697594502,-0.3402061855670103,-0.49828178694158076,-0.13745704467353953,-0.7422680412371134,-0.044673539518900345,-0.8865979381443299,0.003436426116838488,-1.0,0.044673539518900345,-0.4948453608247423,0.006872852233676976,-0.5910652920962199,0.020618556701030927,-0.5223367697594502,0.0,-0.43986254295532645,-0.01718213058419244,-0.45017182130584193,0.13402061855670103,-0.5120274914089347,0.09965635738831616,-0.45017182130584193,0.0859106529209622,-0.3711340206185567,0.0859106529209622,-0.39862542955326463,0.23711340206185566,-0.4570446735395189,0.19931271477663232,-0.3951890034364261,0.17869415807560138,-0.32989690721649484,0.16838487972508592
5,0.0,0.0,0.04583333333333333,-0.23333333333333334,0.1875,-0.42083333333333334,0.375,-0.5208333333333334,0.4791666666666667,-0.6333333333333333,0.4125,-0.44583333333333336,0.45416666666666666,-0.30416666666666664,0.3458333333333333,-0.24166666666666667,0.25,-0.24166666666666667,0.49166666666666664,-0.31666666666666665,0.5,-0.1875,0.37916666666666665,-0.1375,0.2791666666666667,-0.14166666666666666,0.5333333333333333,-0.16666666666666666,0.5541666666666667,-0.075,0.4375,-0.0375,0.3416666666666667,-0.041666666666666664,0.55,-0.016666666666666666,0.7625,-0.07083333333333333,0.8916666666666667,-0.1,1.0,-0.1375,0.0,0.0,-0.1404109589041096,-0.1952054794520548,-0.2979452054794521,-0.2842465753424658,-0.410958904109589,-0.3801369863013699,-0.476027397260274,-0.476027397260274,-0.4965753424657534,-0.13356164383561644,-0.7397260273972602,-0.03424657534246575,-0.8835616438356164,0.017123287671232876,-1.0,0.06164383561643835,-0.4931506849315068,0.0136986301369863,-0.5821917808219178,0.03424657534246575,-0.5068493150684932,0.010273972602739725,-0.4246575342465753,-0.010273972602739725,-0.4486301369863014,0.1404109589041096,-0.5034246575342466,0.11301369863013698,-0.4417808219178082,0.0958904109589041,-0.363013698630137,0.09246575342465753,-0.3938356164383562,0.23972602739726026,-0.4452054794520548,0.2089041095890411,-0.3835616438356164,0.18493150684931506,-0.3184931506849315,0.17123287671232876
5,0.0,0.0,0.04184100418410042,-0.2384937238493724,0.18828451882845187,-0.42677824267782427,0.37656903765690375,-0.5230125523012552,0.4769874476987448,-0.6401673640167364,0.41422594142259417,-0.4476987447698745,0.46443514644351463,-0.301255230125523,0.35564853556485354,-0.23430962343096234,0.26359832635983266,-0.24267782426778242,0.49372384937238495,-0.3179916317991632,0.5062761506276151,-0.18410041841004185,0.3807531380753138,-0.13389121338912133,0.28451882845188287,-0.14225941422594143,0.5313807531380753,-0.16736401673640167,0.5606694560669456,-0.07531380753138076,0.4435146443514644,-0.029288702928870293,0.34309623430962344,-0.03347280334728033,0.5523012552301255,-0.02092050209205021,0.7615062761506276,-0.07531380753138076,0.891213389121339,-0.10460251046025104,1.0,-0.14225941422594143,0.0,0.0,-0.13945578231292516,-0.19727891156462585,-0.30272108843537415,-0.272108843537415,-0.4217687074829932,-0.35034013605442177,-0.4897959183673469,-0.4387755102040816,-0.4965986394557823,-0.1292517006802721,-0.7380952380952381,-0.034013605442176874,-0.8843537414965986,0.017006802721088437,-1.0,0.05782312925170068,-0.4931972789115646,0.013605442176870748,-0.5850340136054422,0.04421768707482993,-0.5136054421768708,0.02040816326530612,-0.43197278911564624,-0.003401360544217687,-0.445578231292517,0.13945578231292516,-0.5068027210884354,0.11904761904761904,-0.4421768707482993,0.1054421768707483,-0.36394557823129253,0.09863945578231292,-0.391156462585034,0.24489795918367346,-0.4489795918367347,0.21428571428571427,-0.3843537414965986,0.19047619047619047,-0.3163265306122449,0.17687074829931973
5,0.0,0.0,0.04201680672268908,-0.24789915966386555,0.19327731092436976,-0.4327731092436975,0.38235294117647056,-0.5210084033613446,0.4831932773109244,-0.634453781512605,0.42016806722689076,-0.4495798319327731,0.453781512605042,-0.3235294117647059,0.3445378151260504,-0.25210084033613445,0.25630252100840334,-0.24789915966386555,0.49159663865546216,-0.31512605042016806,0.4957983193277311,-0.18907563025210083,0.3697478991596639,-0.13865546218487396,0.2689075630252101,-0.13865546218487396,0.5336134453781513,-0.1638655462184874,0.5504201680672269,-0.07563025210084033,0.4369747899159664,-0.03361344537815126,0.3403361344537815,-0.029411764705882353,0.5546218487394958,-0.01680672268907563,0.7605042016806722,-0.06722689075630252,0.8907563025210085,-0.10084033613445378,1.0,-0.13865546218487396,0.0,0.0,-0.136986301369863,-0.18835616438356165,-0.2979452054794521,-0.2842465753424658,-0.3972602739726027,-0.410958904109589,-0.4486301369863014,-0.5308219178082192,-0.4931506849315068,-0.13356164383561644,-0.7328767123287672,-0.023972602739726026,-0.8801369863013698,0.030821917808219176,-1.0,0.07534246575342465,-0.4897260273972603,0.010273972602739725,-0.589041095890411,0.06164383561643835,-0.5205479452054794,0.03767123287671233,-0.4315068493150685,0.00684931506849315,-0.4349315068493151,0.136986301369863,-0.5068493150684932,0.136986301369863,-0.4452054794520548,0.1232876712328767,-0.363013698630137,0.10616438356164383,-0.3835616438356164,0.24315068493150685,-0.4486301369863014,0.22945205479452055,-0.3835616438356164,0.2054794520547945,-0.3116438356164384,0.18835616438356165
5,0.0,0.0,0.04219409282700422,-0.24050632911392406,0.18565400843881857,-0.42616033755274263,0.3755274261603376,-0.5189873417721519,0.48523206751054854,-0.6286919831223629,0.4177215189873418,-0.4430379746835443,0.459915611814346,-0.3080168776371308,0.3459915611814346,-0.24050632911392406,0.25316455696202533,-0.24472573839662448,0.4936708860759494,-0.31223628691983124,0.5021097046413502,-0.17721518987341772,0.3755274261603376,-0.1308016877637131,0.2742616033755274,-0.1350210970464135,0.5358649789029536,-0.16455696202531644,0.5611814345991561,-0.06751054852320675,0.4430379746835443,-0.02109704641350211,0.3459915611814346,-0.02531645569620253,0.5527426160337553,-0.016877637130801686,0.7637130801687764,-0.06751054852320675,0.890295358649789,-0.0970464135021097,1.0,-0.1308016877637131,0.0,0.0,-0.13636363636363635,-0.1958041958041958,-0.3006993006993007,-0.2867132867132867,-0.4090909090909091,-0.3951048951048951,-0.46503496503496505,-0.506993006993007,-0.493006993006993,-0.13636363636363635,-0.7342657342657343,-0.03496503496503497,-0.8846153846153846,0.02097902097902098,-1.0,0.06293706293706294,-0.486013986013986,0.0034965034965034965,-0.5804195804195804,0.06643356643356643,-0.5034965034965035,0.045454545454545456,-0.4195804195804196,0.017482517482517484,-0.4405594405594406,0.13286713286713286,-0.506993006993007,0.14335664335664336,-0.4405594405594406,0.12937062937062938,-0.36013986013986016,0.11188811188811189,-0.3916083916083916,0.23776223776223776,-0.44755244755244755,0.23076923076923078,-0.3811188811188811,0.2062937062937063,-0.3111888111888112,0.1888111888111888
5,0.0,0.0,0.046413502109704644,-0.23628691983122363,0.189873417721519,-0.4219409282700422,0.3755274261603376,-0.5147679324894515,0.4810126582278481,-0.6244725738396625,0.4177215189873418,-0.4388185654008439,0.4641350210970464,-0.31223628691983124,0.35443037974683544,-0.24472573839662448,0.2616033755274262,-0.2489451476793249,0.4936708860759494,-0.3080168776371308,0.5021097046413502,-0.18565400843881857,0.379746835443038,-0.1350210970464135,0.28270042194092826,-0.1350210970464135,0.5316455696202531,-0.16033755274261605,0.5611814345991561,-0.0759493670886076,0.4430379746835443,-0.029535864978902954,0.3459915611814346,-0.03375527426160337,0.5485232067510548,-0.012658227848101266,0.759493670886076,-0.06751054852320675,0.890295358649789,-0.09282700421940929,1.0,-0.1308016877637131,0.0,0.0,-0.1368421052631579,-0.19649122807017544,-0.29473684210526313,-0.28771929824561404,-0.4,-0.4070175438596491,-0.44912280701754387,-0.5228070175438596,-0.49122807017543857,-0.1368421052631579,-0.7333333333333333,-0.031578947368421054,-0.8807017543859649,0.02456140350877193,-1.0,0.06666666666666667,-0.48771929824561405,0.007017543859649123,-0.5754385964912281,0.05964912280701754,-0.4982456140350877,0.03859649122807018,-0.41754385964912283,0.014035087719298246,-0.4456140350877193,0.1368421052631579,-0.5017543859649123,0.14035087719298245,-0.43508771929824563,0.12631578947368421,-0.35789473684210527,0.11578947368421053,-0.3929824561403509,0.24210526315789474,-0.45263157894736844,0.23157894736842105,-0.3824561403508772,0.20701754385964913,-0.312280701754386,0.19298245614035087
5,0.0,0.0,0.046610169491525424,-0.24152542372881355,0.1864406779661017,-0.4279661016949153,0.3771186440677966,-0.5211864406779662,0.4830508474576271,-0.6313559322033898,0.4152542372881356,-0.4449152542372881,0.4533898305084746,-0.3135593220338983,0.3474576271186441,-0.25,0.2542372881355932,-0.25,0.4915254237288136,-0.3135593220338983,0.5,-0.1906779661016949,0.3771186440677966,-0.13983050847457626,0.2796610169491525,-0.1440677966101695,0.5338983050847458,-0.1652542372881356,0.559322033898305,-0.07627118644067797,0.4449152542372881,-0.03389830508474576,0.3474576271186441,-0.03389830508474576,0.5550847457627118,-0.01694915254237288,0.7627118644067796,-0.07203389830508475,0.8940677966101694,-0.1016949152542373,1.0,-0.13983050847457626,0.0,0.0,-0.13240418118466898,-0.1986062717770035,-0.2961672473867596,-0.26480836236933797,-0.42160278745644597,-0.30313588850174217,-0.49825783972125437,-0.34146341463414637,-0.4878048780487805,-0.13937282229965156,-0.7317073170731707,-0.03832752613240418,-0.8815331010452961,0.017421602787456445,-1.0,0.059233449477351915,-0.4878048780487805,0.003484320557491289,-0.5818815331010453,0.06620209059233449,-0.5052264808362369,0.04878048780487805,-0.42160278745644597,0.020905923344947737,-0.4425087108013937,0.1289198606271777,-0.5052264808362369,0.14285714285714285,-0.43902439024390244,0.1289198606271777,-0.3623693379790941,0.11498257839721254,-0.3902439024390244,0.23693379790940766,-0.44947735191637633,0.22996515679442509,-0.3797909407665505,0.20557491289198607,-0.31010452961672474,0.18815331010452963
5,0.0,0.0,0.04680851063829787,-0.2425531914893617,0.1829787234042553,-0.425531914893617,0.3702127659574468,-0.5234042553191489,0.4765957446808511,-0.6340425531914894,0.4340425531914894,-0.43829787234042555,0.46382978723404256,-0.32340425531914896,0.3617021276595745,-0.25957446808510637,0.2680851063829787,-0.25957446808510637,0.502127659574468,-0.30638297872340425,0.5063829787234042,-0.2,0.3829787234042553,-0.15319148936170213,0.2851063829787234,-0.1574468085106383,0.5361702127659574,-0.1574468085106383,0.5531914893617021,-0.0851063829787234,0.4340425531914894,-0.04680851063829787,0.33617021276595743,-0.05106382978723404,0.5446808510638298,-0.01276595744680851,0.7574468085106383,-0.06808510638297872,0.8893617021276595,-0.09361702127659574,1.0,-0.1276595744680851,0.0,0.0,-0.14982578397212543,-0.1951219512195122,-0.3240418118466899,-0.24738675958188153,-0.44947735191637633,-0.27177700348432055,-0.5296167247386759,-0.2857142857142857,-0.5017421602787456,-0.12195121951219512,-0.7421602787456446,-0.020905923344947737,-0.8850174216027874,0.03484320557491289,-1.0,0.08013937282229965,-0.4912891986062718,0.024390243902439025,-0.578397212543554,0.059233449477351915,-0.5052264808362369,0.03832752613240418,-0.4250871080139373,0.010452961672473868,-0.43902439024390244,0.14982578397212543,-0.5017421602787456,0.13588850174216027,-0.43902439024390244,0.12195121951219512,-0.3623693379790941,0.11149825783972125,-0.3832752613240418,0.25435540069686413,-0.445993031358885,0.23344947735191637,-0.3832752613240418,0.20905923344947736,-0.313588850174216,0.1916376306620209
5,0.0,0.0,0.029787234042553193,-0.23829787234042554,0.16595744680851063,-0.4297872340425532,0.3574468085106383,-0.5234042553191489,0.46808510638297873,-0.6425531914893617,0.40425531914893614,-0.4553191489361702,0.44680851063829785,-0.32340425531914896,0.3404255319148936,-0.2553191489361702,0.251063829787234,-0.25957446808510637,0.4851063829787234,-0.3148936170212766,0.502127659574468,-0.20425531914893616,0.3829787234042553,-0.15319148936170213,0.2851063829787234,-0.1574468085106383,0.5276595744680851,-0.16595744680851063,0.5617021276595745,-0.0851063829787234,0.4425531914893617,-0.0425531914893617,0.3446808510638298,-0.04680851063829787,0.5446808510638298,-0.01702127659574468,0.7531914893617021,-0.07234042553191489,0.8851063829787233,-0.10212765957446808,1.0,-0.14042553191489363,0.0,0.0,-0.14788732394366197,-0.19718309859154928,-0.31338028169014087,-0.27816901408450706,-0.43309859154929575,-0.38028169014084506,-0.5,-0.5,-0.5070422535211268,-0.1267605633802817,-0.7429577464788732,-0.014084507042253521,-0.8873239436619719,0.04225352112676056,-1.0,0.08450704225352113,-0.4964788732394366,0.028169014084507043,-0.5985915492957746,0.0528169014084507,-0.528169014084507,0.028169014084507043,-0.44366197183098594,0.0035211267605633804,-0.44366197183098594,0.15492957746478872,-0.5176056338028169,0.13380281690140844,-0.45422535211267606,0.11619718309859155,-0.36971830985915494,0.1056338028169014,-0.3873239436619718,0.25704225352112675,-0.4507042253521127,0.22887323943661972,-0.38380281690140844,0.20422535211267606,-0.31338028169014087,0.18661971830985916
5,0.0,0.0,0.04184100418410042,-0.23430962343096234,0.1799163179916318,-0.41841004184100417,0.3682008368200837,-0.5104602510460251,0.4769874476987448,-0.6234309623430963,0.41422594142259417,-0.4393305439330544,0.45188284518828453,-0.3054393305439331,0.34309623430962344,-0.23430962343096234,0.2510460251046025,-0.24686192468619247,0.49372384937238495,-0.3054393305439331,0.502092050209205,-0.18410041841004185,0.3807531380753138,-0.13807531380753138,0.28451882845188287,-0.14225941422594143,0.5313807531380753,-0.1589958158995816,0.5606694560669456,-0.07112970711297072,0.4393305439330544,-0.029288702928870293,0.3389121338912134,-0.03347280334728033,0.5523012552301255,-0.008368200836820083,0.7573221757322176,-0.06694560669456066,0.8870292887029289,-0.09205020920502092,1.0,-0.1297071129707113,0.0,0.0,-0.15331010452961671,-0.1986062717770035,-0.313588850174216,-0.28222996515679444,-0.42857142857142855,-0.3902439024390244,-0.4808362369337979,-0.519163763066202,-0.5052264808362369,-0.1254355400696864,-0.7456445993031359,-0.024390243902439025,-0.8850174216027874,0.0313588850174216,-1.0,0.07665505226480836,-0.49825783972125437,0.024390243902439025,-0.6097560975609756,0.04878048780487805,-0.5400696864111498,0.017421602787456445,-0.45993031358885017,-0.010452961672473868,-0.445993031358885,0.15331010452961671,-0.5331010452961672,0.1254355400696864,-0.47038327526132406,0.10801393728222997,-0.3867595818815331,0.0975609756097561,-0.3902439024390244,0.2508710801393728,-0.45993031358885017,0.21602787456445993,-0.397212543554007,0.1916376306620209,-0.32752613240418116,0.17770034843205576
5,0.0,0.0,0.045454545454545456,-0.23553719008264462,0.1859504132231405,-0.4214876033057851,0.3760330578512397,-0.5041322314049587,0.49173553719008267,-0.6074380165289256,0.41735537190082644,-0.44214876033057854,0.47520661157024796,-0.2892561983471074,0.3677685950413223,-0.2190082644628099,0.26859504132231404,-0.22727272727272727,0.49586776859504134,-0.30991735537190085,0.5206611570247934,-0.1652892561983471,0.39669421487603307,-0.1115702479338843,0.2975206611570248,-0.11983471074380166,0.5330578512396694,-0.15702479338842976,0.5661157024793388,-0.049586776859504134,0.45041322314049587,0.0,0.3512396694214876,-0.004132231404958678,0.5537190082644629,-0.004132231404958678,0.7603305785123967,-0.05371900826446281,0.8925619834710744,-0.08264462809917356,1.0,-0.11570247933884298,0.0,0.0,-0.13793103448275862,-0.20344827586206896,-0.296551724137931,-0.2827586206896552,-0.41379310344827586,-0.38620689655172413,-0.47586206896551725,-0.4827586206896552,-0.5,-0.12413793103448276,-0.7379310344827587,-0.03793103448275862,-0.8862068965517241,0.013793103448275862,-1.0,0.05517241379310345,-0.4896551724137931,0.027586206896551724,-0.6068965517241379,0.03793103448275862,-0.5379310344827586,0.0034482758620689655,-0.45517241379310347,-0.020689655172413793,-0.43448275862068964,0.1482758620689655,-0.5275862068965518,0.1206896551724138,-0.4724137931034483,0.09655172413793103,-0.3896551724137931,0.08620689655172414,-0.3793103448275862,0.24482758620689654,-0.4517241379310345,0.20344827586206896,-0.3931034482758621,0.17586206896551723,-0.32413793103448274,0.16206896551724137
5,0.0,0.0,0.03937007874015748,-0.2283464566929134,0.1889763779527559,-0.41338582677165353,0.38188976377952755,-0.5039370078740157,0.4881889763779528,-0.6141732283464567,0.41338582677165353,-0.44881889763779526,0.5118110236220472,-0.29133858267716534,0.4094488188976378,-0.2125984251968504,0.30708661417322836,-0.2204724409448819,0.48031496062992124,-0.31496062992125984,0.5393700787401575,-0.16141732283464566,0.41338582677165353,-0.10236220472440945,0.3110236220472441,-0.1141732283464567,0.5196850393700787,-0.16141732283464566,0.5826771653543307,-0.04330708661417323,0.4645669291338583,0.003937007874015748,0.36220472440944884,0.0,0.5393700787401575,-0.011811023622047244,0.7519685039370079,-0.06299212598425197,0.8858267716535433,-0.09448818897637795,1.0,-0.13385826771653545,0.0,0.0,-0.1423948220064725,-0.20064724919093851,-0.3074433656957929,-0.2588996763754045,-0.44660194174757284,-0.29449838187702265,-0.5242718446601942,-0.32038834951456313,-0.5016181229773463,-0.13268608414239483,-0.7443365695792881,-0.045307443365695796,-0.889967637540453,0.006472491909385114,-1.0,0.05177993527508091,-0.49838187702265374,0.019417475728155338,-0.6148867313915858,0.045307443365695796,-0.5436893203883495,0.019417475728155338,-0.4563106796116505,-0.006472491909385114,-0.44660194174757284,0.13915857605177995,-0.540453074433657,0.13268608414239483,-0.48220064724919093,0.11326860841423948,-0.4045307443365696,0.10032362459546926,-0.3818770226537217,0.23948220064724918,-0.4401294498381877,0.20711974110032363,-0.3818770226537217,0.18446601941747573,-0.313915857605178,0.1650485436893204
5,0.0,0.0,0.03875968992248062,-0.2364341085271318,0.1821705426356589,-0.4263565891472868,0.375968992248062,-0.5193798449612403,0.4844961240310077,-0.6317829457364341,0.4108527131782946,-0.46124031007751937,0.49612403100775193,-0.32170542635658916,0.3875968992248062,-0.24806201550387597,0.29069767441860467,-0.2558139534883721,0.4844961240310077,-0.32558139534883723,0.5232558139534884,-0.18992248062015504,0.3992248062015504,-0.13178294573643412,0.3023255813953488,-0.14728682170542637,0.5271317829457365,-0.17054263565891473,0.5736434108527132,-0.06976744186046512,0.4573643410852713,-0.01937984496124031,0.35658914728682173,-0.027131782945736434,0.5503875968992248,-0.01937984496124031,0.7558139534883721,-0.08139534883720931,0.8875968992248062,-0.10852713178294573,1.0,-0.14728682170542637,0.0,0.0,-0.14511041009463724,-0.20189274447949526,-0.305993690851735,-0.2744479495268139,-0.4353312302839117,-0.3627760252365931,-0.4921135646687697,-0.4416403785488959,-0.49842271293375395,-0.13564668769716087,-0.7381703470031545,-0.04100946372239748,-0.886435331230284,0.006309148264984227,-1.0,0.05362776025236593,-0.4952681388012618,0.015772870662460567,-0.6403785488958991,0.05362776025236593,-0.5772870662460567,0.01892744479495268,-0.4889589905362776,-0.012618296529968454,-0.444794952681388,0.138801261829653,-0.5741324921135647,0.14511041009463724,-0.5236593059936908,0.1167192429022082,-0.4384858044164038,0.09779179810725552,-0.38485804416403785,0.2334384858044164,-0.4637223974763407,0.21766561514195584,-0.41009463722397477,0.17981072555205047,-0.34069400630914826,0.1608832807570978
5,0.0,0.0,0.038314176245210725,-0.24904214559386972,0.17624521072796934,-0.4367816091954023,0.36398467432950193,-0.5287356321839081,0.4827586206896552,-0.632183908045977,0.42528735632183906,-0.4559386973180077,0.45977011494252873,-0.3486590038314176,0.3524904214559387,-0.2796934865900383,0.2567049808429119,-0.2720306513409962,0.5019157088122606,-0.3218390804597701,0.4904214559386973,-0.21839080459770116,0.367816091954023,-0.1724137931034483,0.27586206896551724,-0.16475095785440613,0.5363984674329502,-0.1685823754789272,0.5402298850574713,-0.09578544061302682,0.41762452107279696,-0.06130268199233716,0.3218390804597701,-0.05747126436781609,0.5517241379310345,-0.019157088122605363,0.7586206896551724,-0.08045977011494253,0.8888888888888888,-0.10727969348659004,1.0,-0.1417624521072797,0.0,0.0,-0.14420062695924765,-0.20376175548589343,-0.3072100313479624,-0.28213166144200624,-0.42946708463949845,-0.3887147335423197,-0.4952978056426332,-0.4827586206896552,-0.49843260188087773,-0.12539184952978055,-0.7366771159874608,-0.034482758620689655,-0.8840125391849529,0.018808777429467086,-1.0,0.06583072100313479,-0.49216300940438873,0.025078369905956112,-0.6300940438871473,0.04075235109717868,-0.5642633228840125,0.003134796238244514,-0.47648902821316613,-0.025078369905956112,-0.438871473354232,0.14733542319749215,-0.54858934169279,0.12225705329153605,-0.49216300940438873,0.09404388714733543,-0.40752351097178685,0.08150470219435736,-0.3793103448275862,0.2413793103448276,-0.4482758620689655,0.20376175548589343,-0.39184952978056425,0.1755485893416928,-0.32601880877742945,0.15987460815047022
5,0.0,0.0,0.03875968992248062,-0.2596899224806202,0.1744186046511628,-0.44573643410852715,0.3643410852713178,-0.5348837209302325,0.4844961240310077,-0.6395348837209303,0.43023255813953487,-0.46124031007751937,0.4573643410852713,-0.35271317829457366,0.3449612403100775,-0.28294573643410853,0.25193798449612403,-0.2751937984496124,0.5077519379844961,-0.32170542635658916,0.49224806201550386,-0.22093023255813954,0.3682170542635659,-0.1744186046511628,0.2713178294573643,-0.17054263565891473,0.5426356589147286,-0.17054263565891473,0.5387596899224806,-0.10077519379844961,0.4186046511627907,-0.06201550387596899,0.32170542635658916,-0.05813953488372093,0.5581395348837209,-0.01937984496124031,0.7635658914728682,-0.07751937984496124,0.8953488372093024,-0.10852713178294573,1.0,-0.1434108527131783,0.0,0.0,-0.14733542319749215,-0.2006269592476489,-0.3166144200626959,-0.26959247648902823,-0.43573667711598746,-0.3793103448275862,-0.5047021943573667,-0.48589341692789967,-0.5047021943573667,-0.12539184952978055,-0.7460815047021944,-0.034482758620689655,-0.8871473354231975,0.018808777429467086,-1.0,0.06583072100313479,-0.49843260188087773,0.025078369905956112,-0.6300940438871473,0.04075235109717868,-0.567398119122257,0.006269592476489028,-0.4827586206896552,-0.018808777429467086,-0.445141065830721,0.15047021943573669,-0.54858934169279,0.11598746081504702,-0.49216300940438873,0.09090909090909091,-0.40752351097178685,0.08463949843260188,-0.38557993730407525,0.2445141065830721,-0.4608150470219436,0.20376175548589343,-0.4043887147335423,0.1755485893416928,-0.3385579937304075,0.16300940438871472
5,0.0,0.0,0.03557312252964427,-0.2648221343873518,0.17391304347826086,-0.45454545454545453,0.36363636363636365,-0.541501976284585,0.48221343873517786,-0.6482213438735178,0.4426877470355731,-0.45454545454545453,0.43873517786561267,-0.3715415019762846,0.32806324110671936,-0.2964426877470356,0.24110671936758893,-0.2845849802371542,0.5177865612648221,-0.3201581027667984,0.4782608695652174,-0.23715415019762845,0.35177865612648224,-0.18972332015810275,0.25691699604743085,-0.17786561264822134,0.549407114624506,-0.16996047430830039,0.5335968379446641,-0.11462450592885376,0.4031620553359684,-0.07905138339920949,0.308300395256917,-0.06719367588932806,0.5573122529644269,-0.023715415019762844,0.7628458498023716,-0.08300395256916997,0.8932806324110671,-0.11462450592885376,1.0,-0.15019762845849802,0.0,0.0,-0.1624203821656051,-0.19745222929936307,-0.3375796178343949,-0.2356687898089172,-0.5,-0.2197452229299363,-0.60828025477707,-0.1942675159235669,-0.5095541401273885,-0.12420382165605096,-0.7515923566878981,-0.028662420382165606,-0.89171974522293,0.022292993630573247,-1.0,0.07006369426751592,-0.5,0.028662420382165606,-0.6242038216560509,0.044585987261146494,-0.5668789808917197,0.01592356687898089,-0.4872611464968153,-0.009554140127388535,-0.44904458598726116,0.1464968152866242,-0.5414012738853503,0.1178343949044586,-0.4872611464968153,0.09872611464968153,-0.40764331210191085,0.09235668789808917,-0.39490445859872614,0.24522292993630573,-0.46496815286624205,0.20382165605095542,-0.410828025477707,0.18152866242038215,-0.3471337579617834,0.16878980891719744
5,0.0,0.0,0.04081632653061224,-0.2530612244897959,0.17551020408163265,-0.44081632653061226,0.363265306122449,-0.5306122448979592,0.4897959183673469,-0.6326530612244898,0.42857142857142855,-0.4489795918367347,0.43673469387755104,-0.34285714285714286,0.3306122448979592,-0.27755102040816326,0.24081632653061225,-0.2693877551020408,0.5061224489795918,-0.31020408163265306,0.4857142857142857,-0.20816326530612245,0.35918367346938773,-0.15918367346938775,0.2612244897959184,-0.15510204081632653,0.5428571428571428,-0.15918367346938775,0.5428571428571428,-0.08979591836734693,0.42448979591836733,-0.044897959183673466,0.32653061224489793,-0.04081632653061224,0.5551020408163265,-0.012244897959183673,0.763265306122449,-0.07346938775510205,0.8938775510204081,-0.10612244897959183,1.0,-0.14285714285714285,0.0,0.0,-0.14332247557003258,-0.18892508143322476,-0.3127035830618892,-0.2768729641693811,-0.42671009771986973,-0.3973941368078176,-0.4788273615635179,-0.5146579804560261,-0.501628664495114,-0.13029315960912052,-0.742671009771987,-0.02280130293159609,-0.8859934853420195,0.03257328990228013,-1.0,0.07166123778501629,-0.48534201954397393,0.016286644951140065,-0.6058631921824105,0.048859934853420196,-0.5374592833876222,0.02280130293159609,-0.44625407166123776,-0.003257328990228013,-0.43322475570032576,0.14006514657980457,-0.5276872964169381,0.1237785016286645,-0.46254071661237783,0.10749185667752444,-0.3778501628664495,0.10097719869706841,-0.3778501628664495,0.24104234527687296,-0.46254071661237783,0.2182410423452769,-0.4006514657980456,0.19543973941368079,-0.3257328990228013,0.1758957654723127
5,0.0,0.0,0.0375,-0.24583333333333332,0.175,-0.42916666666666664,0.3625,-0.5166666666666667,0.49166666666666664,-0.6166666666666667,0.425,-0.44166666666666665,0.44166666666666665,-0.3333333333333333,0.3375,-0.26666666666666666,0.24583333333333332,-0.25833333333333336,0.5,-0.30833333333333335,0.4875,-0.20833333333333334,0.37083333333333335,-0.15833333333333333,0.2708333333333333,-0.14583333333333334,0.5416666666666666,-0.1625,0.5458333333333333,-0.09166666666666666,0.42916666666666664,-0.05416666666666667,0.32916666666666666,-0.05,0.5541666666666667,-0.020833333333333332,0.7625,-0.07083333333333333,0.8916666666666667,-0.1,1.0,-0.1375,0.0,0.0,-0.14046822742474915,-0.19063545150501673,-0.3110367892976589,-0.27424749163879597,-0.4180602006688963,-0.391304347826087,-0.47491638795986624,-0.4983277591973244,-0.49498327759197325,-0.13043478260869565,-0.7424749163879598,-0.030100334448160536,-0.8862876254180602,0.020066889632107024,-1.0,0.06354515050167224,-0.48494983277591974,0.013377926421404682,-0.6020066889632107,0.046822742474916385,-0.5317725752508361,0.020066889632107024,-0.44816053511705684,-0.006688963210702341,-0.43478260869565216,0.13377926421404682,-0.5250836120401338,0.12040133779264214,-0.45819397993311034,0.10367892976588629,-0.3779264214046823,0.09698996655518395,-0.38127090301003347,0.23411371237458195,-0.46153846153846156,0.2140468227424749,-0.3979933110367893,0.19063545150501673,-0.3277591973244147,0.17391304347826086
5,0.0,0.0,0.03879310344827586,-0.25,0.1810344827586207,-0.43103448275862066,0.375,-0.5258620689655172,0.5,-0.625,0.41810344827586204,-0.44396551724137934,0.4525862068965517,-0.33189655172413796,0.3448275862068966,-0.2672413793103448,0.25,-0.25862068965517243,0.4956896551724138,-0.3146551724137931,0.5043103448275862,-0.2025862068965517,0.38362068965517243,-0.15517241379310345,0.28448275862068967,-0.15086206896551724,0.5344827586206896,-0.16379310344827586,0.5646551724137931,-0.08620689655172414,0.44396551724137934,-0.04741379310344827,0.34051724137931033,-0.04741379310344827,0.5517241379310345,-0.017241379310344827,0.7586206896551724,-0.07327586206896551,0.8922413793103449,-0.09913793103448276,1.0,-0.1336206896551724,0.0,0.0,-0.14385964912280702,-0.19649122807017544,-0.3087719298245614,-0.27017543859649124,-0.43508771929824563,-0.34035087719298246,-0.512280701754386,-0.4,-0.49122807017543857,-0.12982456140350876,-0.7368421052631579,-0.03508771929824561,-0.8842105263157894,0.014035087719298246,-1.0,0.05263157894736842,-0.4842105263157895,0.017543859649122806,-0.5929824561403508,0.0456140350877193,-0.5228070175438596,0.021052631578947368,-0.43508771929824563,-0.0035087719298245615,-0.43157894736842106,0.14035087719298245,-0.5087719298245614,0.11929824561403508,-0.4456140350877193,0.10175438596491228,-0.3649122807017544,0.0912280701754386,-0.37543859649122807,0.23859649122807017,-0.4421052631578947,0.21052631578947367,-0.37894736842105264,0.18596491228070175,-0.312280701754386,0.17192982456140352
5,0.0,0.0,0.05286343612334802,-0.23348017621145375,0.1894273127753304,-0.41409691629955947,0.3744493392070485,-0.5110132158590308,0.4933920704845815,-0.6079295154185022,0.41409691629955947,-0.43171806167400884,0.4669603524229075,-0.29515418502202645,0.36123348017621143,-0.2290748898678414,0.2643171806167401,-0.2290748898678414,0.4933920704845815,-0.29515418502202645,0.5110132158590308,-0.17180616740088106,0.3964757709251101,-0.11894273127753303,0.2907488986784141,-0.12334801762114538,0.5330396475770925,-0.14977973568281938,0.5594713656387665,-0.05726872246696035,0.44933920704845814,-0.013215859030837005,0.34801762114537443,-0.01762114537444934,0.5506607929515418,-0.004405286343612335,0.7577092511013216,-0.05286343612334802,0.8942731277533039,-0.07488986784140969,1.0,-0.11013215859030837,0.0,0.0,-0.14338235294117646,-0.20220588235294118,-0.2977941176470588,-0.29044117647058826,-0.40808823529411764,-0.40808823529411764,-0.46691176470588236,-0.5183823529411765,-0.5,-0.125,-0.7426470588235294,-0.03308823529411765,-0.8860294117647058,0.01838235294117647,-1.0,0.058823529411764705,-0.4889705882352941,0.025735294117647058,-0.5955882352941176,0.03676470588235294,-0.5220588235294118,0.007352941176470588,-0.4375,-0.01838235294117647,-0.4338235294117647,0.15073529411764705,-0.5110294117647058,0.11764705882352941,-0.4485294117647059,0.09926470588235294,-0.3639705882352941,0.08823529411764706,-0.3786764705882353,0.24632352941176472,-0.4338235294117647,0.20588235294117646,-0.3713235294117647,0.1801470588235294,-0.3014705882352941,0.16911764705882354
5,0.0,0.0,0.05701754385964912,-0.23684210526315788,0.19736842105263158,-0.42105263157894735,0.38596491228070173,-0.5087719298245614,0.5,-0.6096491228070176,0.42105263157894735,-0.43859649122807015,0.5087719298245614,-0.29385964912280704,0.40350877192982454,-0.21929824561403508,0.3026315789473684,-0.2236842105263158,0.49122807017543857,-0.3026315789473684,0.5394736842105263,-0.17105263157894737,0.42543859649122806,-0.11842105263157894,0.3201754385964912,-0.12280701754385964,0.5263157894736842,-0.15350877192982457,0.5789473684210527,-0.05263157894736842,0.4692982456140351,-0.008771929824561403,0.3684210526315789,-0.013157894736842105,0.543859649122807,-0.0043859649122807015,0.7587719298245614,-0.05263157894736842,0.8903508771929824,-0.07894736842105263,1.0,-0.11403508771929824,0.0,0.0,-0.15636363636363637,-0.20363636363636364,-0.3236363636363636,-0.2581818181818182,-0.4727272727272727,-0.2872727272727273,-0.56,-0.31272727272727274,-0.5018181818181818,-0.11272727272727273,-0.7490909090909091,-0.02909090909090909,-0.8909090909090909,0.01818181818181818,-1.0,0.05818181818181818,-0.4909090909090909,0.03636363636363636,-0.6145454545454545,0.03636363636363636,-0.5490909090909091,0.0036363636363636364,-0.46545454545454545,-0.02181818181818182,-0.43636363636363634,0.15636363636363637,-0.5309090909090909,0.12,-0.4763636363636364,0.09818181818181818,-0.39636363636363636,0.09090909090909091,-0.37454545454545457,0.24727272727272728,-0.44,0.2,-0.38181818181818183,0.1781818181818182,-0.31272727272727274,0.16727272727272727
5,0.0,0.0,0.0546218487394958,-0.23529411764705882,0.19747899159663865,-0.41596638655462187,0.3865546218487395,-0.5042016806722689,0.4957983193277311,-0.6050420168067226,0.42016806722689076,-0.4411764705882353,0.5378151260504201,-0.28991596638655465,0.4369747899159664,-0.21008403361344538,0.33613445378151263,-0.21428571428571427,0.4831932773109244,-0.31092436974789917,0.5546218487394958,-0.15966386554621848,0.4327731092436975,-0.09663865546218488,0.3277310924369748,-0.1092436974789916,0.5168067226890757,-0.15966386554621848,0.5882352941176471,-0.04201680672268908,0.47058823529411764,0.008403361344537815,0.3697478991596639,0.0,0.5378151260504201,-0.008403361344537815,0.7521008403361344,-0.06302521008403361,0.8865546218487395,-0.09243697478991597,1.0,-0.13025210084033614,0.0,0.0,-0.14432989690721648,-0.20962199312714777,-0.3161512027491409,-0.27147766323024053,-0.4742268041237113,-0.2920962199312715,-0.5601374570446735,-0.30584192439862545,-0.4948453608247423,-0.12714776632302405,-0.7491408934707904,-0.044673539518900345,-0.8900343642611683,0.006872852233676976,-1.0,0.05154639175257732,-0.4879725085910653,0.01718213058419244,-0.6048109965635738,0.044673539518900345,-0.5360824742268041,0.024054982817869417,-0.4570446735395189,-0.003436426116838488,-0.43986254295532645,0.140893470790378,-0.5463917525773195,0.13058419243986255,-0.4845360824742268,0.10996563573883161,-0.40893470790378006,0.10652920962199312,-0.38831615120274915,0.24398625429553264,-0.49140893470790376,0.23367697594501718,-0.43986254295532645,0.20962199312714777,-0.3711340206185567,0.1958762886597938
5,0.0,0.0,0.05263157894736842,-0.23076923076923078,0.19838056680161945,-0.42105263157894735,0.38866396761133604,-0.5141700404858299,0.4979757085020243,-0.6194331983805668,0.41700404858299595,-0.4493927125506073,0.5222672064777328,-0.3117408906882591,0.42105263157894735,-0.23481781376518218,0.31983805668016196,-0.242914979757085,0.4939271255060729,-0.31983805668016196,0.5425101214574899,-0.17408906882591094,0.41700404858299595,-0.1214574898785425,0.3157894736842105,-0.13765182186234817,0.5303643724696356,-0.1659919028340081,0.582995951417004,-0.05668016194331984,0.46558704453441296,-0.008097165991902834,0.3603238866396761,-0.020242914979757085,0.5465587044534413,-0.012145748987854251,0.757085020242915,-0.06882591093117409,0.8906882591093117,-0.09716599190283401,1.0,-0.13360323886639677,0.0,0.0,-0.13666666666666666,-0.20666666666666667,-0.31,-0.27666666666666667,-0.45,-0.33,-0.53,-0.36666666666666664,-0.5066666666666667,-0.13666666666666666,-0.76,-0.05,-0.8966666666666666,0.0033333333333333335,-1.0,0.05,-0.5066666666666667,0.006666666666666667,-0.6,0.06,-0.53,0.043333333333333335,-0.45666666666666667,0.01,-0.45666666666666667,0.13333333333333333,-0.54,0.15,-0.48333333333333334,0.13333333333333333,-0.41,0.11666666666666667,-0.4033333333333333,0.24,-0.49666666666666665,0.24666666666666667,-0.45,0.22666666666666666,-0.38333333333333336,0.21333333333333335
5,0.0,0.0,0.043137254901960784,-0.24313725490196078,0.1843137254901961,-0.42745098039215684,0.3686274509803922,-0.5215686274509804,0.4823529411764706,-0.6274509803921569,0.4235294117647059,-0.45098039215686275,0.4823529411764706,-0.32941176470588235,0.3764705882352941,-0.25882352941176473,0.2823529411764706,-0.2627450980392157,0.4980392156862745,-0.3254901960784314,0.5137254901960784,-0.19607843137254902,0.38823529411764707,-0.1450980392156863,0.2901960784313726,-0.15294117647058825,0.5333333333333333,-0.17254901960784313,0.5607843137254902,-0.0784313725490196,0.44313725490196076,-0.03529411764705882,0.3411764705882353,-0.0392156862745098,0.5490196078431373,-0.0196078431372549,0.7568627450980392,-0.07450980392156863,0.8862745098039215,-0.09803921568627451,1.0,-0.12549019607843137,0.0,0.0,-0.13694267515923567,-0.2070063694267516,-0.2961783439490446,-0.28343949044585987,-0.410828025477707,-0.40764331210191085,-0.4681528662420382,-0.5159235668789809,-0.49363057324840764,-0.13694267515923567,-0.7420382165605095,-0.050955414012738856,-0.8885350318471338,0.0,-1.0,0.041401273885350316,-0.49044585987261147,0.009554140127388535,-0.6146496815286624,0.028662420382165606,-0.554140127388535,-0.0031847133757961785,-0.4681528662420382,-0.025477707006369428,-0.43630573248407645,0.1305732484076433,-0.5445859872611465,0.1178343949044586,-0.4872611464968153,0.09554140127388536,-0.40445859872611467,0.08598726114649681,-0.37898089171974525,0.22611464968152867,-0.44904458598726116,0.1942675159235669,-0.3885350318471338,0.16878980891719744,-0.3184713375796178,0.15286624203821655
5,0.0,0.0,0.031496062992125984,-0.24803149606299213,0.16929133858267717,-0.4330708661417323,0.35826771653543305,-0.5275590551181102,0.4763779527559055,-0.6299212598425197,0.42913385826771655,-0.4566929133858268,0.4566929133858268,-0.33858267716535434,0.35039370078740156,-0.2637795275590551,0.25984251968503935,-0.2637795275590551,0.5078740157480315,-0.32677165354330706,0.4921259842519685,-0.21653543307086615,0.3661417322834646,-0.16535433070866143,0.27165354330708663,-0.16535433070866143,0.5433070866141733,-0.17716535433070865,0.5433070866141733,-0.10236220472440945,0.41732283464566927,-0.05905511811023622,0.31496062992125984,-0.05905511811023622,0.5551181102362205,-0.031496062992125984,0.7598425196850394,-0.07480314960629922,0.889763779527559,-0.0984251968503937,1.0,-0.1220472440944882,0.0,0.0,-0.14057507987220447,-0.20766773162939298,-0.31629392971246006,-0.26198083067092653,-0.45686900958466453,-0.28434504792332266,-0.536741214057508,-0.2939297124600639,-0.49201277955271566,-0.13738019169329074,-0.7380191693290735,-0.04792332268370607,-0.8849840255591054,0.0,-1.0,0.04153354632587859,-0.48242811501597443,0.009584664536741214,-0.6070287539936102,0.03194888178913738,-0.5399361022364217,0.0,-0.4536741214057508,-0.025559105431309903,-0.43450479233226835,0.134185303514377,-0.5271565495207667,0.11182108626198083,-0.46645367412140576,0.0926517571884984,-0.3865814696485623,0.08626198083067092,-0.3801916932907348,0.23003194888178913,-0.45686900958466453,0.19808306709265175,-0.3993610223642173,0.17252396166134185,-0.33226837060702874,0.16613418530351437
5,0.0,0.0,0.028688524590163935,-0.26639344262295084,0.1721311475409836,-0.45491803278688525,0.36475409836065575,-0.5491803278688525,0.48360655737704916,-0.6557377049180327,0.4385245901639344,-0.45081967213114754,0.44672131147540983,-0.38934426229508196,0.3442622950819672,-0.319672131147541,0.26229508196721313,-0.29508196721311475,0.5122950819672131,-0.3114754098360656,0.48770491803278687,-0.26229508196721313,0.36885245901639346,-0.21721311475409835,0.27459016393442626,-0.20081967213114754,0.5491803278688525,-0.16393442622950818,0.5409836065573771,-0.14754098360655737,0.4180327868852459,-0.11475409836065574,0.3237704918032787,-0.09836065573770492,0.5614754098360656,-0.02459016393442623,0.7663934426229508,-0.06967213114754098,0.8934426229508197,-0.09836065573770492,1.0,-0.12704918032786885,0.0,0.0,-0.13099041533546327,-0.20766773162939298,-0.2971246006389776,-0.28753993610223644,-0.4057507987220447,-0.3769968051118211,-0.45686900958466453,-0.49201277955271566,-0.48562300319488816,-0.14696485623003194,-0.7412140575079872,-0.05750798722044728,-0.8849840255591054,-0.012779552715654952,-1.0,0.025559105431309903,-0.4728434504792332,0.0,-0.6230031948881789,0.012779552715654952,-0.5623003194888179,-0.022364217252396165,-0.476038338658147,-0.04472843450479233,-0.4217252396166134,0.11501597444089456,-0.5399361022364217,0.08626198083067092,-0.48242811501597443,0.06389776357827476,-0.4057507987220447,0.05750798722044728,-0.36741214057507987,0.20766773162939298,-0.46645367412140576,0.1757188498402556,-0.41533546325878595,0.1501597444089457,-0.34824281150159747,0.14057507987220447
5,0.0,0.0,0.03375527426160337,-0.2742616033755274,0.18143459915611815,-0.45569620253164556,0.3755274261603376,-0.5443037974683544,0.5021097046413502,-0.6413502109704642,0.4430379746835443,-0.4388185654008439,0.4472573839662447,-0.3881856540084388,0.34177215189873417,-0.32489451476793246,0.2616033755274262,-0.3080168776371308,0.5147679324894515,-0.29535864978902954,0.48945147679324896,-0.25738396624472576,0.3670886075949367,-0.21518987341772153,0.27848101265822783,-0.19831223628691982,0.5485232067510548,-0.1518987341772152,0.540084388185654,-0.13924050632911392,0.4219409282700422,-0.11392405063291139,0.32489451476793246,-0.0970464135021097,0.5611814345991561,-0.016877637130801686,0.7637130801687764,-0.06329113924050633,0.8945147679324894,-0.09282700421940929,1.0,-0.12658227848101267,0.0,0.0,-0.13468013468013468,-0.2053872053872054,-0.29292929292929293,-0.2962962962962963,-0.39057239057239057,-0.4175084175084175,-0.43097643097643096,-0.5454545454545454,-0.4882154882154882,-0.14814814814814814,-0.7373737373737373,-0.05387205387205387,-0.8855218855218855,-0.006734006734006734,-1.0,0.03367003367003367,-0.48148148148148145,0.0,-0.6127946127946128,0.020202020202020204,-0.5387205387205387,-0.013468013468013467,-0.4511784511784512,-0.037037037037037035,-0.43434343434343436,0.11784511784511785,-0.5488215488215489,0.10437710437710437,-0.48484848484848486,0.08080808080808081,-0.4006734006734007,0.0707070707070707,-0.38047138047138046,0.21548821548821548,-0.4713804713804714,0.19528619528619529,-0.4107744107744108,0.16498316498316498,-0.3434343434343434,0.15151515151515152
5,0.0,0.0,0.04954954954954955,-0.26126126126126126,0.20270270270270271,-0.44144144144144143,0.3738738738738739,-0.536036036036036,0.49099099099099097,-0.6396396396396397,0.4189189189189189,-0.4369369369369369,0.43243243243243246,-0.34684684684684686,0.3333333333333333,-0.2882882882882883,0.25225225225225223,-0.2747747747747748,0.4954954954954955,-0.30180180180180183,0.4954954954954955,-0.22972972972972974,0.38738738738738737,-0.1891891891891892,0.3063063063063063,-0.17567567567567569,0.5315315315315315,-0.15315315315315314,0.5585585585585585,-0.10810810810810811,0.45045045045045046,-0.07207207207207207,0.35585585585585583,-0.07657657657657657,0.545045045045045,-0.0045045045045045045,0.7567567567567568,-0.05855855855855856,0.8918918918918919,-0.09009009009009009,1.0,-0.12162162162162163,0.0,0.0,-0.14705882352941177,-0.19852941176470587,-0.2977941176470588,-0.30514705882352944,-0.39705882352941174,-0.4522058823529412,-0.4338235294117647,-0.5955882352941176,-0.4963235294117647,-0.14338235294117646,-0.7426470588235294,-0.04411764705882353,-0.8897058823529411,0.003676470588235294,-1.0,0.03308823529411765,-0.4889705882352941,0.007352941176470588,-0.6176470588235294,0.029411764705882353,-0.5404411764705882,0.0,-0.4485294117647059,-0.029411764705882353,-0.4338235294117647,0.1323529411764706,-0.5404411764705882,0.11397058823529412,-0.4742647058823529,0.09191176470588236,-0.3897058823529412,0.08088235294117647,-0.375,0.22794117647058823,-0.45955882352941174,0.20220588235294118,-0.39338235294117646,0.17647058823529413,-0.3235294117647059,0.16176470588235295
5,0.0,0.0,0.05660377358490566,-0.2358490566037736,0.2028301886792453,-0.41509433962264153,0.38207547169811323,-0.5141509433962265,0.49056603773584906,-0.6226415094339622,0.4339622641509434,-0.42452830188679247,0.47641509433962265,-0.29245283018867924,0.3584905660377358,-0.22641509433962265,0.2641509433962264,-0.2358490566037736,0.5047169811320755,-0.2971698113207547,0.5188679245283019,-0.17452830188679244,0.3915094339622642,-0.12735849056603774,0.29245283018867924,-0.1320754716981132,0.5424528301886793,-0.1509433962264151,0.5613207547169812,-0.07075471698113207,0.4386792452830189,-0.02830188679245283,0.33490566037735847,-0.03773584905660377,0.5518867924528302,-0.009433962264150943,0.7641509433962265,-0.04716981132075472,0.8962264150943396,-0.07075471698113207,1.0,-0.10377358490566038,0.0,0.0,-0.13618677042801555,-0.19844357976653695,-0.28793774319066145,-0.2840466926070039,-0.39299610894941633,-0.3968871595330739,-0.45136186770428016,-0.5019455252918288,-0.48638132295719844,-0.12840466926070038,-0.7392996108949417,-0.03501945525291829,-0.8871595330739299,0.011673151750972763,-1.0,0.054474708171206226,-0.48249027237354086,0.019455252918287938,-0.5914396887159533,0.058365758754863814,-0.5175097276264592,0.0311284046692607,-0.43190661478599224,0.0038910505836575876,-0.4280155642023346,0.14396887159533073,-0.5097276264591439,0.13229571984435798,-0.44357976653696496,0.11284046692607004,-0.36186770428015563,0.10116731517509728,-0.36964980544747084,0.24124513618677043,-0.4357976653696498,0.2178988326848249,-0.36964980544747084,0.19066147859922178,-0.3035019455252918,0.17509727626459143
5,0.0,0.0,0.04672897196261682,-0.22897196261682243,0.19158878504672897,-0.411214953271028,0.37850467289719625,-0.5046728971962616,0.49065420560747663,-0.602803738317757,0.4158878504672897,-0.4392523364485981,0.514018691588785,-0.29439252336448596,0.411214953271028,-0.21495327102803738,0.308411214953271,-0.21962616822429906,0.48598130841121495,-0.3037383177570093,0.5420560747663551,-0.16355140186915887,0.4205607476635514,-0.10747663551401869,0.3177570093457944,-0.12149532710280374,0.5233644859813084,-0.1542056074766355,0.5747663551401869,-0.04672897196261682,0.45794392523364486,0.0,0.35046728971962615,-0.009345794392523364,0.5420560747663551,-0.004672897196261682,0.7523364485981309,-0.0514018691588785,0.8878504672897196,-0.07476635514018691,1.0,-0.11214953271028037,0.0,0.0,-0.1411764705882353,-0.19607843137254902,-0.28627450980392155,-0.2901960784313726,-0.396078431372549,-0.41568627450980394,-0.44313725490196076,-0.5372549019607843,-0.49019607843137253,-0.12156862745098039,-0.7372549019607844,-0.03529411764705882,-0.8823529411764706,0.0196078431372549,-1.0,0.06274509803921569,-0.48627450980392156,0.0392156862745098,-0.6039215686274509,0.03529411764705882,-0.5333333333333333,0.0,-0.4470588235294118,-0.023529411764705882,-0.43137254901960786,0.1568627450980392,-0.5176470588235295,0.12941176470588237,-0.4627450980392157,0.10588235294117647,-0.3803921568627451,0.09411764705882353,-0.36470588235294116,0.25098039215686274,-0.4196078431372549,0.21176470588235294,-0.3607843137254902,0.1843137254901961,-0.29411764705882354,0.17647058823529413
5,0.0,0.0,0.04824561403508772,-0.2324561403508772,0.19298245614035087,-0.4166666666666667,0.3815789473684211,-0.5043859649122807,0.4956140350877193,-0.6096491228070176,0.4166666666666667,-0.4517543859649123,0.5087719298245614,-0.2982456140350877,0.3991228070175439,-0.2149122807017544,0.3026315789473684,-0.21929824561403508,0.4868421052631579,-0.3157894736842105,0.5350877192982456,-0.17105263157894737,0.40789473684210525,-0.10964912280701754,0.30701754385964913,-0.11842105263157894,0.5219298245614035,-0.16228070175438597,0.5701754385964912,-0.043859649122807015,0.45614035087719296,0.0043859649122807015,0.3508771929824561,0.0,0.543859649122807,-0.013157894736842105,0.7543859649122807,-0.05701754385964912,0.8859649122807017,-0.08333333333333333,1.0,-0.11842105263157894,0.0,0.0,-0.14855072463768115,-0.19202898550724637,-0.3007246376811594,-0.2753623188405797,-0.42028985507246375,-0.391304347826087,-0.48188405797101447,-0.5036231884057971,-0.4891304347826087,-0.11231884057971014,-0.7355072463768116,-0.043478260869565216,-0.8840579710144928,0.0036231884057971015,-1.0,0.043478260869565216,-0.4855072463768116,0.03985507246376811,-0.6268115942028986,0.021739130434782608,-0.5652173913043478,-0.014492753623188406,-0.4746376811594203,-0.03985507246376811,-0.43478260869565216,0.15579710144927536,-0.5507246376811594,0.10144927536231885,-0.4963768115942029,0.07971014492753623,-0.40942028985507245,0.07246376811594203,-0.3804347826086957,0.2427536231884058,-0.4601449275362319,0.19927536231884058,-0.4057971014492754,0.17028985507246377,-0.3333333333333333,0.15942028985507245
5,0.0,0.0,0.04201680672268908,-0.23529411764705882,0.18487394957983194,-0.42436974789915966,0.3739495798319328,-0.5168067226890757,0.4831932773109244,-0.6218487394957983,0.40756302521008403,-0.4579831932773109,0.5084033613445378,-0.3235294117647059,0.39915966386554624,-0.24789915966386555,0.3025210084033613,-0.25210084033613445,0.4789915966386555,-0.3277310924369748,0.5252100840336135,-0.18487394957983194,0.40336134453781514,-0.12605042016806722,0.3025210084033613,-0.14285714285714285,0.5126050420168067,-0.1722689075630252,0.5798319327731093,-0.06302521008403361,0.453781512605042,-0.012605042016806723,0.35294117647058826,-0.02100840336134454,0.5378151260504201,-0.02100840336134454,0.7478991596638656,-0.07563025210084033,0.8823529411764706,-0.10084033613445378,1.0,-0.13445378151260504,0.0,0.0,-0.14982578397212543,-0.20557491289198607,-0.3170731707317073,-0.27177700348432055,-0.445993031358885,-0.3554006968641115,-0.519163763066202,-0.43902439024390244,-0.49825783972125437,-0.1289198606271777,-0.7421602787456446,-0.04529616724738676,-0.8885017421602788,0.0,-1.0,0.03832752613240418,-0.49477351916376305,0.020905923344947737,-0.6167247386759582,0.03484320557491289,-0.5574912891986062,0.0,-0.47735191637630664,-0.024390243902439025,-0.4355400696864111,0.13937282229965156,-0.5331010452961672,0.11498257839721254,-0.47735191637630664,0.09407665505226481,-0.40069686411149824,0.08710801393728224,-0.37630662020905925,0.23693379790940766,-0.44947735191637633,0.1986062717770035,-0.3867595818815331,0.17770034843205576,-0.3170731707317073,0.1672473867595819
5,0.0,0.0,0.025,-0.25416666666666665,0.16666666666666666,-0.44166666666666665,0.35833333333333334,-0.5375,0.4708333333333333,-0.6458333333333334,0.42916666666666664,-0.4666666666666667,0.4583333333333333,-0.3541666666666667,0.35,-0.2875,0.26666666666666666,-0.2833333333333333,0.5083333333333333,-0.3333333333333333,0.49583333333333335,-0.2375,0.375,-0.1875,0.2791666666666667,-0.18333333333333332,0.5416666666666666,-0.18333333333333332,0.5541666666666667,-0.12083333333333333,0.43333333333333335,-0.08333333333333333,0.32916666666666666,-0.08333333333333333,0.5583333333333333,-0.0375,0.7625,-0.07916666666666666,0.8916666666666667,-0.1,1.0,-0.13333333333333333,0.0,0.0,-0.13559322033898305,-0.2033898305084746,-0.29491525423728815,-0.29491525423728815,-0.4067796610169492,-0.4067796610169492,-0.46440677966101696,-0.5288135593220339,-0.4847457627118644,-0.13220338983050847,-0.735593220338983,-0.04406779661016949,-0.8847457627118644,0.0,-1.0,0.04067796610169491,-0.4711864406779661,0.020338983050847456,-0.5966101694915255,0.03728813559322034,-0.5288135593220339,0.003389830508474576,-0.4440677966101695,-0.023728813559322035,-0.42033898305084744,0.13898305084745763,-0.5152542372881356,0.11186440677966102,-0.4576271186440678,0.09152542372881356,-0.376271186440678,0.0847457627118644,-0.3694915254237288,0.23728813559322035,-0.44745762711864406,0.2,-0.3864406779661017,0.17627118644067796,-0.3220338983050847,0.16610169491525423
5,0.0,0.0,0.029288702928870293,-0.26359832635983266,0.16736401673640167,-0.45188284518828453,0.3598326359832636,-0.5481171548117155,0.4769874476987448,-0.6610878661087866,0.4309623430962343,-0.46443514644351463,0.4476987447698745,-0.37656903765690375,0.34309623430962344,-0.3054393305439331,0.2594142259414226,-0.29707112970711297,0.5146443514644351,-0.3263598326359833,0.49372384937238495,-0.2594142259414226,0.3723849372384937,-0.20502092050209206,0.27615062761506276,-0.19246861924686193,0.5523012552301255,-0.17573221757322174,0.5523012552301255,-0.13389121338912133,0.4351464435146444,-0.100418410041841,0.3305439330543933,-0.09205020920502092,0.5732217573221757,-0.029288702928870293,0.7698744769874477,-0.07112970711297072,0.899581589958159,-0.100418410041841,1.0,-0.13389121338912133,0.0,0.0,-0.13377926421404682,-0.19732441471571907,-0.2909698996655518,-0.2842809364548495,-0.4013377926421405,-0.411371237458194,-0.45819397993311034,-0.5317725752508361,-0.4816053511705686,-0.13377926421404682,-0.7357859531772575,-0.043478260869565216,-0.882943143812709,0.0033444816053511705,-1.0,0.03678929765886288,-0.47157190635451507,0.013377926421404682,-0.6086956521739131,0.026755852842809364,-0.5384615384615384,-0.006688963210702341,-0.451505016722408,-0.030100334448160536,-0.4214046822742475,0.13377926421404682,-0.5351170568561873,0.11036789297658862,-0.47491638795986624,0.08695652173913043,-0.39464882943143814,0.07692307692307693,-0.36789297658862874,0.22742474916387959,-0.45484949832775917,0.20066889632107024,-0.4013377926421405,0.17391304347826086,-0.33444816053511706,0.1605351170568562
5,0.0,0.0,0.030303030303030304,-0.27705627705627706,0.17316017316017315,-0.46320346320346323,0.3593073593073593,-0.5627705627705628,0.4935064935064935,-0.6666666666666666,0.43722943722943725,-0.46320346320346323,0.4199134199134199,-0.4069264069264069,0.31601731601731603,-0.33766233766233766,0.23809523809523808,-0.3116883116883117,0.5194805194805194,-0.3203463203463203,0.4675324675324675,-0.27705627705627706,0.354978354978355,-0.23376623376623376,0.2727272727272727,-0.20346320346320346,0.5541125541125541,-0.17316017316017315,0.5238095238095238,-0.15584415584415584,0.4069264069264069,-0.12987012987012986,0.31601731601731603,-0.10822510822510822,0.5627705627705628,-0.03463203463203463,0.7662337662337663,-0.08225108225108226,0.8961038961038961,-0.11255411255411256,1.0,-0.1471861471861472,0.0,0.0,-0.14590747330960854,-0.21352313167259787,-0.3309608540925267,-0.27402135231316727,-0.47686832740213525,-0.3167259786476868,-0.5587188612099644,-0.3594306049822064,-0.498220640569395,-0.1423487544483986,-0.7473309608540926,-0.05693950177935943,-0.8896797153024911,-0.0071174377224199285,-1.0,0.03558718861209965,-0.48398576512455516,0.0035587188612099642,-0.6227758007117438,0.02491103202846975,-0.5551601423487544,-0.010676156583629894,-0.4697508896797153,-0.03558718861209965,-0.4306049822064057,0.12455516014234876,-0.5551601423487544,0.11387900355871886,-0.498220640569395,0.08540925266903915,-0.41637010676156583,0.0711743772241993,-0.3701067615658363,0.22419928825622776,-0.4804270462633452,0.20640569395017794,-0.42704626334519574,0.1708185053380783,-0.3594306049822064,0.15658362989323843
5,0.0,0.0,0.03571428571428571,-0.26785714285714285,0.17410714285714285,-0.45982142857142855,0.35714285714285715,-0.5625,0.49107142857142855,-0.6651785714285714,0.4375,-0.44642857142857145,0.42857142857142855,-0.4017857142857143,0.32589285714285715,-0.33482142857142855,0.24107142857142858,-0.30357142857142855,0.5178571428571429,-0.3169642857142857,0.48214285714285715,-0.27232142857142855,0.375,-0.23214285714285715,0.2857142857142857,-0.20982142857142858,0.5446428571428571,-0.16964285714285715,0.5401785714285714,-0.15178571428571427,0.42410714285714285,-0.125,0.33482142857142855,-0.10714285714285714,0.5535714285714286,-0.026785714285714284,0.7633928571428571,-0.09375,0.8973214285714286,-0.12946428571428573,1.0,-0.16517857142857142,0.0,0.0,-0.15129151291512916,-0.19557195571955718,-0.31365313653136534,-0.2730627306273063,-0.4317343173431734,-0.36531365313653136,-0.4944649446494465,-0.45387453874538747,-0.4907749077490775,-0.11808118081180811,-0.7453874538745388,-0.025830258302583026,-0.8892988929889298,0.02214022140221402,-1.0,0.06273062730627306,-0.4833948339483395,0.02952029520295203,-0.6162361623616236,0.04059040590405904,-0.5424354243542435,0.007380073800738007,-0.4575645756457565,-0.014760147601476014,-0.4317343173431734,0.14760147601476015,-0.5461254612546126,0.12915129151291513,-0.4833948339483395,0.1033210332103321,-0.4022140221402214,0.09225092250922509,-0.36900369003690037,0.23985239852398524,-0.46494464944649444,0.2177121771217712,-0.4059040590405904,0.1881918819188192,-0.33579335793357934,0.17343173431734318
5,0.0,0.0,0.041474654377880185,-0.25806451612903225,0.17972350230414746,-0.4423963133640553,0.35944700460829493,-0.543778801843318,0.4792626728110599,-0.6497695852534562,0.423963133640553,-0.4470046082949309,0.4377880184331797,-0.3640552995391705,0.33640552995391704,-0.29493087557603687,0.2488479262672811,-0.28110599078341014,0.4976958525345622,-0.31797235023041476,0.4930875576036866,-0.23963133640552994,0.3824884792626728,-0.1935483870967742,0.2995391705069124,-0.18433179723502305,0.5345622119815668,-0.16589861751152074,0.543778801843318,-0.11981566820276497,0.43317972350230416,-0.08755760368663594,0.33640552995391704,-0.07834101382488479,0.5483870967741935,-0.018433179723502304,0.7557603686635944,-0.07834101382488479,0.8940092165898618,-0.11059907834101383,1.0,-0.14746543778801843,0.0,0.0,-0.14772727272727273,-0.19318181818181818,-0.3106060606060606,-0.2727272727272727,-0.4393939393939394,-0.3712121212121212,-0.5151515151515151,-0.4621212121212121,-0.4962121212121212,-0.12121212121212122,-0.7424242424242424,-0.030303030303030304,-0.8863636363636364,0.015151515151515152,-1.0,0.04924242424242424,-0.48484848484848486,0.022727272727272728,-0.6098484848484849,0.041666666666666664,-0.5378787878787878,0.011363636363636364,-0.44696969696969696,-0.015151515151515152,-0.42803030303030304,0.14015151515151514,-0.5340909090909091,0.125,-0.4734848484848485,0.09848484848484848,-0.38636363636363635,0.08712121212121213,-0.36363636363636365,0.23484848484848486,-0.45454545454545453,0.2159090909090909,-0.3939393939393939,0.1856060606060606,-0.32954545454545453,0.16666666666666666
5,0.0,0.0,0.032407407407407406,-0.24537037037037038,0.1712962962962963,-0.4351851851851852,0.36574074074074076,-0.5324074074074074,0.48148148148148145,-0.6435185185185185,0.4166666666666667,-0.44907407407407407,0.4398148148148148,-0.3194444444444444,0.3333333333333333,-0.25,0.24537037037037038,-0.25,0.49537037037037035,-0.3148148148148148,0.49537037037037035,-0.2037037037037037,0.37037037037037035,-0.1527777777777778,0.2777777777777778,-0.14814814814814814,0.5370370370370371,-0.16203703703703703,0.5509259259259259,-0.08333333333333333,0.42592592592592593,-0.046296296296296294,0.3194444444444444,-0.05092592592592592,0.5555555555555556,-0.013888888888888888,0.7638888888888888,-0.05555555555555555,0.8935185185185185,-0.0787037037037037,1.0,-0.1111111111111111,0.0,0.0,-0.13970588235294118,-0.1948529411764706,-0.30514705882352944,-0.27205882352941174,-0.43014705882352944,-0.3602941176470588,-0.5,-0.4227941176470588,-0.4889705882352941,-0.12867647058823528,-0.7352941176470589,-0.04411764705882353,-0.8860294117647058,-0.003676470588235294,-1.0,0.029411764705882353,-0.4742647058823529,0.01838235294117647,-0.6029411764705882,0.051470588235294115,-0.5294117647058824,0.025735294117647058,-0.4411764705882353,0.0,-0.4264705882352941,0.13970588235294118,-0.5147058823529411,0.125,-0.4522058823529412,0.10661764705882353,-0.3713235294117647,0.09558823529411764,-0.3713235294117647,0.23897058823529413,-0.4485294117647059,0.21323529411764705,-0.38235294117647056,0.19117647058823528,-0.3161764705882353,0.17647058823529413
5,0.0,0.0,0.03643724696356275,-0.23481781376518218,0.17813765182186234,-0.41700404858299595,0.3603238866396761,-0.5141700404858299,0.48582995951417,-0.6153846153846154,0.41700404858299595,-0.4493927125506073,0.46963562753036436,-0.29959514170040485,0.3603238866396761,-0.22267206477732793,0.2631578947368421,-0.22672064777327935,0.4939271255060729,-0.31983805668016196,0.5141700404858299,-0.18218623481781376,0.39271255060728744,-0.12955465587044535,0.291497975708502,-0.12955465587044535,0.5344129554655871,-0.1700404858299595,0.5668016194331984,-0.06477732793522267,0.4534412955465587,-0.024291497975708502,0.3522267206477733,-0.032388663967611336,0.5506072874493927,-0.016194331983805668,0.757085020242915,-0.05668016194331984,0.8906882591093117,-0.08097165991902834,1.0,-0.11336032388663968,0.0,0.0,-0.125,-0.19407894736842105,-0.29276315789473684,-0.28289473684210525,-0.40789473684210525,-0.375,-0.47368421052631576,-0.4901315789473684,-0.4868421052631579,-0.13486842105263158,-0.7302631578947368,-0.046052631578947366,-0.881578947368421,0.003289473684210526,-1.0,0.046052631578947366,-0.47368421052631576,0.009868421052631578,-0.5822368421052632,0.05263157894736842,-0.506578947368421,0.029605263157894735,-0.4144736842105263,0.006578947368421052,-0.4243421052631579,0.13815789473684212,-0.5,0.13157894736842105,-0.4342105263157895,0.11513157894736842,-0.34868421052631576,0.10526315789473684,-0.3717105263157895,0.24671052631578946,-0.4342105263157895,0.2236842105263158,-0.3684210526315789,0.20065789473684212,-0.2993421052631579,0.1875
5,0.0,0.0,0.027972027972027972,-0.25874125874125875,0.17482517482517482,-0.4370629370629371,0.36013986013986016,-0.5314685314685315,0.4825174825174825,-0.6328671328671329,0.43006993006993005,-0.45104895104895104,0.4230769230769231,-0.38461538461538464,0.3146853146853147,-0.3076923076923077,0.23426573426573427,-0.2902097902097902,0.5034965034965035,-0.3146853146853147,0.47202797202797203,-0.2517482517482518,0.3531468531468531,-0.20279720279720279,0.26573426573426573,-0.1888111888111888,0.5384615384615384,-0.16783216783216784,0.5244755244755245,-0.1258741258741259,0.4020979020979021,-0.0979020979020979,0.3076923076923077,-0.09090909090909091,0.5454545454545454,-0.024475524475524476,0.7552447552447552,-0.07342657342657342,0.8881118881118881,-0.0979020979020979,1.0,-0.13286713286713286,0.0,0.0,-0.1359773371104816,-0.20679886685552407,-0.311614730878187,-0.254957507082153,-0.48158640226628896,-0.24362606232294617,-0.5864022662889519,-0.22946175637393768,-0.49291784702549574,-0.1388101983002833,-0.7365439093484419,-0.059490084985835696,-0.8838526912181303,-0.014164305949008499,-1.0,0.025495750708215296,-0.49008498583569404,0.0056657223796034,-0.5864022662889519,0.0056657223796034,-0.5212464589235127,-0.014164305949008499,-0.44192634560906513,-0.028328611898016998,-0.4447592067988669,0.1274787535410765,-0.5155807365439093,0.08781869688385269,-0.45609065155807366,0.07365439093484419,-0.38243626062322944,0.0764872521246459,-0.39660056657223797,0.22662889518413598,-0.45609065155807366,0.18696883852691218,-0.39943342776203966,0.1671388101983003,-0.3342776203966006,0.16147308781869688
5,0.0,0.0,0.036036036036036036,-0.25825825825825827,0.1891891891891892,-0.43843843843843844,0.36936936936936937,-0.5315315315315315,0.48348348348348347,-0.6366366366366366,0.43543543543543545,-0.45345345345345345,0.4024024024024024,-0.3963963963963964,0.29429429429429427,-0.32432432432432434,0.21921921921921922,-0.3003003003003003,0.5105105105105106,-0.3213213213213213,0.4624624624624625,-0.2672672672672673,0.34534534534534533,-0.21921921921921922,0.25825825825825827,-0.2012012012012012,0.5435435435435435,-0.17117117117117117,0.5255255255255256,-0.14414414414414414,0.3963963963963964,-0.11411411411411411,0.3033033033033033,-0.1021021021021021,0.5525525525525525,-0.02702702702702703,0.7567567567567568,-0.07207207207207207,0.8888888888888888,-0.0990990990990991,1.0,-0.13213213213213212,0.0,0.0,-0.1362530413625304,-0.20681265206812652,-0.30170316301703165,-0.2871046228710462,-0.41605839416058393,-0.36009732360097324,-0.49635036496350365,-0.41849148418491483,-0.49148418491484186,-0.1435523114355231,-0.7347931873479319,-0.0681265206812652,-0.8832116788321168,-0.019464720194647202,-1.0,0.019464720194647202,-0.49148418491484186,0.0072992700729927005,-0.5888077858880778,-0.0170316301703163,-0.5182481751824818,-0.038929440389294405,-0.43795620437956206,-0.051094890510948905,-0.45012165450121655,0.12895377128953772,-0.5182481751824818,0.06569343065693431,-0.45742092457420924,0.0535279805352798,-0.3819951338199513,0.058394160583941604,-0.40389294403892945,0.22384428223844283,-0.46228710462287104,0.1654501216545012,-0.40145985401459855,0.145985401459854,-0.3357664233576642,0.1435523114355231
5,0.0,0.0,0.03235294117647059,-0.2676470588235294,0.18235294117647058,-0.45588235294117646,0.36470588235294116,-0.5529411764705883,0.47352941176470587,-0.6588235294117647,0.4264705882352941,-0.4676470588235294,0.40588235294117647,-0.4,0.3029411764705882,-0.32941176470588235,0.22941176470588234,-0.31176470588235294,0.5058823529411764,-0.3352941176470588,0.45588235294117646,-0.2735294117647059,0.34411764705882353,-0.22647058823529412,0.2647058823529412,-0.2088235294117647,0.5352941176470588,-0.18235294117647058,0.5117647058823529,-0.15294117647058825,0.3911764705882353,-0.12352941176470589,0.3029411764705882,-0.10882352941176471,0.5470588235294118,-0.03823529411764706,0.7558823529411764,-0.08235294117647059,0.8852941176470588,-0.10882352941176471,1.0,-0.1411764705882353,0.0,0.0,-0.13145539906103287,-0.19953051643192488,-0.2887323943661972,-0.284037558685446,-0.39906103286384975,-0.3826291079812207,-0.45539906103286387,-0.47183098591549294,-0.4835680751173709,-0.13849765258215962,-0.7370892018779343,-0.06572769953051644,-0.8849765258215962,-0.023474178403755867,-1.0,0.011737089201877934,-0.48826291079812206,0.014084507042253521,-0.5915492957746479,-0.002347417840375587,-0.5234741784037559,-0.025821596244131457,-0.43896713615023475,-0.04460093896713615,-0.44835680751173707,0.13145539906103287,-0.5140845070422535,0.07042253521126761,-0.45305164319248825,0.056338028169014086,-0.3732394366197183,0.05868544600938967,-0.4014084507042254,0.22300469483568075,-0.44366197183098594,0.1619718309859155,-0.3873239436619718,0.1431924882629108,-0.323943661971831,0.13849765258215962
5,0.0,0.0,0.04501607717041801,-0.2508038585209003,0.19292604501607716,-0.4437299035369775,0.37942122186495175,-0.5434083601286174,0.4790996784565916,-0.6559485530546624,0.4180064308681672,-0.45980707395498394,0.4340836012861736,-0.33440514469453375,0.3279742765273312,-0.26366559485530544,0.24437299035369775,-0.2604501607717042,0.4919614147909968,-0.3279742765273312,0.4855305466237942,-0.21221864951768488,0.3633440514469453,-0.1639871382636656,0.2765273311897106,-0.1639871382636656,0.5305466237942122,-0.17363344051446947,0.5434083601286174,-0.09967845659163987,0.42443729903536975,-0.05787781350482315,0.3279742765273312,-0.06109324758842444,0.5466237942122186,-0.02572347266881029,0.7588424437299035,-0.0707395498392283,0.8906752411575563,-0.0932475884244373,1.0,-0.12861736334405144,0.0,0.0,-0.1272264631043257,-0.2010178117048346,-0.2824427480916031,-0.2900763358778626,-0.4020356234096692,-0.3994910941475827,-0.455470737913486,-0.5038167938931297,-0.4961832061068702,-0.13994910941475827,-0.7353689567430025,-0.0737913486005089,-0.8854961832061069,-0.035623409669211195,-1.0,0.0,-0.4961832061068702,0.0,-0.5776081424936387,-0.005089058524173028,-0.5089058524173028,-0.02544529262086514,-0.43256997455470736,-0.03816793893129771,-0.45038167938931295,0.11195928753180662,-0.5012722646310432,0.07633587786259542,-0.44783715012722647,0.05597964376590331,-0.37659033078880405,0.05089058524173028,-0.3969465648854962,0.2010178117048346,-0.43256997455470736,0.15776081424936386,-0.3791348600508906,0.13231552162849872,-0.31806615776081426,0.11959287531806616
5,0.0,0.0,0.04296875,-0.23828125,0.18359375,-0.4296875,0.3671875,-0.5390625,0.47265625,-0.65234375,0.40234375,-0.4609375,0.4765625,-0.3203125,0.375,-0.25,0.27734375,-0.25390625,0.4765625,-0.328125,0.51953125,-0.1953125,0.39453125,-0.14453125,0.30078125,-0.15234375,0.515625,-0.1796875,0.56640625,-0.08203125,0.453125,-0.04296875,0.34765625,-0.05078125,0.5390625,-0.02734375,0.75,-0.078125,0.8828125,-0.109375,1.0,-0.14453125,0.0,0.0,-0.14330218068535824,-0.19937694704049844,-0.30218068535825543,-0.2772585669781931,-0.4236760124610592,-0.3987538940809969,-0.48909657320872274,-0.5046728971962616,-0.4984423676012461,-0.12149532710280374,-0.7476635514018691,-0.040498442367601244,-0.8878504672897196,0.003115264797507788,-1.0,0.04672897196261682,-0.48909657320872274,0.024922118380062305,-0.6199376947040498,0.04361370716510903,-0.5607476635514018,0.009345794392523364,-0.48286604361370716,-0.021806853582554516,-0.43302180685358255,0.14018691588785046,-0.5264797507788161,0.11526479750778816,-0.4766355140186916,0.08722741433021806,-0.3987538940809969,0.07165109034267912,-0.37694704049844235,0.22741433021806853,-0.43613707165109034,0.1838006230529595,-0.38317757009345793,0.1557632398753894,-0.3177570093457944,0.14018691588785046
5,0.0,0.0,0.03398058252427184,-0.2524271844660194,0.16990291262135923,-0.45145631067961167,0.35436893203883496,-0.5533980582524272,0.4563106796116505,-0.6601941747572816,0.4029126213592233,-0.470873786407767,0.5048543689320388,-0.3737864077669903,0.4029126213592233,-0.2912621359223301,0.3058252427184466,-0.2815533980582524,0.48058252427184467,-0.33980582524271846,0.5194174757281553,-0.23786407766990292,0.39805825242718446,-0.1796116504854369,0.2961165048543689,-0.1796116504854369,0.5194174757281553,-0.18932038834951456,0.5728155339805825,-0.10679611650485436,0.44660194174757284,-0.06796116504854369,0.3446601941747573,-0.06796116504854369,0.5388349514563107,-0.038834951456310676,0.7524271844660194,-0.10194174757281553,0.8883495145631068,-0.13592233009708737,1.0,-0.1796116504854369,0.0,0.0,-0.13565891472868216,-0.1937984496124031,-0.28294573643410853,-0.2868217054263566,-0.3992248062015504,-0.3992248062015504,-0.46124031007751937,-0.5116279069767442,-0.5038759689922481,-0.11627906976744186,-0.7441860465116279,-0.027131782945736434,-0.8875968992248062,0.023255813953488372,-1.0,0.06589147286821706,-0.5038759689922481,0.027131782945736434,-0.5775193798449613,0.03488372093023256,-0.49612403100775193,0.011627906976744186,-0.42248062015503873,-0.011627906976744186,-0.4496124031007752,0.1434108527131783,-0.49612403100775193,0.12403100775193798,-0.43410852713178294,0.10077519379844961,-0.3682170542635659,0.09302325581395349,-0.3953488372093023,0.24031007751937986,-0.4263565891472868,0.20155038759689922,-0.3682170542635659,0.17829457364341086,-0.3023255813953488,0.16666666666666666
5,0.0,0.0,0.04918032786885246,-0.22950819672131148,0.18032786885245902,-0.4207650273224044,0.3551912568306011,-0.5245901639344263,0.4644808743169399,-0.6338797814207651,0.3989071038251366,-0.453551912568306,0.5355191256830601,-0.34972677595628415,0.4371584699453552,-0.273224043715847,0.3333333333333333,-0.2677595628415301,0.47540983606557374,-0.3224043715846995,0.546448087431694,-0.22404371584699453,0.4262295081967213,-0.16393442622950818,0.3224043715846995,-0.17486338797814208,0.5136612021857924,-0.17486338797814208,0.5846994535519126,-0.10382513661202186,0.47540983606557374,-0.0546448087431694,0.37158469945355194,-0.060109289617486336,0.5355191256830601,-0.0273224043715847,0.7486338797814208,-0.09289617486338798,0.8852459016393442,-0.11475409836065574,1.0,-0.14754098360655737,0.0,0.0,-0.1382488479262673,-0.1935483870967742,-0.2764976958525346,-0.2903225806451613,-0.3824884792626728,-0.41935483870967744,-0.4423963133640553,-0.543778801843318,-0.4930875576036866,-0.11059907834101383,-0.7419354838709677,-0.027649769585253458,-0.8847926267281107,0.018433179723502304,-1.0,0.059907834101382486,-0.4930875576036866,0.05069124423963134,-0.5668202764976958,0.03225806451612903,-0.4930875576036866,0.0,-0.4147465437788018,-0.02304147465437788,-0.4377880184331797,0.16589861751152074,-0.48847926267281105,0.12442396313364056,-0.423963133640553,0.10138248847926268,-0.3456221198156682,0.09216589861751152,-0.37327188940092165,0.2534562211981567,-0.4055299539170507,0.21658986175115208,-0.3456221198156682,0.1889400921658986,-0.28110599078341014,0.17972350230414746
5,0.0,0.0,0.04819277108433735,-0.2289156626506024,0.18072289156626506,-0.42168674698795183,0.3493975903614458,-0.5301204819277109,0.45180722891566266,-0.6445783132530121,0.39156626506024095,-0.4578313253012048,0.536144578313253,-0.35542168674698793,0.45180722891566266,-0.2710843373493976,0.3433734939759036,-0.26506024096385544,0.463855421686747,-0.3313253012048193,0.5421686746987951,-0.22289156626506024,0.42771084337349397,-0.16265060240963855,0.3192771084337349,-0.1746987951807229,0.5060240963855421,-0.18072289156626506,0.5783132530120482,-0.0963855421686747,0.463855421686747,-0.05421686746987952,0.3614457831325301,-0.060240963855421686,0.5301204819277109,-0.030120481927710843,0.7469879518072289,-0.0963855421686747,0.8855421686746988,-0.12650602409638553,1.0,-0.16265060240963855,0.0,0.0,-0.14720812182741116,-0.19289340101522842,-0.29949238578680204,-0.2639593908629442,-0.40609137055837563,-0.350253807106599,-0.4720812182741117,-0.4365482233502538,-0.4873096446700508,-0.09644670050761421,-0.7360406091370558,-0.02030456852791878,-0.883248730964467,0.030456852791878174,-1.0,0.07106598984771574,-0.48223350253807107,0.050761421319796954,-0.583756345177665,0.050761421319796954,-0.5126903553299492,0.015228426395939087,-0.4365482233502538,-0.01015228426395939,-0.43147208121827413,0.16751269035532995,-0.5025380710659898,0.13705583756345177,-0.4416243654822335,0.1116751269035533,-0.3604060913705584,0.10152284263959391,-0.37055837563451777,0.25888324873096447,-0.41116751269035534,0.2233502538071066,-0.3553299492385787,0.19289340101522842,-0.28426395939086296,0.17766497461928935
5,0.0,0.0,0.04,-0.23333333333333334,0.16666666666666666,-0.4266666666666667,0.3466666666666667,-0.54,0.44666666666666666,-0.6533333333333333,0.3933333333333333,-0.4666666666666667,0.5466666666666666,-0.3466666666666667,0.4666666666666667,-0.26666666666666666,0.36,-0.25333333333333335,0.46,-0.34,0.5533333333333333,-0.21333333333333335,0.4266666666666667,-0.14666666666666667,0.32666666666666666,-0.16,0.5066666666666667,-0.18666666666666668,0.5866666666666667,-0.09333333333333334,0.4666666666666667,-0.04,0.36666666666666664,-0.04666666666666667,0.5333333333333333,-0.03333333333333333,0.7466666666666667,-0.08666666666666667,0.8866666666666667,-0.11333333333333333,1.0,-0.14666666666666667,0.0,0.0,-0.14606741573033707,-0.1797752808988764,-0.29213483146067415,-0.2640449438202247,-0.39325842696629215,-0.38764044943820225,-0.4550561797752809,-0.5,-0.5,-0.09550561797752809,-0.7415730337078652,-0.02247191011235955,-0.8876404494382022,0.02247191011235955,-1.0,0.056179775280898875,-0.5,0.056179775280898875,-0.5617977528089888,0.028089887640449437,-0.48314606741573035,-0.011235955056179775,-0.398876404494382,-0.03932584269662921,-0.4438202247191011,0.17415730337078653,-0.47191011235955055,0.12359550561797752,-0.4101123595505618,0.09550561797752809,-0.3202247191011236,0.08426966292134831,-0.38202247191011235,0.2696629213483146,-0.38202247191011235,0.21910112359550563,-0.3258426966292135,0.19101123595505617,-0.25842696629213485,0.17415730337078653
5,0.0,0.0,0.041379310344827586,-0.22758620689655173,0.1793103448275862,-0.4206896551724138,0.35172413793103446,-0.5310344827586206,0.45517241379310347,-0.6482758620689655,0.3931034482758621,-0.46206896551724136,0.5379310344827586,-0.35172413793103446,0.4482758620689655,-0.2689655172413793,0.3448275862068966,-0.2620689655172414,0.4689655172413793,-0.3310344827586207,0.5448275862068965,-0.2206896551724138,0.42758620689655175,-0.15172413793103448,0.32413793103448274,-0.15862068965517243,0.5103448275862069,-0.1793103448275862,0.5862068965517241,-0.09655172413793103,0.4689655172413793,-0.041379310344827586,0.3586206896551724,-0.04827586206896552,0.5379310344827586,-0.027586206896551724,0.7448275862068966,-0.08275862068965517,0.8827586206896552,-0.1103448275862069,1.0,-0.14482758620689656,0.0,0.0,-0.14942528735632185,-0.19540229885057472,-0.29310344827586204,-0.27586206896551724,-0.39655172413793105,-0.3850574712643678,-0.4482758620689655,-0.4885057471264368,-0.4942528735632184,-0.10919540229885058,-0.735632183908046,-0.028735632183908046,-0.8850574712643678,0.017241379310344827,-1.0,0.05172413793103448,-0.4885057471264368,0.040229885057471264,-0.5689655172413793,0.034482758620689655,-0.4885057471264368,0.0,-0.40804597701149425,-0.022988505747126436,-0.4367816091954023,0.15517241379310345,-0.4827586206896552,0.12643678160919541,-0.41954022988505746,0.10919540229885058,-0.3390804597701149,0.09195402298850575,-0.3735632183908046,0.25287356321839083,-0.39655172413793105,0.21264367816091953,-0.3333333333333333,0.1839080459770115,-0.27011494252873564,0.1724137931034483
5,0.0,0.0,0.0392156862745098,-0.22875816993464052,0.16993464052287582,-0.41830065359477125,0.3464052287581699,-0.5228758169934641,0.45098039215686275,-0.6274509803921569,0.39215686274509803,-0.46405228758169936,0.5294117647058824,-0.35294117647058826,0.42483660130718953,-0.26143790849673204,0.3202614379084967,-0.2549019607843137,0.46405228758169936,-0.3333333333333333,0.5424836601307189,-0.2222222222222222,0.42483660130718953,-0.1503267973856209,0.3202614379084967,-0.1568627450980392,0.5098039215686274,-0.1830065359477124,0.5816993464052288,-0.0915032679738562,0.46405228758169936,-0.032679738562091505,0.35294117647058826,-0.0392156862745098,0.5359477124183006,-0.032679738562091505,0.7516339869281046,-0.08496732026143791,0.8888888888888888,-0.1111111111111111,1.0,-0.1437908496732026,0.0,0.0,-0.14835164835164835,-0.1978021978021978,-0.3076923076923077,-0.2692307692307692,-0.41208791208791207,-0.37362637362637363,-0.47802197802197804,-0.4725274725274725,-0.4945054945054945,-0.10989010989010989,-0.7362637362637363,-0.027472527472527472,-0.8901098901098901,0.027472527472527472,-1.0,0.06593406593406594,-0.4835164835164835,0.038461538461538464,-0.5879120879120879,0.04395604395604396,-0.5164835164835165,0.01098901098901099,-0.4340659340659341,-0.016483516483516484,-0.42857142857142855,0.15934065934065933,-0.510989010989011,0.13186813186813187,-0.45054945054945056,0.10989010989010989,-0.36813186813186816,0.0989010989010989,-0.36813186813186816,0.25824175824175827,-0.4230769230769231,0.21428571428571427,-0.36813186813186816,0.18681318681318682,-0.3021978021978022,0.17032967032967034
5,0.0,0.0,0.022598870056497175,-0.23728813559322035,0.15819209039548024,-0.423728813559322,0.3389830508474576,-0.5141242937853108,0.4519774011299435,-0.6214689265536724,0.4067796610169492,-0.4576271186440678,0.4745762711864407,-0.3615819209039548,0.3615819209039548,-0.2768361581920904,0.2542372881355932,-0.2655367231638418,0.480225988700565,-0.3220338983050847,0.5141242937853108,-0.23163841807909605,0.3785310734463277,-0.1638418079096045,0.2824858757062147,-0.1638418079096045,0.519774011299435,-0.1694915254237288,0.559322033898305,-0.0903954802259887,0.4293785310734463,-0.04519774011299435,0.3163841807909605,-0.04519774011299435,0.5423728813559322,-0.022598870056497175,0.7457627118644068,-0.06779661016949153,0.8813559322033898,-0.0903954802259887,1.0,-0.11299435028248588,0.0,0.0,-0.13023255813953488,-0.1813953488372093,-0.2837209302325581,-0.27906976744186046,-0.3767441860465116,-0.4046511627906977,-0.4186046511627907,-0.5348837209302325,-0.4790697674418605,-0.11627906976744186,-0.7255813953488373,-0.03255813953488372,-0.8790697674418605,0.009302325581395349,-1.0,0.05116279069767442,-0.4744186046511628,0.023255813953488372,-0.5674418604651162,0.046511627906976744,-0.4883720930232558,0.013953488372093023,-0.4,-0.018604651162790697,-0.4232558139534884,0.15348837209302327,-0.49767441860465117,0.15348837209302327,-0.42790697674418604,0.12558139534883722,-0.35348837209302325,0.10697674418604651,-0.3627906976744186,0.2558139534883721,-0.413953488372093,0.23255813953488372,-0.3488372093023256,0.2,-0.28837209302325584,0.19069767441860466
5,0.0,0.0,0.014084507042253521,-0.2300469483568075,0.1596244131455399,-0.4225352112676056,0.3474178403755869,-0.5211267605633803,0.4460093896713615,-0.6384976525821596,0.39906103286384975,-0.4647887323943662,0.49765258215962443,-0.3427230046948357,0.39436619718309857,-0.24882629107981222,0.3004694835680751,-0.23943661971830985,0.47417840375586856,-0.3333333333333333,0.5305164319248826,-0.2112676056338028,0.40375586854460094,-0.14084507042253522,0.3051643192488263,-0.14553990610328638,0.5164319248826291,-0.1784037558685446,0.568075117370892,-0.07981220657276995,0.4460093896713615,-0.028169014084507043,0.3380281690140845,-0.028169014084507043,0.539906103286385,-0.028169014084507043,0.7511737089201878,-0.07042253521126761,0.8826291079812206,-0.09389671361502347,1.0,-0.1267605633802817,0.0,0.0,-0.12692307692307692,-0.2,-0.27692307692307694,-0.29615384615384616,-0.38076923076923075,-0.41923076923076924,-0.4346153846153846,-0.5346153846153846,-0.4846153846153846,-0.13076923076923078,-0.7307692307692307,-0.046153846153846156,-0.8807692307692307,0.0038461538461538464,-1.0,0.046153846153846156,-0.4846153846153846,0.015384615384615385,-0.573076923076923,0.019230769230769232,-0.49230769230769234,-0.007692307692307693,-0.4115384615384615,-0.023076923076923078,-0.4269230769230769,0.13846153846153847,-0.49230769230769234,0.11153846153846154,-0.4307692307692308,0.09615384615384616,-0.35,0.08846153846153847,-0.36538461538461536,0.23846153846153847,-0.4076923076923077,0.20384615384615384,-0.34615384615384615,0.18461538461538463,-0.28076923076923077,0.18076923076923077
5,0.0,0.0,0.020491803278688523,-0.23770491803278687,0.16393442622950818,-0.4262295081967213,0.3483606557377049,-0.5245901639344263,0.45081967213114754,-0.6434426229508197,0.4057377049180328,-0.46311475409836067,0.47540983606557374,-0.3524590163934426,0.36475409836065575,-0.26229508196721313,0.26229508196721313,-0.2540983606557377,0.47540983606557374,-0.3237704918032787,0.5081967213114754,-0.22131147540983606,0.3770491803278688,-0.1557377049180328,0.27459016393442626,-0.1557377049180328,0.5163934426229508,-0.1680327868852459,0.5532786885245902,-0.09016393442622951,0.4262295081967213,-0.045081967213114756,0.3155737704918033,-0.04918032786885246,0.5368852459016393,-0.02459016393442623,0.7418032786885246,-0.06557377049180328,0.8770491803278688,-0.09016393442622951,1.0,-0.12295081967213115,0.0,0.0,-0.1419141914191419,-0.20132013201320131,-0.29372937293729373,-0.29042904290429045,-0.40264026402640263,-0.4158415841584158,-0.45544554455445546,-0.5412541254125413,-0.49504950495049505,-0.132013201320132,-0.735973597359736,-0.0429042904290429,-0.8844884488448845,0.006600660066006601,-1.0,0.0462046204620462,-0.49174917491749176,0.0231023102310231,-0.6006600660066007,0.0231023102310231,-0.5313531353135313,-0.013201320132013201,-0.44554455445544555,-0.033003300330033,-0.43564356435643564,0.14521452145214522,-0.5181518151815182,0.10561056105610561,-0.46204620462046203,0.0858085808580858,-0.3795379537953795,0.07920792079207921,-0.37623762376237624,0.2376237623762376,-0.429042904290429,0.18811881188118812,-0.36633663366336633,0.16501650165016502,-0.30033003300330036,0.15841584158415842
5,0.0,0.0,0.034482758620689655,-0.24904214559386972,0.1685823754789272,-0.44061302681992337,0.3486590038314176,-0.5440613026819924,0.4482758620689655,-0.6704980842911877,0.3946360153256705,-0.4674329501915709,0.5095785440613027,-0.3524904214559387,0.4099616858237548,-0.26436781609195403,0.31417624521072796,-0.2567049808429119,0.4674329501915709,-0.3333333333333333,0.5210727969348659,-0.210727969348659,0.39080459770114945,-0.14942528735632185,0.29118773946360155,-0.15708812260536398,0.5057471264367817,-0.18007662835249041,0.5593869731800766,-0.08045977011494253,0.4329501915708812,-0.03065134099616858,0.32950191570881227,-0.038314176245210725,0.5325670498084292,-0.019157088122605363,0.7432950191570882,-0.06896551724137931,0.8812260536398467,-0.08812260536398467,1.0,-0.11877394636015326,0.0,0.0,-0.14551083591331268,-0.19814241486068113,-0.30340557275541796,-0.29102167182662536,-0.4086687306501548,-0.4241486068111455,-0.46439628482972134,-0.5541795665634675,-0.5015479876160991,-0.13312693498452013,-0.7430340557275542,-0.05263157894736842,-0.8885448916408669,-0.0030959752321981426,-1.0,0.03715170278637771,-0.4984520123839009,0.02476780185758514,-0.631578947368421,0.01238390092879257,-0.56656346749226,-0.021671826625386997,-0.48297213622291024,-0.04643962848297214,-0.4458204334365325,0.14241486068111456,-0.5541795665634675,0.10835913312693499,-0.5015479876160991,0.08668730650154799,-0.4241486068111455,0.07739938080495357,-0.38699690402476783,0.23219814241486067,-0.4458204334365325,0.18575851393188855,-0.38390092879256965,0.15789473684210525,-0.3126934984520124,0.14551083591331268
5,0.0,0.0,0.028455284552845527,-0.25203252032520324,0.15447154471544716,-0.44715447154471544,0.33739837398373984,-0.5528455284552846,0.44308943089430897,-0.6707317073170732,0.4065040650406504,-0.46747967479674796,0.516260162601626,-0.3617886178861789,0.4146341463414634,-0.2764227642276423,0.32113821138211385,-0.26422764227642276,0.4796747967479675,-0.3333333333333333,0.5203252032520326,-0.22357723577235772,0.3902439024390244,-0.17073170731707318,0.2886178861788618,-0.17479674796747968,0.5121951219512195,-0.17886178861788618,0.5528455284552846,-0.1016260162601626,0.4268292682926829,-0.06097560975609756,0.32113821138211385,-0.06504065040650407,0.5365853658536586,-0.02032520325203252,0.7479674796747967,-0.07317073170731707,0.8821138211382114,-0.09349593495934959,1.0,-0.12195121951219512,0.0,0.0,-0.13680781758957655,-0.19543973941368079,-0.28338762214983715,-0.2899022801302932,-0.39087947882736157,-0.40716612377850164,-0.44625407166123776,-0.5146579804560261,-0.49185667752442996,-0.1270358306188925,-0.739413680781759,-0.05537459283387622,-0.8892508143322475,-0.009771986970684038,-1.0,0.029315960912052116,-0.498371335504886,0.029315960912052116,-0.5765472312703583,-0.009771986970684038,-0.501628664495114,-0.03908794788273615,-0.4169381107491857,-0.05537459283387622,-0.44625407166123776,0.14332247557003258,-0.5146579804560261,0.08469055374592833,-0.4495114006514658,0.06514657980456026,-0.36807817589576547,0.05863192182410423,-0.38762214983713356,0.23127035830618892,-0.41368078175895767,0.16938110749185667,-0.3550488599348534,0.14332247557003258,-0.2931596091205212,0.13680781758957655
5,0.0,0.0,0.023255813953488372,-0.2558139534883721,0.14883720930232558,-0.46511627906976744,0.33488372093023255,-0.5767441860465117,0.4558139534883721,-0.6976744186046512,0.40930232558139534,-0.4790697674418605,0.5302325581395348,-0.386046511627907,0.4325581395348837,-0.3023255813953488,0.33488372093023255,-0.28837209302325584,0.4744186046511628,-0.3488372093023256,0.5302325581395348,-0.24651162790697675,0.40930232558139534,-0.18604651162790697,0.30697674418604654,-0.19069767441860466,0.5116279069767442,-0.19069767441860466,0.5674418604651162,-0.11627906976744186,0.44651162790697674,-0.06976744186046512,0.33488372093023255,-0.07441860465116279,0.5348837209302325,-0.037209302325581395,0.7534883720930232,-0.08837209302325581,0.8837209302325582,-0.12093023255813953,1.0,-0.15813953488372093,0.0,0.0,-0.1434108527131783,-0.1937984496124031,-0.28294573643410853,-0.29457364341085274,-0.39147286821705424,-0.4263565891472868,-0.437984496124031,-0.5542635658914729,-0.5038759689922481,-0.12015503875968993,-0.748062015503876,-0.031007751937984496,-0.8914728682170543,0.027131782945736434,-1.0,0.06976744186046512,-0.5038759689922481,0.03875968992248062,-0.5697674418604651,0.023255813953488372,-0.49224806201550386,-0.003875968992248062,-0.4069767441860465,-0.01937984496124031,-0.44573643410852715,0.16279069767441862,-0.4689922480620155,0.1124031007751938,-0.4108527131782946,0.09302325581395349,-0.34108527131782945,0.08527131782945736,-0.3798449612403101,0.26356589147286824,-0.3992248062015504,0.20155038759689922,-0.34108527131782945,0.1744186046511628,-0.27906976744186046,0.16666666666666666
5,0.0,0.0,0.014925373134328358,-0.25870646766169153,0.14427860696517414,-0.4527363184079602,0.32338308457711445,-0.5671641791044776,0.44776119402985076,-0.6865671641791045,0.40298507462686567,-0.47761194029850745,0.5124378109452736,-0.4228855721393035,0.417910447761194,-0.3333333333333333,0.32338308457711445,-0.3034825870646766,0.47761194029850745,-0.3333333333333333,0.5223880597014925,-0.2736318407960199,0.39800995024875624,-0.21393034825870647,0.29850746268656714,-0.20398009950248755,0.5223880597014925,-0.1791044776119403,0.5572139303482587,-0.13432835820895522,0.43283582089552236,-0.09950248756218906,0.32338308457711445,-0.0945273631840796,0.5522388059701493,-0.024875621890547265,0.7562189054726368,-0.0845771144278607,0.8855721393034826,-0.11442786069651742,1.0,-0.14925373134328357,0.0,0.0,-0.13934426229508196,-0.20081967213114754,-0.28688524590163933,-0.3114754098360656,-0.4016393442622951,-0.4344262295081967,-0.46311475409836067,-0.5491803278688525,-0.4918032786885246,-0.12704918032786885,-0.7540983606557377,-0.036885245901639344,-0.8934426229508197,0.01639344262295082,-1.0,0.05737704918032787,-0.4918032786885246,0.040983606557377046,-0.6065573770491803,0.040983606557377046,-0.5327868852459017,0.00819672131147541,-0.4344262295081967,-0.012295081967213115,-0.4385245901639344,0.1598360655737705,-0.48770491803278687,0.10655737704918032,-0.4262295081967213,0.0860655737704918,-0.3442622950819672,0.0778688524590164,-0.38114754098360654,0.2581967213114754,-0.4098360655737705,0.1885245901639344,-0.3442622950819672,0.16393442622950818,-0.28688524590163933,0.1557377049180328
5,0.0,0.0,0.01990049751243781,-0.25870646766169153,0.14925373134328357,-0.4527363184079602,0.32338308457711445,-0.5671641791044776,0.44776119402985076,-0.6766169154228856,0.4129353233830846,-0.46766169154228854,0.4925373134328358,-0.43283582089552236,0.40298507462686567,-0.3482587064676617,0.31840796019900497,-0.30845771144278605,0.48258706467661694,-0.3283582089552239,0.4925373134328358,-0.2885572139303483,0.373134328358209,-0.23383084577114427,0.2835820895522388,-0.21393034825870647,0.5174129353233831,-0.17412935323383086,0.5223880597014925,-0.15422885572139303,0.39303482587064675,-0.11442786069651742,0.2935323383084577,-0.1044776119402985,0.5422885572139303,-0.029850746268656716,0.746268656716418,-0.08955223880597014,0.8805970149253731,-0.11940298507462686,1.0,-0.15422885572139303,0.0,0.0,-0.13168724279835392,-0.205761316872428,-0.2716049382716049,-0.3168724279835391,-0.3950617283950617,-0.4403292181069959,-0.4567901234567901,-0.5596707818930041,-0.4897119341563786,-0.13168724279835392,-0.7448559670781894,-0.04526748971193416,-0.8888888888888888,0.00823045267489712,-1.0,0.04938271604938271,-0.4897119341563786,0.03292181069958848,-0.5720164609053497,0.012345679012345678,-0.5020576131687243,-0.00823045267489712,-0.4156378600823045,-0.02880658436213992,-0.4444444444444444,0.1522633744855967,-0.4732510288065844,0.09465020576131687,-0.411522633744856,0.06995884773662552,-0.3374485596707819,0.06584362139917696,-0.3868312757201646,0.2551440329218107,-0.40329218106995884,0.18106995884773663,-0.345679012345679,0.15637860082304528,-0.2880658436213992,0.14814814814814814
5,0.0,0.0,0.02512562814070352,-0.25125628140703515,0.15577889447236182,-0.45226130653266333,0.33668341708542715,-0.5577889447236181,0.45226130653266333,-0.6683417085427136,0.4120603015075377,-0.46733668341708545,0.5276381909547738,-0.3969849246231156,0.4371859296482412,-0.32160804020100503,0.3417085427135678,-0.3065326633165829,0.4824120603015075,-0.33668341708542715,0.5376884422110553,-0.27638190954773867,0.4221105527638191,-0.22613065326633167,0.32663316582914576,-0.21608040201005024,0.5175879396984925,-0.18592964824120603,0.5778894472361809,-0.16080402010050251,0.46733668341708545,-0.1306532663316583,0.36180904522613067,-0.12060301507537688,0.542713567839196,-0.04020100502512563,0.7537688442211056,-0.09045226130653267,0.8894472361809045,-0.11557788944723618,1.0,-0.1457286432160804,0.0,0.0,-0.12554112554112554,-0.20346320346320346,-0.27705627705627706,-0.2987012987012987,-0.38961038961038963,-0.4199134199134199,-0.45021645021645024,-0.5367965367965368,-0.4805194805194805,-0.1341991341991342,-0.7316017316017316,-0.05627705627705628,-0.8831168831168831,-0.004329004329004329,-1.0,0.04329004329004329,-0.48917748917748916,0.017316017316017316,-0.5324675324675324,0.012987012987012988,-0.45021645021645024,-0.008658008658008658,-0.3722943722943723,-0.021645021645021644,-0.43722943722943725,0.1471861471861472,-0.46320346320346323,0.10822510822510822,-0.4025974025974026,0.09523809523809523,-0.329004329004329,0.09090909090909091,-0.38961038961038963,0.2554112554112554,-0.4155844155844156,0.2077922077922078,-0.354978354978355,0.18614718614718614,-0.29004329004329005,0.17316017316017315
5,0.0,0.0,0.010416666666666666,-0.2708333333333333,0.140625,-0.4635416666666667,0.3177083333333333,-0.5677083333333334,0.4479166666666667,-0.6614583333333334,0.3958333333333333,-0.4375,0.4166666666666667,-0.453125,0.3229166666666667,-0.4010416666666667,0.24479166666666666,-0.359375,0.46875,-0.3125,0.46875,-0.34375,0.3697916666666667,-0.3020833333333333,0.296875,-0.265625,0.5104166666666666,-0.171875,0.5416666666666666,-0.22395833333333334,0.4322916666666667,-0.19791666666666666,0.34375,-0.16666666666666666,0.5364583333333334,-0.041666666666666664,0.75,-0.08854166666666667,0.8854166666666666,-0.109375,1.0,-0.13020833333333334,0.0,0.0,-0.1322314049586777,-0.19421487603305784,-0.30165289256198347,-0.2809917355371901,-0.39669421487603307,-0.39669421487603307,-0.44214876033057854,-0.5,-0.49586776859504134,-0.14049586776859505,-0.7396694214876033,-0.045454545454545456,-0.8842975206611571,0.0,-1.0,0.03305785123966942,-0.49586776859504134,-0.004132231404958678,-0.5661157024793388,0.028925619834710745,-0.48760330578512395,0.01652892561983471,-0.40082644628099173,-0.008264462809917356,-0.4462809917355372,0.12396694214876033,-0.49586776859504134,0.1115702479338843,-0.4297520661157025,0.10330578512396695,-0.3512396694214876,0.09504132231404959,-0.3884297520661157,0.23140495867768596,-0.4380165289256198,0.21487603305785125,-0.3760330578512397,0.19421487603305784,-0.30991735537190085,0.1859504132231405
5,0.0,0.0,0.03,-0.245,0.16,-0.425,0.345,-0.52,0.46,-0.615,0.4,-0.45,0.44,-0.335,0.35,-0.27,0.265,-0.265,0.485,-0.33,0.49,-0.225,0.375,-0.175,0.285,-0.17,0.525,-0.185,0.555,-0.12,0.445,-0.08,0.35,-0.07,0.545,-0.045,0.755,-0.09,0.885,-0.105,1.0,-0.125,0.0,0.0,-0.14285714285714285,-0.18775510204081633,-0.31020408163265306,-0.2938775510204082,-0.4163265306122449,-0.42448979591836733,-0.45714285714285713,-0.5510204081632653,-0.49387755102040815,-0.15918367346938775,-0.7387755102040816,-0.06938775510204082,-0.8816326530612245,-0.02040816326530612,-1.0,0.012244897959183673,-0.4897959183673469,-0.024489795918367346,-0.6163265306122448,0.053061224489795916,-0.5346938775510204,0.04081632653061224,-0.4448979591836735,0.00816326530612245,-0.4448979591836735,0.10204081632653061,-0.5551020408163265,0.1469387755102041,-0.4816326530612245,0.1306122448979592,-0.4,0.11020408163265306,-0.3836734693877551,0.20816326530612245,-0.4816326530612245,0.23265306122448978,-0.4204081632653061,0.20816326530612245,-0.3469387755102041,0.18775510204081633
5,0.0,0.0,0.03553299492385787,-0.233502538071066,0.16751269035532995,-0.41624365482233505,0.350253807106599,-0.5177664974619289,0.467005076142132,-0.6192893401015228,0.41116751269035534,-0.43147208121827413,0.4416243654822335,-0.3147208121827411,0.34517766497461927,-0.24873096446700507,0.25888324873096447,-0.2436548223350254,0.4873096446700508,-0.3096446700507614,0.49746192893401014,-0.19796954314720813,0.38578680203045684,-0.15228426395939088,0.29441624365482233,-0.14720812182741116,0.5279187817258884,-0.16751269035532995,0.5583756345177665,-0.09137055837563451,0.4517766497461929,-0.050761421319796954,0.3553299492385787,-0.050761421319796954,0.5431472081218274,-0.030456852791878174,0.751269035532995,-0.07106598984771574,0.8883248730964467,-0.09137055837563451,1.0,-0.1218274111675127,0.0,0.0,-0.14042553191489363,-0.18723404255319148,-0.30638297872340425,-0.3021276595744681,-0.4085106382978723,-0.4425531914893617,-0.4425531914893617,-0.5787234042553191,-0.49361702127659574,-0.1574468085106383,-0.7404255319148936,-0.06382978723404255,-0.8851063829787233,-0.02127659574468085,-1.0,0.01276595744680851,-0.48936170212765956,-0.01702127659574468,-0.6042553191489362,0.05531914893617021,-0.5191489361702127,0.03829787234042553,-0.425531914893617,0.00425531914893617,-0.4425531914893617,0.11063829787234042,-0.5404255319148936,0.15319148936170213,-0.46808510638297873,0.14042553191489363,-0.3829787234042553,0.1148936170212766,-0.3829787234042553,0.22127659574468084,-0.4765957446808511,0.2425531914893617,-0.40425531914893614,0.22127659574468084,-0.33617021276595743,0.2
5,0.0,0.0,0.02564102564102564,-0.2358974358974359,0.15384615384615385,-0.4307692307692308,0.3282051282051282,-0.5282051282051282,0.4512820512820513,-0.6307692307692307,0.38974358974358975,-0.4358974358974359,0.4512820512820513,-0.3487179487179487,0.35384615384615387,-0.29743589743589743,0.26666666666666666,-0.28717948717948716,0.46153846153846156,-0.3128205128205128,0.5025641025641026,-0.2358974358974359,0.39487179487179486,-0.19487179487179487,0.3128205128205128,-0.18461538461538463,0.49743589743589745,-0.16923076923076924,0.5692307692307692,-0.1282051282051282,0.4666666666666667,-0.09743589743589744,0.36923076923076925,-0.08717948717948718,0.517948717948718,-0.020512820512820513,0.7435897435897436,-0.06153846153846154,0.882051282051282,-0.09230769230769231,1.0,-0.1282051282051282,0.0,0.0,-0.1487603305785124,-0.19008264462809918,-0.30578512396694213,-0.26859504132231404,-0.4090909090909091,-0.371900826446281,-0.45454545454545453,-0.47107438016528924,-0.49586776859504134,-0.13636363636363635,-0.7355371900826446,-0.049586776859504134,-0.8801652892561983,-0.004132231404958678,-1.0,0.03305785123966942,-0.48760330578512395,0.0,-0.5826446280991735,0.04132231404958678,-0.5041322314049587,0.02066115702479339,-0.4214876033057851,-0.008264462809917356,-0.4380165289256198,0.12396694214876033,-0.5041322314049587,0.12396694214876033,-0.44214876033057854,0.1115702479338843,-0.36363636363636365,0.09917355371900827,-0.384297520661157,0.23140495867768596,-0.44214876033057854,0.2190082644628099,-0.38016528925619836,0.19834710743801653,-0.3140495867768595,0.1859504132231405
5,0.0,0.0,0.03553299492385787,-0.22842639593908629,0.16751269035532995,-0.4263959390862944,0.3553299492385787,-0.5279187817258884,0.4720812182741117,-0.6294416243654822,0.41116751269035534,-0.4517766497461929,0.5177664974619289,-0.3350253807106599,0.4213197969543147,-0.24873096446700507,0.3248730964467005,-0.2436548223350254,0.47715736040609136,-0.3147208121827411,0.5279187817258884,-0.20304568527918782,0.41116751269035534,-0.14720812182741116,0.30456852791878175,-0.14720812182741116,0.5126903553299492,-0.15736040609137056,0.5634517766497462,-0.07614213197969544,0.4467005076142132,-0.03553299492385787,0.3401015228426396,-0.04060913705583756,0.5329949238578681,-0.005076142131979695,0.7461928934010152,-0.05583756345177665,0.883248730964467,-0.08121827411167512,1.0,-0.116751269035533,0.0,0.0,-0.1375,-0.2125,-0.2875,-0.2916666666666667,-0.3958333333333333,-0.36666666666666664,-0.4583333333333333,-0.42083333333333334,-0.49583333333333335,-0.14583333333333334,-0.7375,-0.0625,-0.8833333333333333,-0.016666666666666666,-1.0,0.020833333333333332,-0.5083333333333333,0.0,-0.5583333333333333,0.004166666666666667,-0.4791666666666667,-0.008333333333333333,-0.4,-0.020833333333333332,-0.4625,0.12916666666666668,-0.475,0.0875,-0.4125,0.07916666666666666,-0.3375,0.07916666666666666,-0.4083333333333333,0.23333333333333334,-0.42083333333333334,0.19166666666666668,-0.3625,0.17083333333333334,-0.3,0.1625
5,0.0,0.0,0.04020100502512563,-0.23115577889447236,0.1708542713567839,-0.4271356783919598,0.35175879396984927,-0.5226130653266332,0.4723618090452261,-0.6231155778894473,0.4020100502512563,-0.4472361809045226,0.5226130653266332,-0.33668341708542715,0.4271356783919598,-0.2562814070351759,0.32663316582914576,-0.24623115577889448,0.4723618090452261,-0.31155778894472363,0.5276381909547738,-0.21105527638190955,0.40703517587939697,-0.1507537688442211,0.3065326633165829,-0.1507537688442211,0.507537688442211,-0.16080402010050251,0.5577889447236181,-0.08040201005025126,0.44221105527638194,-0.04020100502512563,0.33668341708542715,-0.04020100502512563,0.5276381909547738,-0.010050251256281407,0.7437185929648241,-0.06030150753768844,0.8844221105527639,-0.09045226130653267,1.0,-0.12060301507537688,0.0,0.0,-0.128099173553719,-0.21487603305785125,-0.2768595041322314,-0.30165289256198347,-0.39669421487603307,-0.3760330578512397,-0.4669421487603306,-0.44214876033057854,-0.49586776859504134,-0.15289256198347106,-0.7396694214876033,-0.07024793388429752,-0.8842975206611571,-0.024793388429752067,-1.0,0.012396694214876033,-0.5082644628099173,-0.004132231404958678,-0.5619834710743802,0.004132231404958678,-0.48760330578512395,-0.012396694214876033,-0.4049586776859504,-0.03305785123966942,-0.45867768595041325,0.11983471074380166,-0.47520661157024796,0.07851239669421488,-0.4132231404958678,0.07024793388429752,-0.33884297520661155,0.06611570247933884,-0.4049586776859504,0.2231404958677686,-0.4214876033057851,0.18181818181818182,-0.359504132231405,0.16115702479338842,-0.2975206611570248,0.1487603305785124
